order_id,customer_id,order_date,warehouse,origin_city,destination_city,distance_km,product_category,quantity,weight_kg,shipping_mode,delivery_partner,shipping_cost,fuel_cost,warehouse_processing_hours,dispatch_date,expected_delivery_date,actual_delivery_date,delivery_status,customer_rating,damage_flag,return_flag,delivery_days,delay_days,cost_per_km,total_logistics_cost,on_time_flag
ORD101253,CUST12780,2025-03-12,Bengaluru,Bengaluru,Chennai,451.7,Home & Kitchen,7,5.51,Road,Dtdc,2044.56,381.66,8.36,2025-03-14,2025-03-19,2025-03-24,Delayed,3.0,No,No,10,5,4.526367057781713,2426.22,0
ORD102838,CUST11842,2025-12-02,Delhi,Delhi,Surat,592.8,Automotive,1,1.05,Road,Delhivery,2582.7,385.02,10.33,2025-12-05,2025-12-12,2025-12-12,Delivered,4.0,No,No,7,0,4.356781376518219,2967.72,1
ORD103457,CUST10940,2025-04-21,Pune,Pune,Nagpur,191.9,Clothing,3,9.09,Rail,Shadowfax,817.23,185.83,8.88,2025-04-23,2025-04-28,2025-04-28,Delivered,5.0,No,No,5,0,4.258624283480979,1003.0600000000001,1
ORD100061,CUST10263,2025-02-21,Pune,Pune,Coimbatore,376.4,Clothing,7,1.34,Road,Blue Dart,1713.22,386.35,10.18,2025-02-24,2025-03-02,2025-03-04,Delayed,3.0,No,No,8,2,4.551594048884166,2099.57,0
ORD103947,CUST12467,2025-08-22,Mumbai,Mumbai,Delhi,895.3,Sports,5,3.95,Road,Xpressbees,3980.06,990.42,11.17,2025-08-24,2025-08-30,2025-08-30,Delivered,4.0,No,No,6,0,4.445504300234559,4970.48,1
ORD102587,CUST10647,2025-03-12,Chennai,Chennai,Delhi,528.5,Sports,5,3.2,Air,Shadowfax,4732.19,316.96,4.9,2025-03-13,2025-03-16,2025-03-16,Delivered,5.0,No,No,3,0,8.954001892147586,5049.15,1
ORD104185,CUST12046,2025-03-05,Pune,Pune,Visakhapatnam,849.0,Books,6,6.83,Road,Ecom Express,3884.61,882.45,6.88,2025-03-06,2025-03-13,2025-03-13,Delivered,4.0,No,No,7,0,4.575512367491166,4767.06,1
ORD103311,CUST11770,2025-11-09,Delhi,Delhi,Kolkata,579.9,Beauty,1,5.63,Road,Delhivery,2568.07,492.37,6.7,2025-11-12,2025-11-18,2025-11-18,Delivered,4.0,No,No,6,0,4.428470425935506,3060.44,1
ORD100567,CUST10394,2025-02-17,Hyderabad,Hyderabad,Pune,480.1,Clothing,2,2.0,Air,Ecom Express,4515.79,343.26,9.68,2025-02-19,2025-02-22,2025-02-22,Delivered,4.0,No,No,3,0,9.405936263278484,4859.05,1
ORD104497,CUST10036,2025-09-19,Pune,Pune,Hyderabad,317.4,Automotive,6,1.99,Rail,Ecom Express,1063.3,270.19,11.8,2025-09-21,2025-09-28,2025-10-03,Delayed,3.0,No,No,12,5,3.3500315059861374,1333.49,0
ORD100306,CUST12173,2025-05-09,Mumbai,Mumbai,Lucknow,189.2,Books,1,1.96,Road,Dtdc,832.94,207.06,6.27,2025-05-11,2025-05-17,2025-05-18,Delayed,5.0,No,No,7,1,4.402431289640592,1040.0,0
ORD100023,CUST12214,2025-07-01,Delhi,Delhi,Indore,632.0,Home & Kitchen,5,16.09,Road,Delhivery,2975.35,513.6,8.01,2025-07-03,2025-07-08,2025-07-15,Delayed,4.0,No,No,12,7,4.707832278481012,3488.95,0
ORD101665,CUST12064,2025-11-30,Mumbai,Mumbai,Delhi,74.0,Home & Kitchen,6,5.14,Express,Blue Dart,612.19,36.88,8.5,2025-12-02,2025-12-05,2025-12-05,Delivered,4.0,No,No,3,0,8.272837837837839,649.07,1
ORD103486,CUST11324,2025-02-07,Pune,Pune,Lucknow,427.8,Books,3,9.52,Road,Blue Dart,2041.98,231.62,8.13,2025-02-09,2025-02-14,2025-02-18,Delayed,5.0,No,No,9,4,4.773211781206171,2273.6,0
ORD101934,CUST10217,2025-02-23,Mumbai,Mumbai,Visakhapatnam,595.4,Beauty,3,1.7,Road,Xpressbees,2431.97,636.94,7.56,2025-02-25,2025-03-03,2025-03-06,Delayed,3.0,No,No,9,3,4.0845985891837415,3068.91,0
ORD103450,CUST11753,2025-06-23,Delhi,Delhi,Indore,326.1,Beauty,3,3.85,Express,Delhivery,2409.22,354.71,7.83,2025-06-26,2025-06-29,2025-06-29,Delivered,4.0,No,No,3,0,7.387979147500766,2763.93,1
ORD100304,CUST12769,2025-04-21,Chennai,Chennai,Bengaluru,522.2,Automotive,2,7.07,Road,Xpressbees,2271.74,437.19,6.95,2025-04-23,2025-04-29,2025-04-29,Delivered,5.0,No,Yes,6,0,4.350325545767904,2708.93,1
ORD102655,CUST11025,2025-04-27,Delhi,Delhi,Nagpur,263.7,Clothing,5,10.49,Road,Delhivery,1381.41,216.47,9.93,2025-04-30,2025-05-05,2025-05-05,Delivered,4.0,No,No,5,0,5.238566552901024,1597.88,1
ORD100034,CUST11683,2025-06-30,Pune,Pune,Indore,371.9,Books,1,10.48,Air,Xpressbees,3513.98,229.44,11.34,2025-07-03,2025-07-07,2025-07-07,Delivered,4.0,No,No,4,0,9.448722774939501,3743.42,1
ORD100996,CUST10563,2025-06-25,Hyderabad,Hyderabad,Jaipur,173.7,Sports,7,0.9,Road,Blue Dart,717.99,227.8,7.47,2025-06-27,2025-07-02,2025-07-02,Delivered,3.0,No,No,5,0,4.133506044905009,945.79,1
ORD100138,CUST10777,2025-06-03,Mumbai,Mumbai,Surat,620.2,Automotive,3,5.96,Express,Delhivery,4432.5,463.64,11.32,2025-06-06,2025-06-09,2025-06-09,Delivered,4.0,No,No,3,0,7.146888100612705,4896.14,1
ORD101397,CUST11497,2025-12-28,Hyderabad,Hyderabad,Coimbatore,714.7,Sports,6,3.99,Road,Ecom Express,3132.11,0.0,3.48,2025-12-30,2026-01-05,2026-01-07,Delayed,4.0,No,No,8,2,4.382412200923464,3132.11,0
ORD102441,CUST12748,2025-07-09,Bengaluru,Bengaluru,Kochi,458.7,Sports,1,8.28,Road,Xpressbees,2044.98,327.66,10.07,2025-07-12,2025-07-19,2025-07-25,Delayed,4.0,No,No,13,6,4.458207979071289,2372.64,0
ORD102726,CUST11107,2025-11-24,Pune,Pune,Visakhapatnam,129.8,Beauty,3,7.88,Rail,Ecom Express,727.57,139.93,8.29,2025-11-26,2025-12-01,2025-12-02,Delayed,4.0,No,No,6,1,5.605315870570108,867.5,0
ORD100925,CUST11812,2025-02-08,Pune,Pune,Nagpur,445.6,Clothing,3,5.12,Road,Blue Dart,2006.71,281.06,7.62,2025-02-10,2025-02-16,2025-02-16,Delivered,4.0,No,No,6,0,4.50338868940754,2287.77,1
ORD101234,CUST12132,2025-10-25,Hyderabad,Hyderabad,Coimbatore,441.3,Books,7,0.58,Rail,Xpressbees,1571.12,322.37,7.44,2025-10-26,2025-11-02,2025-11-04,Delayed,4.0,No,No,9,2,3.560208474960344,1893.4899999999998,0
ORD103589,CUST11279,2025-02-21,Delhi,Delhi,Visakhapatnam,126.5,Electronics,1,4.98,Road,Blue Dart,599.5,113.4,8.46,2025-02-24,2025-03-01,2025-03-01,Delivered,4.0,No,No,5,0,4.739130434782608,712.9,1
ORD104336,CUST10521,2025-01-28,Chennai,Chennai,Indore,476.7,Electronics,6,1.9,Road,Xpressbees,2131.42,451.86,8.53,2025-01-30,2025-02-05,2025-02-05,Delivered,4.0,No,No,6,0,4.471197818334383,2583.28,1
ORD103819,CUST10511,2025-05-08,Pune,Pune,Visakhapatnam,512.6,Books,5,2.31,Road,Xpressbees,2138.84,341.43,5.28,2025-05-10,2025-05-17,2025-05-17,Delivered,4.0,No,No,7,0,4.172532188841202,2480.27,1
ORD102700,CUST12270,2025-08-11,Hyderabad,Hyderabad,Nagpur,609.3,Grocery,3,1.75,Rail,Blue Dart,1945.59,447.44,6.97,2025-08-13,2025-08-20,2025-08-26,Delayed,3.0,No,No,13,6,3.1931560807484,2393.0299999999997,0
ORD102060,CUST12026,2025-05-24,Delhi,Delhi,Kolkata,413.5,Home & Kitchen,7,7.5,Road,Shadowfax,2030.92,332.09,12.61,2025-05-27,2025-06-02,2025-06-02,Delivered,5.0,No,No,6,0,4.911535671100363,2363.01,1
ORD101893,CUST11534,2025-08-16,Hyderabad,Hyderabad,Jaipur,291.1,Automotive,3,1.22,Air,Delhivery,2730.05,317.63,8.84,2025-08-19,2025-08-20,2025-08-20,Delivered,5.0,No,No,1,0,9.378392305049811,3047.6800000000003,1
ORD103207,CUST11235,2025-02-01,Chennai,Chennai,Bhopal,154.6,Beauty,3,4.46,Express,Ecom Express,1224.66,81.71,9.18,2025-02-04,2025-02-07,2025-02-07,Delivered,5.0,No,No,3,0,7.921474773609315,1306.3700000000001,1
ORD104371,CUST12728,2025-03-08,Delhi,Delhi,Lucknow,319.7,Clothing,6,2.97,Road,Blue Dart,1615.58,236.8,8.96,2025-03-10,2025-03-15,2025-03-15,Delivered,5.0,No,No,5,0,5.053425086018142,1852.3799999999999,1
ORD102198,CUST12728,2025-02-06,Chennai,Chennai,Surat,90.1,Grocery,4,4.43,Air,Xpressbees,928.7,118.23,7.59,2025-02-08,2025-02-10,2025-02-10,Delivered,4.0,No,No,2,0,10.307436182019979,1046.93,1
ORD103449,CUST12128,2025-02-23,Bengaluru,Bengaluru,Nagpur,1278.2,Home & Kitchen,2,4.24,Express,Delhivery,8969.31,1420.68,10.85,2025-02-26,2025-03-05,2025-03-05,Delivered,4.0,No,No,7,0,7.0171412924424965,10389.99,1
ORD100221,CUST11412,2025-04-06,Pune,Pune,Vijayawada,610.0,Sports,3,8.12,Air,Xpressbees,5583.72,408.28,8.06,2025-04-08,2025-04-11,2025-04-12,Delayed,3.0,No,Yes,4,1,9.153639344262295,5992.0,0
ORD104461,CUST11511,2025-12-25,Delhi,Delhi,Hyderabad,97.0,Clothing,6,12.66,Road,Dtdc,745.99,104.23,4.36,2025-12-26,2025-12-31,2025-12-31,Delivered,5.0,No,No,5,0,7.690618556701031,850.22,1
ORD101641,CUST12056,2025-02-02,Mumbai,Mumbai,Visakhapatnam,766.1,Automotive,4,2.19,Air,Shadowfax,6933.83,658.55,11.53,2025-02-05,2025-02-08,2025-02-08,Delivered,4.0,No,No,3,0,9.050815820388983,7592.38,1
ORD103155,CUST11306,2025-11-03,Delhi,Delhi,Chennai,132.1,Clothing,1,4.03,Air,Delhivery,1385.97,107.57,14.48,2025-11-06,2025-11-09,2025-11-09,Delivered,5.0,No,No,3,0,10.491824375473128,1493.54,1
ORD102035,CUST10735,2025-10-10,Bengaluru,Bengaluru,Ahmedabad,53.2,Books,5,5.28,Road,Delhivery,351.47,49.95,6.17,2025-10-12,2025-10-18,2025-10-18,Delivered,5.0,No,No,6,0,6.606578947368421,401.42,1
ORD102113,CUST12605,2025-07-24,Mumbai,Mumbai,Bhopal,209.7,Sports,2,3.89,Road,Ecom Express,845.99,226.41,7.88,2025-07-26,2025-07-31,2025-07-31,Delivered,4.0,No,No,5,0,4.034287076776347,1072.4,1
ORD101204,CUST10914,2025-02-20,Hyderabad,Hyderabad,Visakhapatnam,63.4,Clothing,3,6.82,Air,Shadowfax,690.19,39.01,7.78,2025-02-22,2025-02-24,2025-02-24,Delivered,5.0,No,No,2,0,10.886277602523661,729.2,1
ORD103198,CUST10245,2025-07-10,Chennai,Chennai,Pune,235.4,Grocery,2,6.39,Road,Blue Dart,1085.38,221.5,8.42,2025-07-13,2025-07-18,2025-07-25,Delayed,4.0,No,No,12,7,4.610790144435005,1306.88,0
ORD102898,CUST11762,2025-02-10,Bengaluru,Bengaluru,Pune,443.9,Home & Kitchen,7,9.7,Road,Ecom Express,1976.97,485.39,2.95,2025-02-13,2025-02-19,2025-02-19,Delivered,5.0,No,No,6,0,4.453638206803334,2462.36,1
ORD100228,CUST10174,2025-09-21,Bengaluru,Bengaluru,Lucknow,175.1,Home & Kitchen,6,5.29,Road,Ecom Express,938.91,229.78,9.54,2025-09-24,2025-09-29,2025-09-29,Delivered,5.0,No,No,5,0,5.362135922330097,1168.69,1
ORD103331,CUST12683,2025-10-28,Delhi,Delhi,Pune,526.1,Home & Kitchen,6,1.02,Road,Dtdc,2177.93,593.37,8.94,2025-10-30,2025-11-03,2025-11-03,Delivered,4.0,No,No,4,0,4.1397643033643785,2771.2999999999997,1
ORD102303,CUST11852,2025-09-06,Chennai,Chennai,Kochi,604.1,Electronics,2,1.11,Rail,Xpressbees,0.0,563.76,6.9,2025-09-07,2025-09-14,2025-09-21,Delayed,3.0,No,No,14,7,0.0,563.76,0
ORD101272,CUST11376,2025-05-23,Pune,Pune,Lucknow,189.2,Grocery,1,0.62,Air,Blue Dart,1627.36,165.03,9.43,2025-05-26,2025-05-30,2025-05-30,Delivered,4.0,No,No,4,0,8.601268498942918,1792.3899999999999,1
ORD103342,CUST11343,2025-08-13,Bengaluru,Bengaluru,Hyderabad,280.3,Electronics,2,2.69,Air,Ecom Express,2751.47,277.83,10.96,2025-08-16,2025-08-20,2025-08-20,Delivered,4.0,No,No,4,0,9.81616125579736,3029.2999999999997,1
ORD100072,CUST10648,2025-08-13,Bengaluru,Bengaluru,Pune,402.2,Clothing,3,4.82,Road,Blue Dart,1829.29,325.58,6.81,2025-08-15,2025-08-19,2025-08-19,Delivered,3.0,No,No,4,0,4.548209845847837,2154.87,1
ORD102203,CUST12685,2025-11-30,Delhi,Delhi,Mumbai,502.4,Books,4,3.41,Air,Shadowfax,4566.21,528.35,9.65,2025-12-03,2025-12-07,2025-12-08,Delayed,3.0,No,No,5,1,9.088793789808918,5094.56,0
ORD102814,CUST12362,2025-12-29,Hyderabad,Hyderabad,Bhopal,856.2,Home & Kitchen,2,1.97,Road,Blue Dart,3595.31,991.72,7.8,2025-12-31,2026-01-05,2026-01-05,Delivered,5.0,No,No,5,0,4.199147395468348,4587.03,1
ORD103630,CUST12347,2025-05-02,Delhi,Delhi,Nagpur,534.5,Sports,1,2.66,Express,Ecom Express,3704.23,513.96,11.56,2025-05-05,2025-05-07,2025-05-07,Delivered,4.0,No,No,2,0,6.930271281571562,4218.1900000000005,1
ORD103518,CUST11166,2025-01-24,Chennai,Chennai,Lucknow,331.4,Sports,7,18.03,Rail,Dtdc,1416.62,296.5,8.07,2025-01-27,2025-02-02,2025-02-02,Delivered,4.0,No,No,6,0,4.274652987326494,1713.12,1
ORD101448,CUST12735,2025-10-14,Hyderabad,Hyderabad,Bhopal,837.0,Grocery,5,6.47,Rail,Shadowfax,2916.22,855.35,6.35,2025-10-16,2025-10-24,2025-10-24,Delivered,4.0,No,No,8,0,3.4841338112305853,3771.5699999999997,1
ORD103165,CUST12315,2025-06-11,Chennai,Chennai,Lucknow,458.3,Electronics,1,1.19,Road,Ecom Express,2059.05,429.67,6.9,2025-06-13,2025-06-18,2025-06-25,Delayed,4.0,No,No,12,7,4.492799476325551,2488.7200000000003,0
ORD101864,CUST12519,2025-06-20,Pune,Pune,Kochi,895.7,Electronics,7,5.64,Road,Dtdc,3915.89,927.71,13.75,2025-06-23,2025-06-30,2025-06-30,Delivered,4.0,No,No,7,0,4.371876744445685,4843.6,1
ORD104628,CUST10754,2025-05-02,Hyderabad,Hyderabad,Ahmedabad,626.5,Grocery,2,4.38,Road,Xpressbees,2794.61,432.92,6.81,2025-05-05,2025-05-11,2025-05-16,Delayed,4.0,No,No,11,5,4.460670391061453,3227.53,0
ORD103975,CUST12049,2025-04-27,Chennai,Chennai,Lucknow,402.0,Electronics,7,2.86,Air,Dtdc,3783.79,399.96,8.49,2025-04-28,2025-05-01,2025-05-01,Delivered,5.0,No,No,3,0,9.412412935323383,4183.75,1
ORD103799,CUST10655,2025-05-26,Bengaluru,Bengaluru,Surat,129.1,Books,1,13.32,Air,Blue Dart,1403.21,147.02,10.27,2025-05-28,2025-05-31,2025-05-31,Delivered,5.0,No,No,3,0,10.869171185127808,1550.23,1
ORD104862,CUST12406,2025-09-01,Bengaluru,Bengaluru,Chennai,701.3,Books,1,7.51,Road,Delhivery,2949.81,438.27,6.82,2025-09-03,2025-09-11,2025-09-11,Delivered,4.0,No,Yes,8,0,4.206202766291174,3388.08,1
ORD100235,CUST10197,2025-03-02,Pune,Pune,Ahmedabad,328.3,Home & Kitchen,5,8.78,Air,Xpressbees,3224.05,288.75,12.74,2025-03-05,2025-03-08,2025-03-08,Delivered,5.0,No,No,3,0,9.820438623210478,3512.8,1
ORD104980,CUST10793,2025-12-09,Bengaluru,Bengaluru,Chennai,516.2,Electronics,2,5.88,Road,Blue Dart,2332.99,497.5,8.5,2025-12-12,2025-12-17,2025-12-17,Delivered,5.0,No,No,5,0,4.519546687330491,2830.49,1
ORD104173,CUST12679,2025-11-30,Mumbai,Mumbai,Nagpur,329.3,Books,3,4.67,Rail,Delhivery,1128.47,347.18,7.77,2025-12-02,2025-12-09,2025-12-09,Delivered,5.0,No,No,7,0,3.426875189796538,1475.65,1
ORD101260,CUST11482,2025-08-26,Delhi,Delhi,Pune,380.6,Grocery,7,16.42,Road,Delhivery,2092.56,192.88,9.38,2025-08-28,2025-09-01,2025-09-01,Delivered,5.0,No,No,4,0,5.498055701523909,2285.44,1
ORD104595,CUST12427,2025-05-27,Pune,Pune,Delhi,616.3,Electronics,4,1.97,Express,Xpressbees,4309.54,490.48,6.28,2025-05-29,2025-05-31,2025-06-02,Delayed,3.0,No,No,4,2,6.99260100600357,4800.02,0
ORD100299,CUST11366,2025-08-30,Hyderabad,Hyderabad,Pune,429.5,Books,4,3.46,Air,Delhivery,4002.51,605.9,10.69,2025-09-01,2025-09-04,2025-09-04,Delivered,4.0,No,No,3,0,9.318998835855647,4608.41,1
ORD100376,CUST11527,2025-08-31,Chennai,Chennai,Kolkata,212.8,Home & Kitchen,6,10.14,Road,Ecom Express,1109.82,0.0,7.74,2025-09-03,2025-09-08,2025-09-12,Delayed,4.0,No,No,9,4,5.21531954887218,1109.82,0
ORD102328,CUST12629,2025-01-08,Hyderabad,Hyderabad,Coimbatore,115.7,Sports,6,4.86,Road,Dtdc,813.71,93.92,9.5,2025-01-11,2025-01-16,2025-01-16,Delivered,4.0,No,No,5,0,7.032929991356958,907.63,1
ORD104133,CUST10462,2025-11-17,Pune,Pune,Bengaluru,389.5,Sports,7,2.14,Air,Ecom Express,3566.55,351.25,8.85,2025-11-19,2025-11-23,2025-11-23,Delivered,5.0,No,No,4,0,9.156739409499359,3917.8,1
ORD100526,CUST12723,2025-06-19,Pune,Pune,Mumbai,136.4,Beauty,6,9.93,Road,Xpressbees,834.15,66.56,6.3,2025-06-21,2025-06-25,2025-06-28,Delayed,4.0,No,No,7,3,6.1154692082111435,900.71,0
ORD100191,CUST10382,2025-07-12,Hyderabad,Hyderabad,Pune,305.4,Sports,2,6.39,Road,Shadowfax,1442.0,235.73,3.79,2025-07-14,2025-07-20,2025-07-20,Delivered,4.0,No,No,6,0,4.721676489849378,1677.73,1
ORD102161,CUST10009,2025-06-01,Bengaluru,Bengaluru,Chennai,472.1,Automotive,5,4.6,Air,Shadowfax,4399.75,327.61,10.28,2025-06-04,2025-06-06,2025-06-06,Delivered,4.0,No,No,2,0,9.319529760643931,4727.36,1
ORD102319,CUST10723,2025-03-30,Mumbai,Mumbai,Chennai,98.7,Home & Kitchen,2,10.37,Rail,Xpressbees,347.63,63.07,12.64,2025-04-01,2025-04-06,2025-04-06,Delivered,4.0,No,No,5,0,3.5220871327254306,410.7,1
ORD102507,CUST12205,2025-09-29,Bengaluru,Bengaluru,Surat,299.1,Sports,3,4.91,Road,Dtdc,1404.53,187.28,9.36,2025-10-02,2025-10-07,2025-10-07,Delivered,3.0,No,No,5,0,4.6958542293547305,1591.81,1
ORD100894,CUST10493,2025-11-18,Bengaluru,Bengaluru,Lucknow,87.6,Clothing,6,1.25,Road,Dtdc,535.32,132.19,6.51,2025-11-19,2025-11-21,2025-11-21,Delivered,5.0,No,No,2,0,6.11095890410959,667.51,1
ORD102033,CUST11304,2025-04-08,Bengaluru,Bengaluru,Lucknow,1029.4,Books,7,13.64,Rail,Shadowfax,3714.12,728.46,7.42,2025-04-09,2025-04-16,2025-04-16,Delivered,5.0,No,No,7,0,3.6080435204973766,4442.58,1
ORD101668,CUST10511,2025-04-21,Hyderabad,Hyderabad,Bhopal,416.8,Clothing,3,4.49,Road,Xpressbees,1789.77,448.08,8.83,2025-04-23,2025-04-28,2025-04-28,Delivered,4.0,No,No,5,0,4.294073896353167,2237.85,1
ORD104849,CUST11038,2025-03-20,Delhi,Delhi,Hyderabad,153.9,Electronics,1,2.74,Air,Dtdc,1369.66,86.78,8.3,2025-03-23,2025-03-25,2025-03-25,Delivered,5.0,No,No,2,0,8.899675113710202,1456.44,1
ORD104854,CUST10912,2025-12-25,Mumbai,Mumbai,Visakhapatnam,252.1,Grocery,3,0.58,Rail,Shadowfax,852.15,233.67,8.22,2025-12-28,2026-01-02,2026-01-03,Delayed,5.0,No,No,6,1,3.3802062673542244,1085.82,0
ORD101114,CUST12474,2025-12-10,Mumbai,Mumbai,Pune,597.2,Home & Kitchen,1,1.58,Road,Blue Dart,2533.59,639.01,8.05,2025-12-12,2025-12-18,2025-12-18,Delivered,4.0,No,No,6,0,4.242448091091761,3172.6000000000004,1
ORD100244,CUST12085,2025-10-14,Bengaluru,Bengaluru,Jaipur,474.4,Sports,1,4.87,Road,Shadowfax,2065.74,404.59,9.63,2025-10-16,2025-10-21,2025-10-21,Delivered,4.0,No,No,5,0,4.354426644182125,2470.33,1
ORD100971,CUST11863,2025-05-05,Pune,Pune,Vijayawada,152.0,Sports,1,6.6,Air,Delhivery,1508.48,83.77,10.68,2025-05-08,2025-05-11,2025-05-11,Delivered,4.0,No,No,3,0,9.92421052631579,1592.25,1
ORD101944,CUST11350,2025-03-11,Hyderabad,Hyderabad,Bhopal,931.8,Automotive,4,5.55,Road,Delhivery,4000.83,662.44,8.45,2025-03-13,2025-03-18,2025-03-21,Delayed,3.0,No,No,8,3,4.293657437218287,4663.27,0
ORD104151,CUST10515,2025-05-17,Delhi,Delhi,Ahmedabad,158.1,Beauty,3,2.52,Road,Dtdc,754.3,126.26,7.03,2025-05-19,2025-05-25,2025-05-25,Delivered,4.0,No,No,6,0,4.771030993042378,880.56,1
ORD103608,CUST10775,2025-01-07,Bengaluru,Bengaluru,Mumbai,364.3,Beauty,7,5.73,Rail,Blue Dart,1284.22,422.4,10.56,2025-01-10,2025-01-16,2025-01-16,Delivered,4.0,No,No,6,0,3.5251715618995334,1706.62,1
ORD101856,CUST10320,2025-08-22,Chennai,Chennai,Visakhapatnam,787.1,Books,5,2.89,Road,Blue Dart,3524.97,0.0,9.79,2025-08-24,2025-08-31,2025-08-31,Delivered,4.0,No,Yes,7,0,4.478427137593698,3524.97,1
ORD100368,CUST11112,2025-08-01,Chennai,Chennai,Kolkata,143.0,Clothing,1,2.56,Air,Dtdc,1347.07,168.19,8.18,2025-08-03,2025-08-06,2025-08-06,Delivered,4.0,No,No,3,0,9.42006993006993,1515.26,1
ORD102299,CUST12754,2025-05-06,Chennai,Chennai,Bhopal,128.1,Beauty,2,15.78,Rail,Xpressbees,696.31,149.94,7.41,2025-05-08,2025-05-14,2025-05-14,Delivered,5.0,Yes,No,6,0,5.43567525370804,846.25,1
ORD101271,CUST12593,2025-07-27,Hyderabad,Hyderabad,Bhopal,175.7,Home & Kitchen,5,1.63,Road,Xpressbees,795.21,175.74,7.61,2025-07-29,2025-08-04,2025-08-04,Delivered,4.0,No,No,6,0,4.5259533295389875,970.95,1
ORD100879,CUST12533,2025-11-17,Bengaluru,Bengaluru,Indore,171.1,Automotive,4,5.82,Road,Delhivery,893.48,102.03,8.54,2025-11-19,2025-11-24,2025-11-26,Delayed,3.0,No,No,7,2,5.221975452951491,995.51,0
ORD103122,CUST11951,2025-06-15,Mumbai,Mumbai,Pune,270.4,Electronics,6,5.23,Rail,Dtdc,916.32,259.18,10.42,2025-06-18,2025-06-23,2025-06-26,Delayed,4.0,No,No,8,3,3.3887573964497046,1175.5,0
ORD100974,CUST12106,2025-08-11,Mumbai,Mumbai,Indore,515.3,Grocery,6,2.01,Road,Ecom Express,2310.48,581.42,10.61,2025-08-14,2025-08-19,2025-08-19,Delivered,4.0,No,No,5,0,4.483757034737047,2891.9,1
ORD100269,CUST12145,2025-04-30,Delhi,Delhi,Indore,480.3,Automotive,2,4.79,Rail,Xpressbees,1596.06,357.19,7.42,2025-05-02,2025-05-09,2025-05-09,Delivered,4.0,No,No,7,0,3.323048094940662,1953.25,1
ORD103743,CUST12375,2025-03-02,Pune,Pune,Surat,203.6,Books,7,2.87,Road,Ecom Express,1104.2,132.24,10.94,2025-03-05,2025-03-10,2025-03-10,Delivered,5.0,No,No,5,0,5.423379174852653,1236.44,1
ORD103725,CUST12450,2025-01-30,Mumbai,Mumbai,Visakhapatnam,206.4,Beauty,4,4.22,Rail,Ecom Express,823.89,221.48,11.63,2025-02-02,2025-02-07,2025-02-07,Delivered,4.0,No,No,5,0,3.9917151162790696,1045.37,1
ORD101152,CUST10321,2025-08-03,Delhi,Delhi,Delhi,184.4,Beauty,2,0.74,Rail,Ecom Express,772.56,163.45,8.82,2025-08-06,2025-08-12,2025-08-14,Delayed,3.0,No,No,8,2,4.189587852494577,936.01,0
ORD104479,CUST10351,2025-07-15,Mumbai,Mumbai,Coimbatore,256.4,Electronics,5,7.91,Road,Ecom Express,1290.54,297.55,12.79,2025-07-18,2025-07-24,2025-07-24,Delivered,4.0,No,No,6,0,5.033307332293292,1588.09,1
ORD102119,CUST10832,2025-03-08,Chennai,Chennai,Lucknow,341.1,Books,2,2.99,Road,Dtdc,1568.04,333.75,10.66,2025-03-11,2025-03-17,2025-03-17,Delivered,4.0,No,No,6,0,4.5970096745822335,1901.79,1
ORD104868,CUST10722,2025-02-28,Hyderabad,Hyderabad,Vijayawada,299.4,Books,6,7.76,Express,Delhivery,2324.06,289.99,5.06,2025-03-01,2025-03-04,2025-03-04,Delivered,3.0,No,No,3,0,7.762391449565799,2614.05,1
ORD100553,CUST11520,2025-09-12,Pune,Pune,Coimbatore,1169.8,Books,7,4.25,Air,Shadowfax,10763.92,824.14,10.48,2025-09-14,2025-09-20,2025-09-25,Delayed,4.0,No,No,11,5,9.201504530689007,11588.06,0
ORD102656,CUST10115,2025-06-26,Delhi,Delhi,Indore,87.0,Beauty,6,5.19,Road,Xpressbees,610.53,90.97,9.28,2025-06-29,2025-07-03,2025-07-03,Delivered,5.0,No,No,4,0,7.017586206896551,701.5,1
ORD101655,CUST12207,2025-09-23,Delhi,Delhi,Bhopal,199.9,Beauty,7,7.69,Road,Delhivery,1032.98,200.58,10.67,2025-09-27,2025-10-02,2025-10-02,Delivered,4.0,No,No,5,0,5.167483741870935,1233.56,1
ORD103386,CUST10381,2025-03-22,Hyderabad,Hyderabad,Kolkata,150.8,Clothing,5,5.04,Road,Xpressbees,692.55,160.54,6.75,2025-03-24,2025-03-29,2025-03-29,Delivered,5.0,No,No,5,0,4.5925066312997345,853.0899999999999,1
ORD104263,CUST12732,2025-03-21,Mumbai,Mumbai,Vijayawada,534.8,Home & Kitchen,7,12.41,Express,Shadowfax,4038.3,625.7,5.5,2025-03-23,2025-03-27,2025-03-27,Delivered,4.0,No,No,4,0,7.551047120418849,4664.0,1
ORD102922,CUST10433,2025-05-09,Hyderabad,Hyderabad,Chennai,88.8,Automotive,6,5.52,Road,Blue Dart,504.53,20.0,10.42,2025-05-12,2025-05-17,2025-05-17,Delivered,4.0,No,No,5,0,5.681644144144144,524.53,1
ORD101449,CUST10237,2025-05-28,Pune,Pune,Lucknow,235.7,Electronics,6,5.92,Road,Shadowfax,1112.76,272.4,10.54,2025-05-30,2025-06-04,2025-06-04,Delivered,4.0,No,No,5,0,4.7210861264319055,1385.1599999999999,1
ORD100680,CUST11216,2025-08-31,Pune,Pune,Vijayawada,485.2,Home & Kitchen,1,4.9,Road,Dtdc,2223.72,396.75,6.5,2025-09-02,2025-09-07,2025-09-07,Delivered,4.0,No,No,5,0,4.583099752679307,2620.47,1
ORD102834,CUST12577,2025-05-26,Delhi,Delhi,Ahmedabad,596.6,Grocery,1,1.59,Air,Dtdc,5449.43,551.23,12.28,2025-05-29,2025-06-01,2025-06-01,Delivered,4.0,No,No,3,0,9.134143479718404,6000.66,1
ORD104906,CUST12611,2025-06-14,Pune,Pune,Kolkata,98.8,Electronics,1,18.75,Air,Ecom Express,1259.69,107.4,11.07,2025-06-16,2025-06-17,2025-06-17,Delivered,5.0,No,No,1,0,12.749898785425103,1367.0900000000001,1
ORD103430,CUST11211,2025-03-23,Delhi,Delhi,Chennai,136.9,Automotive,4,14.03,Road,Blue Dart,717.57,73.31,11.86,2025-03-26,2025-03-31,2025-03-31,Delivered,5.0,Yes,Yes,5,0,5.241563184806428,790.8800000000001,1
ORD102871,CUST11865,2025-03-30,Pune,Pune,Ahmedabad,331.0,Sports,3,4.58,Rail,Delhivery,1130.24,258.55,7.05,2025-04-01,2025-04-07,2025-04-07,Delivered,4.0,No,No,6,0,3.4146223564954683,1388.79,1
ORD103557,CUST10566,2025-07-12,Mumbai,Mumbai,Delhi,185.5,Books,5,6.77,Express,Xpressbees,1493.18,168.87,10.1,2025-07-14,2025-07-18,2025-07-18,Delivered,4.0,No,No,4,0,8.049487870619947,1662.0500000000002,1
ORD102823,CUST12065,2025-02-16,Mumbai,Mumbai,Indore,406.0,Electronics,1,2.86,Air,Ecom Express,3618.77,333.58,11.26,2025-02-18,2025-02-21,2025-02-21,Delivered,3.0,No,No,3,0,8.913226600985222,3952.35,1
ORD102682,CUST10289,2025-11-09,Chennai,Chennai,Kolkata,776.4,Electronics,3,2.01,Road,Xpressbees,3487.64,804.94,7.23,2025-11-11,2025-11-18,2025-11-19,Delayed,3.0,No,No,8,1,4.492065945388974,4292.58,0
ORD104380,CUST12715,2025-02-02,Hyderabad,Hyderabad,Coimbatore,393.5,Clothing,3,5.43,Road,Xpressbees,1786.93,447.68,5.38,2025-02-04,2025-02-10,2025-02-10,Delivered,4.0,No,No,6,0,4.541118170266836,2234.61,1
ORD100607,CUST10561,2025-05-16,Mumbai,Mumbai,Delhi,609.6,Clothing,3,2.21,Road,Xpressbees,2746.46,569.28,10.0,2025-05-19,2025-05-24,2025-05-24,Delivered,5.0,No,No,5,0,4.505347769028871,3315.74,1
ORD104852,CUST10034,2025-12-05,Mumbai,Mumbai,Lucknow,126.9,Beauty,5,17.85,Express,Delhivery,1336.92,86.66,8.76,2025-12-07,2025-12-10,2025-12-10,Delivered,5.0,No,No,3,0,10.535224586288416,1423.5800000000002,1
ORD101307,CUST10350,2025-02-21,Hyderabad,Hyderabad,Nagpur,614.0,Sports,4,1.63,Road,Xpressbees,2603.54,543.37,9.39,2025-02-24,2025-03-02,2025-03-02,Delivered,4.0,No,No,6,0,4.240293159609121,3146.91,1
ORD103654,CUST12512,2025-08-18,Bengaluru,Bengaluru,Mumbai,251.2,Clothing,4,3.92,Air,Delhivery,2341.51,336.87,9.04,2025-08-20,2025-08-23,2025-08-23,Delivered,4.0,No,Yes,3,0,9.321297770700639,2678.38,1
ORD102908,CUST10106,2025-01-18,Pune,Pune,Delhi,188.8,Books,1,13.13,Rail,Xpressbees,808.97,243.03,12.74,2025-01-21,2025-01-27,2025-01-27,Delivered,3.0,No,No,6,0,4.284798728813559,1052.0,1
ORD100833,CUST10997,2025-02-23,Delhi,Delhi,Bengaluru,331.7,Sports,6,10.62,Road,Xpressbees,1610.04,347.0,11.07,2025-02-26,2025-03-05,2025-03-05,Delivered,4.0,No,No,7,0,4.853904130238167,1957.04,1
ORD100677,CUST10463,2025-03-29,Hyderabad,Hyderabad,Pune,828.9,Books,6,4.26,Road,Xpressbees,3482.81,534.22,5.08,2025-03-31,2025-04-05,2025-04-05,Delivered,4.0,No,No,5,0,4.201725177946677,4017.0299999999997,1
ORD104800,CUST11019,2025-04-21,Delhi,Delhi,Pune,549.9,Electronics,3,5.26,Express,Dtdc,4117.57,532.04,10.61,2025-04-24,2025-04-28,2025-04-28,Delivered,5.0,No,No,4,0,7.487852336788507,4649.61,1
ORD100494,CUST10823,2025-09-20,Pune,Pune,Visakhapatnam,239.1,Electronics,5,2.12,Rail,Ecom Express,906.5,273.72,6.62,2025-09-22,2025-09-28,2025-09-28,Delivered,4.0,No,Yes,6,0,3.791300710999582,1180.22,1
ORD101174,CUST10756,2025-11-15,Bengaluru,Bengaluru,Kochi,746.1,Clothing,4,2.24,Air,Xpressbees,6782.18,623.57,10.2,2025-11-18,2025-11-21,2025-11-23,Delayed,3.0,No,No,5,2,9.090175579681008,7405.75,0
ORD104443,CUST11570,2025-05-12,Hyderabad,Hyderabad,Chennai,267.0,Automotive,7,2.89,Road,Blue Dart,1213.83,349.22,0.0,2025-05-14,2025-05-18,2025-05-18,Delivered,4.0,No,No,4,0,4.546179775280899,1563.05,1
ORD102781,CUST10835,2025-05-08,Chennai,Chennai,Mumbai,390.5,Sports,3,6.44,Air,Blue Dart,3566.57,418.33,2.26,2025-05-10,2025-05-14,2025-05-14,Delivered,4.0,No,No,4,0,9.133341869398208,3984.9,1
ORD104933,CUST11032,2025-10-07,Bengaluru,Bengaluru,Vijayawada,336.9,Grocery,3,4.13,Road,Xpressbees,1569.68,370.21,6.4,2025-10-09,2025-10-15,2025-10-15,Delivered,4.0,Yes,No,6,0,4.659186702285545,1939.89,1
ORD101338,CUST10445,2025-02-06,Pune,Pune,Visakhapatnam,484.3,Beauty,1,5.64,Rail,Dtdc,1694.8,390.35,9.34,2025-02-09,2025-02-15,2025-02-15,Delivered,4.0,No,No,6,0,3.499483791038612,2085.15,1
ORD101886,CUST10550,2025-01-28,Pune,Pune,Indore,441.4,Automotive,4,9.03,Express,Shadowfax,3277.71,516.41,9.74,2025-01-31,2025-02-03,2025-02-03,Delivered,3.0,No,No,3,0,7.4257136384232,3794.12,1
ORD104994,CUST10666,2025-11-27,Bengaluru,Bengaluru,Jaipur,762.2,Home & Kitchen,6,3.61,Road,Shadowfax,3399.62,653.91,8.45,2025-11-29,2025-12-05,2025-12-05,Delivered,4.0,No,No,6,0,4.460272894253476,4053.5299999999997,1
ORD104797,CUST10767,2025-04-08,Mumbai,Mumbai,Bhopal,220.2,Beauty,4,1.97,Air,Xpressbees,0.0,265.02,9.88,2025-04-11,2025-04-13,2025-04-13,Delivered,4.0,No,No,2,0,0.0,265.02,1
ORD100276,CUST11567,2025-03-05,Delhi,Delhi,Kolkata,211.9,Books,2,7.58,Rail,Shadowfax,699.74,148.68,5.89,2025-03-06,2025-03-12,2025-03-13,Delayed,3.0,No,No,7,1,3.3022180273714015,848.4200000000001,0
ORD103351,CUST11193,2025-04-02,Delhi,Delhi,Indore,1010.0,Automotive,4,6.27,Air,Shadowfax,9256.81,1121.44,9.03,2025-04-05,2025-04-08,2025-04-08,Delivered,3.0,No,No,3,0,9.165158415841583,10378.25,1
ORD104005,CUST10741,2025-03-04,Delhi,Delhi,Lucknow,1124.1,Sports,4,1.1,Road,Delhivery,4780.54,1160.34,5.83,2025-03-07,2025-03-15,2025-03-18,Delayed,3.0,No,No,11,3,4.252771105773508,5940.88,0
ORD101685,CUST12438,2025-03-23,Mumbai,Mumbai,Indore,411.0,Grocery,7,4.71,Express,Blue Dart,3012.08,410.87,10.15,2025-03-26,2025-03-29,2025-03-29,Delivered,4.0,No,No,3,0,7.328661800486618,3422.95,1
ORD104810,CUST10937,2025-04-30,Bengaluru,Bengaluru,Bhopal,33.1,Automotive,1,16.01,Road,Xpressbees,410.14,69.13,8.92,2025-05-02,2025-05-07,2025-05-07,Delivered,4.0,No,No,5,0,12.390936555891237,479.27,1
ORD104530,CUST10880,2025-10-13,Mumbai,Mumbai,Kochi,431.0,Clothing,4,5.19,Road,Shadowfax,2051.98,510.74,7.29,2025-10-15,2025-10-20,2025-10-20,Delivered,4.0,Yes,No,5,0,4.760974477958237,2562.7200000000003,1
ORD100719,CUST10191,2025-10-23,Mumbai,Mumbai,Vijayawada,399.0,Grocery,3,5.74,Air,Shadowfax,3716.43,389.24,11.65,2025-10-26,2025-10-29,2025-10-31,Delayed,4.0,No,Yes,5,2,9.314360902255638,4105.67,0
ORD100797,CUST10218,2025-06-21,Delhi,Delhi,Hyderabad,234.8,Sports,3,3.89,Air,Xpressbees,2218.33,226.39,8.09,2025-06-24,2025-06-26,2025-06-26,Delivered,4.0,No,No,2,0,9.44774275979557,2444.72,1
ORD101277,CUST11778,2025-10-06,Delhi,Delhi,Hyderabad,279.2,Automotive,5,2.25,Rail,Blue Dart,1009.5,263.71,6.3,2025-10-08,2025-10-14,2025-10-14,Delivered,4.0,No,No,6,0,3.6156876790830945,1273.21,1
ORD103509,CUST10354,2025-07-01,Pune,Pune,Vijayawada,316.8,Automotive,4,1.17,Air,Blue Dart,2898.88,247.46,6.38,2025-07-03,2025-07-06,2025-07-06,Delivered,4.0,No,No,3,0,9.15050505050505,3146.34,1
ORD101611,CUST11686,2025-03-29,Hyderabad,Hyderabad,Delhi,480.0,Electronics,2,1.37,Road,Blue Dart,2079.6,487.16,6.86,2025-03-31,2025-04-06,2025-04-06,Delivered,5.0,No,Yes,6,0,4.3325,2566.7599999999998,1
ORD100801,CUST11815,2025-04-06,Bengaluru,Bengaluru,Chennai,303.7,Home & Kitchen,2,9.52,Road,Dtdc,1357.45,365.59,11.21,2025-04-08,2025-04-13,2025-04-13,Delivered,5.0,No,Yes,5,0,4.469706947645704,1723.04,1
ORD103018,CUST12190,2025-07-29,Hyderabad,Hyderabad,Kolkata,195.1,Sports,3,1.39,Rail,Delhivery,787.96,140.45,5.8,2025-07-30,2025-08-04,2025-08-04,Delivered,4.0,No,No,5,0,4.038749359302922,928.4100000000001,1
ORD102345,CUST12517,2025-09-15,Hyderabad,Hyderabad,Unknown,173.0,Grocery,4,2.72,Road,Delhivery,930.82,228.6,7.06,2025-09-17,2025-09-22,2025-09-22,Delivered,5.0,No,No,5,0,5.380462427745665,1159.42,1
ORD103639,CUST10399,2025-07-08,Bengaluru,Bengaluru,Indore,814.3,Sports,5,1.19,Rail,Shadowfax,2648.0,551.94,6.8,2025-07-10,2025-07-17,2025-07-17,Delivered,4.0,No,No,7,0,3.251872774161857,3199.94,1
ORD102411,CUST10334,2025-01-17,Pune,Pune,Jaipur,276.2,Grocery,4,4.99,Road,Xpressbees,1341.65,225.98,11.51,2025-01-20,2025-01-25,2025-01-25,Delivered,5.0,No,No,5,0,4.857530774800869,1567.63,1
ORD102538,CUST12682,2025-02-22,Chennai,Chennai,Indore,757.2,Books,2,2.17,Road,Dtdc,3204.13,645.75,5.09,2025-02-24,2025-03-03,2025-03-08,Delayed,3.0,No,No,12,5,4.231550449022715,3849.88,0
ORD101639,CUST12616,2025-12-23,Mumbai,Mumbai,Hyderabad,407.7,Automotive,4,1.47,Air,Ecom Express,3702.84,375.75,9.27,2025-12-25,2025-12-28,2025-12-28,Delivered,4.0,No,No,3,0,9.082266372332597,4078.59,1
ORD102623,CUST12255,2025-01-06,Delhi,Delhi,Kochi,510.0,Beauty,4,2.57,Road,Delhivery,2214.31,515.4,10.02,2025-01-08,2025-01-14,2025-01-14,Delivered,4.0,No,No,6,0,4.34178431372549,2729.71,1
ORD103729,CUST10903,2025-06-16,Chennai,Chennai,Kochi,205.2,Electronics,2,9.14,Road,Dtdc,1121.95,120.33,11.7,2025-06-19,2025-06-23,2025-06-23,Delivered,4.0,No,No,4,0,5.4675925925925934,1242.28,1
ORD102256,CUST10323,2025-06-28,Hyderabad,Hyderabad,Ahmedabad,65.8,Home & Kitchen,6,7.15,Road,Delhivery,584.45,69.2,6.83,2025-06-29,2025-07-04,2025-07-04,Delivered,4.0,No,No,5,0,8.882218844984804,653.6500000000001,1
ORD104859,CUST11711,2025-02-01,Pune,Pune,Nagpur,372.7,Books,7,4.3,Rail,Delhivery,1449.17,377.71,10.31,2025-02-04,2025-02-10,2025-02-10,Delivered,4.0,No,No,6,0,3.888301583042662,1826.88,1
ORD102456,CUST10654,2025-08-04,Hyderabad,Hyderabad,Indore,434.7,Beauty,4,5.58,Road,Blue Dart,1930.62,345.09,6.22,2025-08-05,2025-08-11,2025-08-11,Delivered,4.0,No,No,6,0,4.4412698412698415,2275.71,1
ORD102313,CUST11150,2025-03-27,Hyderabad,Hyderabad,Surat,262.3,Sports,7,2.23,Road,Shadowfax,1272.9,298.14,5.12,2025-03-30,2025-04-05,2025-04-05,Delivered,5.0,No,No,6,0,4.85284025924514,1571.04,1
ORD100390,CUST11607,2025-12-09,Pune,Pune,Delhi,703.2,Beauty,6,8.56,Air,Shadowfax,6604.4,733.18,10.92,2025-12-11,2025-12-14,2025-12-19,Delayed,4.0,No,No,8,5,9.391922639362912,7337.58,0
ORD104536,CUST11467,2025-01-21,Mumbai,Mumbai,Delhi,348.8,Beauty,3,3.74,Express,Ecom Express,2477.15,242.01,9.06,2025-01-23,2025-01-27,2025-01-27,Delivered,5.0,No,No,4,0,7.101920871559633,2719.16,1
ORD104562,CUST10417,2025-05-27,Hyderabad,Hyderabad,Bengaluru,240.2,Grocery,3,2.96,Road,Delhivery,1259.57,180.2,7.15,2025-05-29,2025-06-04,2025-06-04,Delivered,4.0,No,No,6,0,5.24383846794338,1439.77,1
ORD101221,CUST11008,2025-11-25,Mumbai,Mumbai,Ahmedabad,645.9,Books,4,5.62,Road,Delhivery,2938.14,753.77,12.47,2025-11-27,2025-12-03,2025-12-04,Delayed,3.0,No,No,7,1,4.548908499767766,3691.91,0
ORD100013,CUST10143,2025-02-02,Delhi,Delhi,Visakhapatnam,308.0,Home & Kitchen,7,3.21,Express,Shadowfax,2267.79,212.91,8.97,2025-02-04,2025-02-06,2025-02-06,Delivered,4.0,No,No,2,0,7.362954545454546,2480.7,1
ORD103427,CUST12030,2025-10-11,Chennai,Chennai,Nagpur,199.6,Home & Kitchen,1,2.18,Air,Delhivery,1818.82,298.15,7.48,2025-10-14,2025-10-15,2025-10-15,Delivered,4.0,No,No,1,0,9.112324649298596,2116.97,1
ORD104291,CUST10280,2025-10-02,Delhi,Delhi,Ahmedabad,263.0,Beauty,5,2.94,Rail,Delhivery,883.1,284.68,10.42,2025-10-04,2025-10-10,2025-10-10,Delivered,5.0,No,No,6,0,3.357794676806084,1167.78,1
ORD104674,CUST11656,2025-02-02,Mumbai,Mumbai,Visakhapatnam,262.5,Grocery,7,4.5,Express,Delhivery,2062.27,193.36,12.56,2025-02-06,2025-02-10,2025-02-10,Delivered,5.0,No,No,4,0,7.8562666666666665,2255.63,1
ORD104968,CUST11497,2025-06-23,Pune,Pune,Indore,79.2,Clothing,4,13.88,Road,Shadowfax,524.96,84.29,9.62,2025-06-25,2025-07-01,2025-07-01,Delivered,5.0,No,No,6,0,6.6282828282828286,609.25,1
ORD102421,CUST12689,2025-03-16,Chennai,Chennai,Indore,416.8,Home & Kitchen,1,8.56,Air,Xpressbees,3868.49,342.83,8.43,2025-03-19,2025-03-23,2025-03-23,Delivered,4.0,No,No,4,0,9.28140595009597,4211.32,1
ORD104315,CUST11591,2025-11-04,Hyderabad,Hyderabad,Vijayawada,173.6,Electronics,1,5.79,Air,Delhivery,1730.06,188.79,9.5,2025-11-05,2025-11-08,2025-11-08,Delivered,5.0,No,No,3,0,9.965783410138249,1918.85,1
ORD104903,CUST10036,2025-03-23,Pune,Pune,Kochi,412.4,Automotive,3,16.23,Road,Dtdc,2083.5,377.59,5.89,2025-03-24,2025-03-29,2025-03-29,Delivered,5.0,No,No,5,0,5.052133850630456,2461.09,1
ORD102878,CUST11426,2025-01-11,Pune,Pune,Lucknow,476.0,Automotive,4,6.09,Air,Ecom Express,4419.42,337.9,11.47,2025-01-14,2025-01-18,2025-01-18,Delivered,5.0,No,No,4,0,9.284495798319329,4757.32,1
ORD103079,CUST10518,2025-01-10,Bengaluru,Bengaluru,Vijayawada,142.4,Home & Kitchen,3,7.31,Rail,Xpressbees,699.91,159.9,11.44,2025-01-13,2025-01-20,2025-01-23,Delayed,2.0,No,Yes,10,3,4.915098314606741,859.81,0
ORD104260,CUST12453,2025-01-05,Mumbai,Mumbai,Kolkata,72.6,Automotive,6,22.19,Rail,Xpressbees,650.44,61.39,10.26,2025-01-08,2025-01-13,2025-01-13,Delivered,4.0,No,No,5,0,8.959228650137742,711.83,1
ORD102717,CUST12533,2025-04-17,Chennai,Chennai,Kolkata,645.2,Sports,4,4.0,Road,Shadowfax,2744.85,661.53,7.81,2025-04-19,2025-04-24,2025-04-24,Delivered,5.0,No,No,5,0,4.254262244265344,3406.38,1
ORD102997,CUST11058,2025-05-17,Bengaluru,Bengaluru,Lucknow,329.3,Grocery,5,4.08,Rail,Blue Dart,1243.07,202.41,5.26,2025-05-19,2025-05-26,2025-05-29,Delayed,3.0,No,No,10,3,3.774886122077133,1445.48,0
ORD101421,CUST11965,2025-07-28,Pune,Pune,Visakhapatnam,872.8,Books,7,14.97,Express,Xpressbees,6394.51,1030.9,13.51,2025-07-30,2025-08-04,2025-08-04,Delivered,5.0,No,No,5,0,7.326432172318974,7425.41,1
ORD101399,CUST11276,2025-08-24,Mumbai,Mumbai,Coimbatore,277.1,Electronics,1,2.84,Road,Blue Dart,1186.52,279.21,7.92,2025-08-27,2025-08-31,2025-09-01,Delayed,4.0,No,No,5,1,4.281919884518224,1465.73,0
ORD104345,CUST10100,2025-01-04,Bengaluru,Bengaluru,Kochi,467.0,Beauty,2,3.49,Road,Blue Dart,1961.95,560.03,8.9,2025-01-06,2025-01-11,2025-01-11,Delivered,4.0,No,No,5,0,4.20117773019272,2521.98,1
ORD103568,CUST10038,2025-08-01,Bengaluru,Bengaluru,Bhopal,256.9,Automotive,7,2.47,Air,Shadowfax,2520.89,265.23,5.05,2025-08-03,2025-08-07,2025-08-07,Delivered,5.0,No,No,4,0,9.812728688205528,2786.12,1
ORD102343,CUST10126,2025-06-21,Mumbai,Mumbai,Bhopal,562.0,Electronics,3,0.86,Rail,Delhivery,1882.94,430.04,10.56,2025-06-24,2025-07-02,2025-07-02,Delivered,4.0,Yes,Yes,8,0,3.3504270462633454,2312.98,1
ORD100266,CUST10819,2025-11-20,Bengaluru,Bengaluru,Kolkata,1027.5,Grocery,7,5.6,Rail,Xpressbees,3570.48,1184.76,9.78,2025-11-22,2025-11-30,2025-12-04,Delayed,3.0,No,No,12,4,3.474919708029197,4755.24,0
ORD104604,CUST12387,2025-12-07,Bengaluru,Bengaluru,Jaipur,314.8,Clothing,4,6.51,Road,Blue Dart,1368.53,361.27,6.38,2025-12-10,2025-12-15,2025-12-15,Delivered,5.0,No,No,5,0,4.347299872935197,1729.8,1
ORD104624,CUST11120,2025-04-29,Hyderabad,Hyderabad,Indore,691.2,Clothing,1,8.39,Express,Delhivery,5144.43,560.07,11.13,2025-05-02,2025-05-04,2025-05-04,Delivered,4.0,No,No,2,0,7.442751736111111,5704.5,1
ORD104705,CUST10595,2025-02-10,Pune,Pune,Vijayawada,338.9,Electronics,7,6.1,Road,Dtdc,1586.02,338.25,13.29,2025-02-12,2025-02-17,2025-02-18,Delayed,4.0,No,No,6,1,4.679905576866332,1924.27,0
ORD102537,CUST10335,2025-05-28,Delhi,Delhi,Hyderabad,282.0,Automotive,6,19.83,Road,Shadowfax,1595.18,314.19,8.23,2025-05-30,2025-06-05,2025-06-05,Delivered,5.0,No,No,6,0,5.656666666666667,1909.3700000000001,1
ORD104021,CUST10198,2025-11-16,Delhi,Delhi,Kolkata,159.5,Automotive,7,7.4,Rail,Xpressbees,744.41,205.89,8.5,2025-11-19,2025-11-26,2025-11-29,Delayed,4.0,No,No,10,3,4.667147335423198,950.3,0
ORD101694,CUST12258,2025-05-28,Bengaluru,Bengaluru,Jaipur,809.0,Clothing,2,12.97,Road,Shadowfax,3587.58,539.76,6.11,2025-05-30,2025-06-06,2025-06-06,Delivered,4.0,No,No,7,0,4.434585908529048,4127.34,1
ORD104213,CUST12216,2025-08-08,Hyderabad,Hyderabad,Nagpur,95.6,Automotive,1,3.64,Road,Ecom Express,461.54,74.55,5.95,2025-08-10,2025-08-15,2025-08-15,Delivered,4.0,No,No,5,0,4.827824267782427,536.09,1
ORD104917,CUST11261,2025-09-05,Bengaluru,Bengaluru,Kolkata,425.0,Sports,6,2.02,Rail,Dtdc,1414.94,310.0,4.47,2025-09-07,2025-09-13,2025-09-13,Delivered,5.0,No,No,6,0,3.3292705882352944,1724.94,1
ORD100568,CUST10024,2025-01-21,Pune,Pune,Indore,370.5,Home & Kitchen,1,1.76,Rail,Dtdc,1317.52,244.31,9.21,2025-01-24,2025-01-31,2025-02-02,Delayed,4.0,No,No,9,2,3.556059379217274,1561.83,0
ORD102521,CUST11149,2025-01-12,Mumbai,Mumbai,Ahmedabad,208.4,Sports,3,11.05,Road,Delhivery,1243.31,171.13,9.62,2025-01-15,2025-01-21,2025-01-21,Delivered,5.0,No,No,6,0,5.965978886756238,1414.44,1
ORD100755,CUST10156,2025-04-10,Pune,Pune,Bhopal,670.0,Home & Kitchen,7,6.17,Road,Xpressbees,2903.98,622.31,11.49,2025-04-13,2025-04-18,2025-04-18,Delivered,4.0,No,No,5,0,4.3342985074626865,3526.29,1
ORD102835,CUST12264,2025-09-09,Chennai,Chennai,Kolkata,482.7,Grocery,5,3.14,Road,Blue Dart,2261.21,405.75,4.88,2025-09-11,2025-09-16,2025-09-16,Delivered,3.0,No,No,5,0,4.684503832608246,2666.96,1
ORD100416,CUST11091,2025-02-17,Pune,Pune,Jaipur,453.5,Clothing,4,5.33,Express,Delhivery,3202.18,357.18,11.88,2025-02-20,2025-02-23,2025-02-23,Delivered,4.0,No,No,3,0,7.061036383682469,3559.3599999999997,1
ORD103997,CUST11031,2025-03-20,Bengaluru,Bengaluru,Visakhapatnam,356.4,Beauty,5,6.8,Road,Delhivery,1693.78,312.84,6.69,2025-03-22,2025-03-27,2025-03-27,Delivered,5.0,No,No,5,0,4.752469135802469,2006.62,1
ORD102999,CUST10236,2025-05-01,Bengaluru,Bengaluru,Unknown,987.1,Electronics,4,6.6,Road,Xpressbees,4176.11,892.5,9.34,2025-05-03,2025-05-12,2025-05-17,Delayed,3.0,No,No,14,5,4.230685847431871,5068.61,0
ORD104501,CUST12072,2025-07-12,Chennai,Chennai,Jaipur,291.0,Clothing,5,4.06,Rail,Ecom Express,1081.75,144.38,10.54,2025-07-14,2025-07-21,2025-07-21,Delivered,5.0,No,No,7,0,3.7173539518900345,1226.13,1
ORD101177,CUST11265,2025-09-05,Hyderabad,Hyderabad,Delhi,231.8,Clothing,4,5.71,Express,Xpressbees,1707.93,302.68,6.37,2025-09-08,2025-09-11,2025-09-12,Delayed,4.0,No,No,4,1,7.368119068162208,2010.6100000000001,0
ORD100030,CUST12227,2025-05-22,Bengaluru,Bengaluru,Pune,470.8,Automotive,7,4.18,Express,Blue Dart,3422.99,412.11,10.68,2025-05-25,2025-05-28,2025-05-29,Delayed,3.0,No,No,4,1,7.270581988105352,3835.1,0
ORD101661,CUST10765,2025-05-31,Hyderabad,Hyderabad,Delhi,187.7,Automotive,1,0.43,Air,Dtdc,1714.31,254.03,8.36,2025-06-02,2025-06-04,2025-06-04,Delivered,4.0,No,No,2,0,9.133244539158232,1968.34,1
ORD100939,CUST11341,2025-09-20,Bengaluru,Bengaluru,Surat,326.0,Clothing,3,7.21,Road,Delhivery,1516.94,158.14,6.91,2025-09-23,2025-09-28,2025-09-28,Delivered,5.0,No,No,5,0,4.65319018404908,1675.08,1
ORD103274,CUST12420,2025-06-05,Hyderabad,Hyderabad,Chennai,328.7,Electronics,1,3.58,Road,Ecom Express,1351.91,317.9,11.23,2025-06-08,2025-06-12,2025-06-12,Delivered,4.0,No,No,4,0,4.112899300273806,1669.81,1
ORD102704,CUST12360,2025-01-19,Chennai,Chennai,Lucknow,716.7,Sports,5,5.73,Road,Ecom Express,3080.45,780.43,9.9,2025-01-22,2025-01-26,2025-01-27,Delayed,4.0,No,No,5,1,4.2981024138412165,3860.8799999999997,0
ORD102833,CUST11682,2025-12-03,Hyderabad,Hyderabad,Visakhapatnam,466.5,Sports,7,6.97,Air,Xpressbees,4354.67,419.45,9.28,2025-12-05,2025-12-08,2025-12-08,Delivered,4.0,No,No,3,0,9.334769560557342,4774.12,1
ORD104016,CUST11746,2025-04-25,Pune,Pune,Kochi,99.0,Electronics,1,6.27,Road,Xpressbees,380.49,67.69,11.4,2025-04-27,2025-05-01,2025-05-01,Delivered,5.0,No,No,4,0,3.8433333333333333,448.18,1
ORD102621,CUST10253,2025-09-12,Mumbai,Mumbai,Jaipur,192.9,Home & Kitchen,3,8.38,Road,Xpressbees,935.41,232.9,9.81,2025-09-14,2025-09-19,2025-09-19,Delivered,4.0,No,No,5,0,4.849196474857439,1168.31,1
ORD104328,CUST11828,2025-11-25,Delhi,Delhi,Visakhapatnam,567.9,Books,3,1.14,Express,Ecom Express,4075.07,494.34,9.05,2025-11-28,2025-12-02,2025-12-02,Delivered,4.0,No,No,4,0,7.1756823384398665,4569.41,1
ORD104990,CUST10715,2025-11-18,Delhi,Delhi,Pune,212.5,Books,4,7.04,Road,Xpressbees,1086.49,173.54,7.91,2025-11-20,2025-11-24,2025-11-24,Delivered,4.0,No,No,4,0,5.112894117647059,1260.03,1
ORD104301,CUST11519,2025-10-27,Chennai,Chennai,Hyderabad,427.6,Sports,1,16.36,Rail,Ecom Express,1724.56,332.15,5.41,2025-10-29,2025-11-04,2025-11-06,Delayed,4.0,No,No,8,2,4.03311506080449,2056.71,0
ORD103890,CUST11168,2025-03-27,Chennai,Chennai,Kolkata,401.6,Automotive,2,3.29,Road,Ecom Express,1725.71,350.74,8.44,2025-03-29,2025-04-04,2025-04-04,Delivered,4.0,No,No,6,0,4.2970866533864545,2076.45,1
ORD100912,CUST11817,2025-09-07,Pune,Pune,Kochi,223.4,Books,3,10.2,Road,Shadowfax,1080.02,195.61,8.16,2025-09-10,2025-09-15,2025-09-16,Delayed,3.0,No,No,6,1,4.834467323187108,1275.63,0
ORD104296,CUST12480,2025-02-17,Chennai,Chennai,Surat,304.4,Automotive,4,4.67,Road,Dtdc,1398.37,253.77,3.89,2025-02-19,2025-02-24,2025-02-24,Delivered,4.0,No,No,5,0,4.593856767411301,1652.1399999999999,1
ORD102416,CUST12158,2025-04-23,Chennai,Chennai,Coimbatore,298.0,Clothing,1,2.88,Road,Blue Dart,1320.53,246.3,5.29,2025-04-24,2025-04-30,2025-04-30,Delivered,5.0,No,No,6,0,4.431308724832214,1566.83,1
ORD100241,CUST10900,2025-01-14,Bengaluru,Bengaluru,Indore,576.1,Beauty,3,14.84,Air,Xpressbees,5535.79,684.99,7.66,2025-01-17,2025-01-20,2025-01-20,Delivered,5.0,No,No,3,0,9.609078285019962,6220.78,1
ORD103077,CUST11180,2025-12-27,Chennai,Chennai,Hyderabad,336.9,Electronics,4,1.91,Rail,Ecom Express,1152.29,288.95,9.93,2025-12-29,2026-01-04,2026-01-04,Delivered,5.0,No,No,6,0,3.420273078064708,1441.24,1
ORD103829,CUST11291,2025-07-17,Hyderabad,Hyderabad,Chennai,190.7,Beauty,5,7.39,Road,Xpressbees,969.52,144.32,5.37,2025-07-20,2025-07-24,2025-07-27,Delayed,3.0,No,No,7,3,5.084006292606188,1113.84,0
ORD102803,CUST12551,2025-06-02,Hyderabad,Hyderabad,Bhopal,916.4,Beauty,1,2.76,Road,Delhivery,3913.9,893.14,8.23,2025-06-05,2025-06-10,2025-06-10,Delivered,5.0,No,No,5,0,4.270951549541685,4807.04,1
ORD101580,CUST10561,2025-10-02,Pune,Pune,Indore,887.1,Clothing,1,2.11,Road,Xpressbees,3702.45,634.86,8.99,2025-10-05,2025-10-12,2025-10-12,Delivered,3.0,No,No,7,0,4.173655732160974,4337.3099999999995,1
ORD100389,CUST11695,2025-03-27,Pune,Pune,Coimbatore,151.3,Clothing,7,10.04,Road,Delhivery,1000.8,124.7,10.36,2025-03-30,2025-04-04,2025-04-04,Delivered,4.0,No,No,5,0,6.614672835426305,1125.5,1
ORD103960,CUST10027,2025-10-15,Pune,Pune,Chennai,951.1,Electronics,7,2.11,Road,Ecom Express,4045.68,635.64,11.56,2025-10-17,2025-10-24,2025-10-27,Delayed,4.0,No,No,10,3,4.2536852066028805,4681.32,0
ORD101063,CUST12530,2025-05-22,Bengaluru,Bengaluru,Surat,349.6,Home & Kitchen,5,6.32,Road,Xpressbees,1560.5,252.75,8.31,2025-05-24,2025-05-29,2025-05-29,Delivered,3.0,No,No,5,0,4.463672768878718,1813.25,1
ORD100582,CUST10627,2025-11-26,Bengaluru,Bengaluru,Chennai,634.1,Automotive,2,11.45,Road,Dtdc,2929.68,441.49,7.73,2025-11-29,2025-12-04,2025-12-04,Delivered,5.0,No,No,5,0,4.6202176312884395,3371.17,1
ORD100361,CUST10700,2025-12-08,Delhi,Delhi,Nagpur,656.4,Beauty,6,3.73,Air,Ecom Express,6161.99,716.04,10.23,2025-12-11,2025-12-14,2025-12-18,Delayed,4.0,No,No,7,4,9.387553321145642,6878.03,0
ORD104458,CUST10213,2025-02-13,Delhi,Delhi,Bhopal,559.1,Home & Kitchen,1,0.31,Road,Shadowfax,2357.2,450.92,9.19,2025-02-16,2025-02-21,2025-02-21,Delivered,5.0,No,No,5,0,4.216061527454838,2808.12,1
ORD103736,CUST11659,2025-06-26,Delhi,Delhi,Indore,808.8,Automotive,3,1.09,Rail,Dtdc,2526.5,542.51,10.13,2025-06-29,2025-07-08,2025-07-08,Delivered,5.0,No,No,9,0,3.123763600395648,3069.01,1
ORD101351,CUST10452,2025-06-05,Bengaluru,Bengaluru,Delhi,290.7,Sports,1,1.83,Express,Blue Dart,2018.14,208.89,11.97,2025-06-08,2025-06-12,2025-06-18,Delayed,4.0,No,No,10,6,6.942346061231511,2227.03,0
ORD100530,CUST11919,2025-05-25,Bengaluru,Bengaluru,Surat,134.5,Automotive,5,8.97,Air,Xpressbees,1408.9,126.4,14.1,2025-05-28,2025-05-30,2025-05-30,Delivered,4.0,No,No,2,0,10.475092936802975,1535.3000000000002,1
ORD102495,CUST10714,2025-01-29,Pune,Pune,Nagpur,305.7,Books,3,10.44,Express,Shadowfax,2299.25,284.59,7.13,2025-01-31,2025-02-03,2025-02-03,Delivered,4.0,No,No,3,0,7.521262675825973,2583.84,1
ORD102248,CUST11468,2025-09-16,Mumbai,Mumbai,Indore,318.7,Clothing,1,11.16,Road,Shadowfax,1455.9,389.63,9.72,2025-09-19,2025-09-24,2025-09-24,Delivered,4.0,No,No,5,0,4.568245999372451,1845.5300000000002,1
ORD101344,CUST11238,2025-08-06,Mumbai,Mumbai,Nagpur,1372.5,Books,4,7.8,Road,Ecom Express,5822.41,1001.14,9.73,2025-08-08,2025-08-15,2025-08-15,Delivered,5.0,No,No,7,0,4.242193078324226,6823.55,1
ORD100324,CUST11104,2025-02-28,Bengaluru,Bengaluru,Bhopal,123.4,Home & Kitchen,4,1.51,Road,Shadowfax,528.29,133.89,9.78,2025-03-03,2025-03-08,2025-03-08,Delivered,4.0,No,No,5,0,4.281118314424635,662.18,1
ORD102505,CUST11776,2025-01-04,Hyderabad,Hyderabad,Kolkata,245.4,Beauty,3,5.63,Rail,Blue Dart,904.51,182.18,7.97,2025-01-07,2025-01-12,2025-01-12,Delivered,4.0,No,No,5,0,3.6858598207008963,1086.69,1
ORD104669,CUST11556,2025-03-07,Mumbai,Mumbai,Coimbatore,157.4,Electronics,3,2.09,Road,Ecom Express,681.8,111.71,12.45,2025-03-09,2025-03-15,2025-03-18,Delayed,3.0,No,No,9,3,4.331639135959339,793.51,0
ORD100002,CUST10671,2025-11-02,Chennai,Chennai,Ahmedabad,702.8,Automotive,7,4.51,Road,Xpressbees,3098.29,797.16,8.32,2025-11-04,2025-11-10,2025-11-12,Delayed,4.0,No,No,8,2,4.408494593056346,3895.45,0
ORD100347,CUST10146,2025-05-05,Bengaluru,Bengaluru,Nagpur,98.3,Electronics,3,6.97,Express,Dtdc,0.0,108.36,9.19,2025-05-08,2025-05-12,2025-05-12,Delivered,5.0,No,No,4,0,0.0,108.36,1
ORD100843,CUST11793,2025-02-14,Delhi,Delhi,Jaipur,381.4,Home & Kitchen,1,4.47,Air,Shadowfax,3486.65,347.91,9.45,2025-02-16,2025-02-18,2025-02-18,Delivered,5.0,No,No,2,0,9.141714735186158,3834.56,1
ORD103281,CUST10581,2025-08-09,Bengaluru,Bengaluru,Coimbatore,885.8,Sports,6,1.35,Express,Dtdc,6246.6,647.6,4.5,2025-08-11,2025-08-16,2025-08-23,Delayed,3.0,No,No,12,7,7.051930458342742,6894.200000000001,0
ORD101331,CUST12635,2025-04-13,Hyderabad,Hyderabad,Jaipur,227.1,Electronics,5,2.61,Rail,Blue Dart,903.3,200.48,6.09,2025-04-15,2025-04-19,2025-04-19,Delivered,4.0,No,No,4,0,3.977542932628798,1103.78,1
ORD103350,CUST11039,2025-06-28,Hyderabad,Hyderabad,Nagpur,329.5,Books,2,2.88,Express,Xpressbees,2401.53,278.29,7.14,2025-06-29,2025-07-02,2025-07-02,Delivered,4.0,No,No,3,0,7.288406676783005,2679.82,1
ORD103585,CUST12664,2025-10-08,Mumbai,Mumbai,Vijayawada,691.2,Beauty,1,1.0,Road,Blue Dart,2912.99,492.0,15.41,2025-10-11,2025-10-16,2025-10-16,Delivered,5.0,No,No,5,0,4.214395254629629,3404.99,1
ORD100850,CUST10614,2025-07-14,Chennai,Chennai,Jaipur,507.6,Home & Kitchen,2,5.23,Rail,Ecom Express,1802.1,476.27,10.49,2025-07-16,2025-07-22,2025-07-26,Delayed,4.0,No,No,10,4,3.550236406619385,2278.37,0
ORD104916,CUST10672,2025-09-12,Pune,Pune,Bengaluru,381.6,Books,5,4.65,Air,Xpressbees,3651.13,378.48,10.02,2025-09-15,2025-09-18,2025-09-18,Delivered,5.0,No,No,3,0,9.567950733752621,4029.61,1
ORD103591,CUST10919,2025-01-12,Chennai,Chennai,Vijayawada,49.7,Sports,1,2.83,Road,Delhivery,200.24,56.24,7.29,2025-01-14,2025-01-19,2025-01-19,Delivered,5.0,No,No,5,0,4.02897384305835,256.48,1
ORD101192,CUST10931,2025-02-04,Delhi,Delhi,Unknown,436.8,Home & Kitchen,2,3.88,Rail,Delhivery,1476.72,485.7,11.61,2025-02-06,2025-02-13,2025-02-17,Delayed,4.0,No,No,11,4,3.3807692307692307,1962.42,0
ORD103990,CUST11195,2025-10-20,Mumbai,Mumbai,Hyderabad,184.6,Sports,6,2.41,Road,Shadowfax,745.66,192.43,0.0,2025-10-22,2025-10-27,2025-10-27,Delivered,5.0,No,No,5,0,4.0393282773564465,938.0899999999999,1
ORD100422,CUST11872,2025-06-12,Hyderabad,Hyderabad,Kolkata,111.3,Electronics,2,7.02,Express,Ecom Express,920.7,110.78,9.24,2025-06-14,2025-06-17,2025-06-17,Delivered,4.0,No,No,3,0,8.272237196765499,1031.48,1
ORD102506,CUST10883,2025-06-19,Hyderabad,Hyderabad,Surat,294.5,Automotive,5,3.48,Rail,Dtdc,1079.93,241.79,8.57,2025-06-22,2025-06-28,2025-07-02,Delayed,3.0,No,No,10,4,3.6669949066213925,1321.72,0
ORD100401,CUST12685,2025-09-23,Bengaluru,Bengaluru,Pune,258.3,Beauty,1,4.64,Road,Delhivery,1223.07,190.74,4.84,2025-09-25,2025-09-30,2025-10-02,Delayed,4.0,Yes,No,7,2,4.7350754936120785,1413.81,0
ORD103112,CUST11519,2025-04-10,Bengaluru,Bengaluru,Kochi,164.1,Grocery,5,1.24,Rail,Blue Dart,557.03,68.89,10.85,2025-04-13,2025-04-18,2025-04-18,Delivered,3.0,No,No,5,0,3.3944546008531384,625.92,1
ORD100015,CUST10622,2025-07-29,Pune,Pune,Nagpur,150.1,Grocery,2,0.71,Road,Blue Dart,563.63,196.86,11.21,2025-07-31,2025-08-07,2025-08-08,Delayed,4.0,No,No,8,1,3.7550299800133247,760.49,0
ORD101734,CUST11308,2025-08-04,Bengaluru,Bengaluru,Surat,1285.0,Sports,4,1.91,Road,Xpressbees,5499.74,975.23,10.14,2025-08-06,2025-08-12,2025-08-13,Delayed,4.0,No,No,7,1,4.279953307392996,6474.969999999999,0
ORD101021,CUST12677,2025-12-02,Delhi,Delhi,Bhopal,311.7,Electronics,7,6.23,Air,Xpressbees,3018.7,299.53,12.48,2025-12-05,2025-12-07,2025-12-07,Delivered,5.0,No,No,2,0,9.684632659608598,3318.2299999999996,1
ORD100293,CUST11566,2025-10-31,Delhi,Delhi,Vijayawada,265.8,Electronics,4,3.19,Rail,Xpressbees,950.75,190.1,14.3,2025-11-03,2025-11-09,2025-11-09,Delivered,5.0,No,No,6,0,3.5769375470278404,1140.85,1
ORD102738,CUST11517,2025-07-07,Bengaluru,Bengaluru,Pune,453.9,Home & Kitchen,7,8.58,Road,Dtdc,0.0,310.13,6.99,2025-07-09,2025-07-15,2025-07-15,Delivered,4.0,No,No,6,0,0.0,310.13,1
ORD103900,CUST10550,2025-03-23,Chennai,Chennai,Vijayawada,73.7,Clothing,6,2.79,Rail,Dtdc,322.19,29.66,4.69,2025-03-24,2025-03-30,2025-04-01,Delayed,3.0,No,No,8,2,4.371641791044776,351.85,0
ORD103746,CUST10910,2025-07-11,Bengaluru,Bengaluru,Lucknow,366.6,Clothing,3,3.91,Road,Blue Dart,1675.63,411.6,7.55,2025-07-13,2025-07-19,2025-07-19,Delivered,4.0,No,No,6,0,4.570731042007638,2087.23,1
ORD100427,CUST10925,2025-04-30,Bengaluru,Bengaluru,Indore,528.7,Home & Kitchen,3,4.69,Rail,Dtdc,1751.22,488.26,7.01,2025-05-02,2025-05-09,2025-05-09,Delivered,4.0,No,No,7,0,3.312313221108379,2239.48,1
ORD103599,CUST11491,2025-02-16,Pune,Pune,Mumbai,278.7,Books,4,10.68,Road,Shadowfax,1322.51,235.47,8.87,2025-02-18,2025-02-25,2025-02-26,Delayed,3.0,No,No,8,1,4.745281664872623,1557.98,0
ORD101211,CUST11451,2025-03-09,Bengaluru,Bengaluru,Nagpur,543.4,Automotive,4,6.52,Express,Delhivery,3895.09,587.37,10.41,2025-03-12,2025-03-14,2025-03-14,Delivered,4.0,No,No,2,0,7.167997791682002,4482.46,1
ORD104044,CUST12760,2025-06-10,Hyderabad,Hyderabad,Chennai,316.8,Home & Kitchen,2,2.39,Road,Shadowfax,1444.44,243.04,7.08,2025-06-13,2025-06-19,2025-06-22,Delayed,4.0,No,No,9,3,4.559469696969697,1687.48,0
ORD103935,CUST11028,2025-11-12,Mumbai,Mumbai,Delhi,597.6,Automotive,6,4.23,Road,Dtdc,2608.39,455.37,12.34,2025-11-16,2025-11-21,2025-11-22,Delayed,4.0,No,No,6,1,4.364775769745649,3063.7599999999998,0
ORD104834,CUST11521,2025-03-07,Mumbai,Mumbai,Jaipur,347.7,Electronics,4,3.58,Road,Ecom Express,1590.94,244.52,11.92,2025-03-10,2025-03-16,2025-03-16,Delivered,4.0,No,No,6,0,4.575611159045154,1835.46,1
ORD103051,CUST11953,2025-11-14,Pune,Pune,Delhi,578.5,Beauty,2,4.09,Rail,Blue Dart,1996.56,381.31,9.08,2025-11-16,2025-11-22,2025-11-22,Delivered,4.0,No,No,6,0,3.4512705272255833,2377.87,1
ORD104235,CUST10734,2025-12-21,Mumbai,Mumbai,Chennai,947.4,Automotive,1,12.1,Road,Dtdc,4142.38,655.96,9.11,2025-12-23,2025-12-28,2025-12-28,Delivered,4.0,No,No,5,0,4.372366476673,4798.34,1
ORD103594,CUST12008,2025-05-26,Bengaluru,Bengaluru,Surat,504.5,Books,1,8.01,Road,Dtdc,2283.09,441.37,9.81,2025-05-28,2025-06-02,2025-06-02,Delivered,4.0,No,No,5,0,4.525450941526264,2724.46,1
ORD100878,CUST11640,2025-05-15,Hyderabad,Hyderabad,Jaipur,558.3,Clothing,5,10.61,Rail,Blue Dart,2032.77,465.91,6.49,2025-05-16,2025-05-22,2025-05-22,Delivered,4.0,No,No,6,0,3.640999462654487,2498.68,1
ORD100290,CUST11467,2025-02-27,Bengaluru,Bengaluru,Hyderabad,151.7,Sports,4,7.31,Express,Dtdc,1342.98,117.3,8.56,2025-03-01,2025-03-04,2025-03-04,Delivered,4.0,No,No,3,0,8.85286750164799,1460.28,1
ORD102562,CUST10432,2025-01-03,Bengaluru,Bengaluru,Vijayawada,260.1,Automotive,3,6.08,Air,Ecom Express,2397.76,282.48,9.98,2025-01-05,2025-01-07,2025-01-07,Delivered,4.0,No,No,2,0,9.218608227604767,2680.2400000000002,1
ORD103951,CUST10388,2025-06-16,Hyderabad,Hyderabad,Pune,89.9,Automotive,1,2.72,Road,Shadowfax,480.41,69.82,11.54,2025-06-19,2025-06-23,2025-06-25,Delayed,4.0,No,No,6,2,5.343826473859844,550.23,0
ORD101042,CUST12754,2025-12-28,Bengaluru,Bengaluru,Mumbai,120.1,Grocery,4,5.29,Rail,Xpressbees,520.52,0.0,7.0,2025-12-30,2026-01-04,2026-01-07,Delayed,2.0,Yes,No,8,3,4.334054954204829,520.52,0
ORD102679,CUST12204,2025-04-22,Hyderabad,Hyderabad,Delhi,219.9,Books,6,2.85,Road,Shadowfax,1020.69,274.12,7.94,2025-04-24,2025-04-29,2025-04-29,Delivered,5.0,No,No,5,0,4.641609822646657,1294.81,1
ORD102379,CUST12675,2025-12-31,Delhi,Delhi,Chennai,281.9,Automotive,5,4.96,Road,Dtdc,1354.31,244.87,6.8,2026-01-02,2026-01-07,2026-01-07,Delivered,4.0,No,No,5,0,4.804221355090458,1599.1799999999998,1
ORD102875,CUST10268,2025-03-09,Pune,Pune,Bhopal,187.4,Home & Kitchen,5,8.54,Express,Delhivery,1564.83,196.89,7.77,2025-03-12,2025-03-15,2025-03-15,Delivered,5.0,No,Yes,3,0,8.350213447171825,1761.7199999999998,1
ORD103633,CUST12756,2025-08-23,Hyderabad,Hyderabad,Nagpur,199.4,Beauty,7,7.6,Air,Shadowfax,2026.26,207.54,7.34,2025-08-25,2025-08-27,2025-08-28,Delayed,3.0,No,No,3,1,10.161785356068204,2233.8,0
ORD102496,CUST12642,2025-10-10,Mumbai,Mumbai,Bhopal,760.4,Automotive,6,2.53,Road,Delhivery,3183.59,611.29,9.77,2025-10-12,2025-10-19,2025-10-19,Delivered,4.0,No,No,7,0,4.186730668069438,3794.88,1
ORD103453,CUST10242,2025-09-04,Pune,Pune,Mumbai,985.3,Beauty,1,1.96,Rail,Shadowfax,3212.35,1037.63,9.81,2025-09-07,2025-09-16,2025-09-16,Delivered,5.0,No,No,9,0,3.260276058053385,4249.98,1
ORD100739,CUST10540,2025-09-30,Hyderabad,Hyderabad,Visakhapatnam,1245.8,Books,1,6.91,Rail,Ecom Express,4066.99,1352.79,5.54,2025-10-02,2025-10-09,2025-10-09,Delivered,5.0,No,No,7,0,3.2645609247070153,5419.78,1
ORD104841,CUST12176,2025-06-23,Bengaluru,Bengaluru,Vijayawada,146.4,Electronics,3,6.11,Road,Blue Dart,980.43,141.82,7.48,2025-06-25,2025-06-29,2025-06-29,Delivered,5.0,No,No,4,0,6.696926229508196,1122.25,1
ORD104930,CUST11139,2025-03-24,Bengaluru,Bengaluru,Mumbai,700.0,Electronics,2,5.59,Road,Shadowfax,3112.19,685.32,7.13,2025-03-26,2025-04-01,2025-04-01,Delivered,4.0,No,Yes,6,0,4.445985714285714,3797.51,1
ORD102859,CUST11362,2025-08-17,Bengaluru,Bengaluru,Coimbatore,201.7,Sports,2,6.52,Air,Shadowfax,1797.03,213.87,10.32,2025-08-19,2025-08-20,2025-08-20,Delivered,4.0,No,No,1,0,8.909419930589985,2010.9,1
ORD100821,CUST12640,2025-09-07,Mumbai,Mumbai,Coimbatore,154.7,Electronics,5,3.53,Road,Delhivery,779.63,130.29,11.66,2025-09-10,2025-09-15,2025-09-15,Delivered,5.0,No,Yes,5,0,5.039625080801552,909.92,1
ORD103404,CUST12381,2025-10-30,Hyderabad,Hyderabad,Pune,679.8,Automotive,2,2.99,Air,Xpressbees,6124.36,637.19,7.68,2025-11-01,2025-11-04,2025-11-04,Delivered,4.0,No,No,3,0,9.00906148867314,6761.549999999999,1
ORD100604,CUST12176,2025-02-22,Mumbai,Mumbai,Delhi,212.0,Clothing,5,7.72,Road,Blue Dart,1167.49,213.04,8.92,2025-02-24,2025-02-27,2025-03-02,Delayed,3.0,No,No,6,3,5.507028301886793,1380.53,0
ORD101210,CUST10194,2025-10-31,Bengaluru,Bengaluru,Indore,61.1,Home & Kitchen,1,7.24,Express,Shadowfax,657.56,73.6,9.96,2025-11-02,2025-11-06,2025-11-06,Delivered,4.0,No,No,4,0,10.762029459901798,731.16,1
ORD104758,CUST11141,2025-11-18,Pune,Pune,Delhi,364.4,Books,7,4.46,Road,Dtdc,1686.11,385.5,10.51,2025-11-20,2025-11-24,2025-11-24,Delivered,5.0,No,No,4,0,4.627085620197585,2071.6099999999997,1
ORD100705,CUST11827,2025-03-02,Bengaluru,Bengaluru,Vijayawada,473.8,Clothing,1,4.02,Road,Delhivery,2115.46,530.3,8.7,2025-03-03,2025-03-09,2025-03-09,Delivered,4.0,No,No,6,0,4.464879696074293,2645.76,1
ORD101367,CUST10794,2025-03-14,Bengaluru,Bengaluru,Bhopal,269.5,Beauty,5,1.18,Road,Ecom Express,1286.8,317.99,11.01,2025-03-16,2025-03-20,2025-03-20,Delivered,3.0,No,No,4,0,4.774768089053803,1604.79,1
ORD100270,CUST10848,2025-06-14,Chennai,Chennai,Delhi,310.6,Clothing,1,11.44,Road,Dtdc,1547.57,326.24,6.76,2025-06-17,2025-06-21,2025-06-21,Delivered,5.0,No,No,4,0,4.982517707662588,1873.81,1
ORD104763,CUST11872,2025-08-27,Hyderabad,Hyderabad,Mumbai,386.0,Automotive,4,3.87,Air,Xpressbees,3709.53,222.32,4.84,2025-08-29,2025-08-31,2025-08-31,Delivered,4.0,No,No,2,0,9.61018134715026,3931.8500000000004,1
ORD100559,CUST12678,2025-07-31,Pune,Pune,Visakhapatnam,465.7,Books,7,4.71,Road,Shadowfax,2095.45,389.97,8.91,2025-08-02,2025-08-06,2025-08-06,Delivered,4.0,No,No,4,0,4.499570538973588,2485.42,1
ORD104924,CUST11687,2025-12-20,Delhi,Delhi,Bhopal,1199.4,Automotive,7,9.44,Rail,Blue Dart,4167.26,837.43,7.0,2025-12-22,2025-12-31,2025-12-31,Delivered,5.0,No,No,9,0,3.4744538936134735,5004.6900000000005,1
ORD101547,CUST12254,2025-07-27,Chennai,Chennai,Lucknow,866.6,Automotive,5,10.09,Road,Delhivery,3844.39,886.53,8.1,2025-07-29,2025-08-05,2025-08-08,Delayed,4.0,No,No,10,3,4.436175859681514,4730.92,0
ORD103945,CUST12361,2025-06-14,Hyderabad,Hyderabad,Visakhapatnam,652.9,Grocery,7,7.96,Road,Xpressbees,3005.12,663.08,4.17,2025-06-15,2025-06-21,2025-06-21,Delivered,4.0,No,No,6,0,4.602726298054832,3668.2,1
ORD100610,CUST10101,2025-02-09,Bengaluru,Bengaluru,Chennai,171.7,Books,2,4.02,Rail,Dtdc,714.85,216.15,0.0,2025-02-12,2025-02-19,2025-02-19,Delivered,4.0,No,Yes,7,0,4.163366336633664,931.0,1
ORD104287,CUST12198,2025-05-29,Delhi,Delhi,Bhopal,129.0,Beauty,5,3.13,Rail,Xpressbees,592.32,112.36,8.52,2025-05-31,2025-06-07,2025-06-07,Delivered,4.0,No,No,7,0,4.591627906976744,704.6800000000001,1
ORD101193,CUST10693,2025-03-17,Chennai,Chennai,Pune,770.0,Electronics,5,8.55,Air,Xpressbees,7215.59,798.9,8.71,2025-03-19,2025-03-24,2025-03-24,Delivered,4.0,No,No,5,0,9.370896103896104,8014.49,1
ORD103640,CUST11962,2025-11-21,Delhi,Delhi,Hyderabad,280.6,Books,3,8.61,Air,Xpressbees,2664.79,151.72,9.68,2025-11-23,2025-11-25,2025-11-25,Delivered,5.0,No,No,2,0,9.496756949394154,2816.5099999999998,1
ORD101702,CUST12716,2025-03-08,Pune,Pune,Hyderabad,561.0,Clothing,5,4.73,Rail,Delhivery,1887.66,675.01,6.45,2025-03-10,2025-03-17,2025-03-22,Delayed,4.0,No,No,12,5,3.364812834224599,2562.67,0
ORD102282,CUST10190,2025-07-26,Hyderabad,Hyderabad,Nagpur,584.3,Automotive,4,1.36,Road,Ecom Express,2539.25,526.33,5.05,2025-07-28,2025-08-03,2025-08-04,Delayed,4.0,No,No,7,1,4.345798391237379,3065.58,0
ORD101827,CUST11812,2025-10-28,Mumbai,Mumbai,Kolkata,537.6,Grocery,5,5.96,Rail,Delhivery,2052.48,369.74,5.43,2025-10-30,2025-11-05,2025-11-05,Delivered,5.0,No,No,6,0,3.8178571428571426,2422.2200000000003,1
ORD101345,CUST10831,2025-04-02,Hyderabad,Hyderabad,Chennai,211.9,Grocery,6,4.08,Air,Blue Dart,2011.84,152.77,7.01,2025-04-05,2025-04-07,2025-04-13,Delayed,2.0,No,No,8,6,9.494289759320434,2164.61,0
ORD100095,CUST10851,2025-09-15,Hyderabad,Hyderabad,Surat,226.7,Books,7,0.97,Rail,Delhivery,679.92,252.5,7.98,2025-09-18,2025-09-24,2025-09-24,Delivered,4.0,No,No,6,0,2.999205999117777,932.42,1
ORD100254,CUST10355,2025-04-20,Chennai,Chennai,Lucknow,540.6,Electronics,3,3.73,Road,Delhivery,2237.38,411.15,10.5,2025-04-23,2025-04-30,2025-05-03,Delayed,3.0,No,No,10,3,4.138697743248243,2648.53,0
ORD104626,CUST12430,2025-12-31,Bengaluru,Bengaluru,Kochi,122.9,Grocery,1,7.09,Road,Xpressbees,646.66,135.18,7.67,2026-01-03,2026-01-08,2026-01-08,Delivered,4.0,No,No,5,0,5.261676159479251,781.8399999999999,1
ORD101987,CUST10577,2025-04-16,Hyderabad,Hyderabad,Vijayawada,634.0,Home & Kitchen,4,7.86,Road,Ecom Express,2966.95,541.4,11.14,2025-04-18,2025-04-24,2025-04-24,Delivered,5.0,No,No,6,0,4.6797318611987375,3508.35,1
ORD100447,CUST10021,2025-06-24,Mumbai,Mumbai,Hyderabad,931.5,Grocery,7,8.9,Air,Ecom Express,8664.5,792.97,8.2,2025-06-27,2025-07-02,2025-07-02,Delivered,4.0,No,No,5,0,9.301663982823403,9457.47,1
ORD104322,CUST11162,2025-07-12,Bengaluru,Bengaluru,Vijayawada,549.9,Beauty,6,7.15,Road,Dtdc,2454.59,416.75,4.01,2025-07-14,2025-07-20,2025-07-20,Delivered,4.0,No,No,6,0,4.463702491362066,2871.34,1
ORD101424,CUST12670,2025-02-20,Pune,Pune,Visakhapatnam,709.2,Automotive,1,9.29,Road,Ecom Express,3100.42,556.01,9.3,2025-02-23,2025-03-02,2025-03-02,Delivered,4.0,No,No,7,0,4.371714608009024,3656.4300000000003,1
ORD102053,CUST11973,2025-03-01,Bengaluru,Bengaluru,Ahmedabad,59.0,Electronics,5,1.82,Rail,Dtdc,307.63,21.81,6.88,2025-03-02,2025-03-09,2025-03-09,Delivered,5.0,Yes,Yes,7,0,5.21406779661017,329.44,1
ORD102480,CUST11406,2025-02-15,Delhi,Delhi,Surat,230.0,Beauty,7,11.77,Road,Shadowfax,1181.62,213.15,10.69,2025-02-17,2025-02-22,2025-02-22,Delivered,5.0,No,No,5,0,5.137478260869565,1394.77,1
ORD100650,CUST12608,2025-02-13,Hyderabad,Hyderabad,Chennai,151.2,Clothing,2,2.6,Express,Shadowfax,1097.81,94.87,5.35,2025-02-16,2025-02-18,2025-02-18,Delivered,5.0,No,No,2,0,7.260648148148149,1192.6799999999998,1
ORD103101,CUST12460,2025-01-09,Chennai,Chennai,Delhi,556.6,Electronics,7,4.59,Road,Shadowfax,2416.35,638.03,7.94,2025-01-11,2025-01-17,2025-01-17,Delivered,5.0,No,No,6,0,4.341268415379087,3054.38,1
ORD102183,CUST12197,2025-08-26,Mumbai,Mumbai,Nagpur,1078.1,Grocery,7,6.14,Rail,Ecom Express,3490.81,1095.19,11.46,2025-08-28,2025-09-05,2025-09-08,Delayed,4.0,No,No,11,3,3.237927836007792,4586.0,0
ORD104040,CUST10368,2025-04-15,Chennai,Chennai,Kochi,352.8,Grocery,1,3.54,Air,Blue Dart,3372.94,294.69,6.38,2025-04-17,2025-04-21,2025-04-21,Delivered,4.0,No,No,4,0,9.560487528344671,3667.63,1
ORD104422,CUST10708,2025-05-27,Chennai,Chennai,Jaipur,112.5,Electronics,5,6.83,Road,Shadowfax,654.87,104.35,6.69,2025-05-29,2025-06-02,2025-06-02,Delivered,4.0,No,No,4,0,5.821066666666667,759.22,1
ORD101278,CUST10638,2025-11-05,Chennai,Chennai,Indore,244.8,Home & Kitchen,7,4.97,Rail,Ecom Express,908.64,292.63,5.22,2025-11-06,2025-11-12,2025-11-12,Delivered,5.0,No,Yes,6,0,3.7117647058823526,1201.27,1
ORD100090,CUST10752,2025-11-14,Chennai,Chennai,Coimbatore,206.5,Electronics,3,1.91,Road,Dtdc,881.11,186.05,10.37,2025-11-16,2025-11-21,2025-11-21,Delivered,4.0,No,No,5,0,4.266876513317191,1067.16,1
ORD104080,CUST10123,2025-07-17,Hyderabad,Hyderabad,Chennai,287.9,Automotive,4,4.84,Express,Xpressbees,2080.81,352.81,6.58,2025-07-19,2025-07-22,2025-07-22,Delivered,5.0,No,No,3,0,7.22754428621049,2433.62,1
ORD100860,CUST11084,2025-01-30,Hyderabad,Hyderabad,Indore,406.0,Books,5,1.13,Road,Xpressbees,1999.29,409.13,8.0,2025-02-01,2025-02-07,2025-02-07,Delivered,4.0,No,No,6,0,4.92435960591133,2408.42,1
ORD101739,CUST12653,2025-11-24,Bengaluru,Bengaluru,Delhi,557.3,Sports,3,3.44,Air,Delhivery,5199.21,531.34,5.46,2025-11-26,2025-11-30,2025-12-04,Delayed,3.0,No,No,8,4,9.329284048089,5730.55,0
ORD102385,CUST11921,2025-04-27,Delhi,Delhi,Surat,971.9,Automotive,6,3.23,Rail,Ecom Express,3100.84,884.28,10.55,2025-04-29,2025-05-07,2025-05-11,Delayed,3.0,No,No,12,4,3.190492849058545,3985.12,0
ORD101217,CUST10656,2025-01-09,Bengaluru,Bengaluru,Nagpur,238.7,Grocery,3,6.21,Road,Xpressbees,1091.18,235.27,9.36,2025-01-11,2025-01-16,2025-01-18,Delayed,3.0,No,No,7,2,4.57134478424801,1326.45,0
ORD104258,CUST11517,2025-08-18,Chennai,Chennai,Nagpur,318.2,Home & Kitchen,3,1.95,Road,Xpressbees,1316.2,259.37,6.73,2025-08-20,2025-08-26,2025-08-26,Delivered,4.0,No,No,6,0,4.136392206159648,1575.5700000000002,1
ORD102664,CUST11741,2025-04-11,Chennai,Chennai,Surat,332.8,Grocery,2,4.18,Road,Blue Dart,1449.51,347.42,7.92,2025-04-13,2025-04-18,2025-04-18,Delivered,4.0,No,No,5,0,4.355498798076923,1796.93,1
ORD101472,CUST10544,2025-04-14,Pune,Pune,Indore,332.2,Home & Kitchen,7,1.22,Rail,Shadowfax,1190.23,252.4,10.88,2025-04-17,2025-04-24,2025-04-24,Delivered,4.0,No,Yes,7,0,3.5828717639975918,1442.63,1
ORD102745,CUST10178,2025-08-10,Hyderabad,Hyderabad,Pune,311.6,Sports,1,3.91,Road,Shadowfax,1351.94,230.64,5.71,2025-08-13,2025-08-19,2025-08-19,Delivered,5.0,No,No,6,0,4.338703465982028,1582.58,1
ORD103929,CUST10458,2025-11-24,Mumbai,Mumbai,Ahmedabad,233.5,Clothing,7,1.85,Rail,Delhivery,779.52,203.42,10.36,2025-11-26,2025-12-03,2025-12-03,Delivered,4.0,No,No,7,0,3.3384154175588865,982.9399999999999,1
ORD104750,CUST10525,2025-11-06,Delhi,Delhi,Ahmedabad,286.2,Sports,5,6.57,Express,Blue Dart,2282.06,330.56,8.67,2025-11-08,2025-11-11,2025-11-11,Delivered,4.0,No,No,3,0,7.973654786862334,2612.62,1
ORD104395,CUST11646,2025-02-03,Mumbai,Mumbai,Coimbatore,138.4,Clothing,5,3.88,Rail,Delhivery,590.84,140.68,11.06,2025-02-06,2025-02-12,2025-02-12,Delivered,4.0,No,Yes,6,0,4.269075144508671,731.52,1
ORD100173,CUST12692,2025-04-21,Mumbai,Mumbai,Chennai,433.8,Automotive,4,9.84,Express,Shadowfax,3245.46,459.54,6.48,2025-04-23,2025-04-26,2025-04-26,Delivered,4.0,No,No,3,0,7.481466113416321,3705.0,1
ORD104722,CUST12650,2025-01-29,Hyderabad,Hyderabad,Surat,639.6,Grocery,3,9.91,Rail,Dtdc,2205.2,489.32,10.18,2025-01-31,2025-02-06,2025-02-06,Delivered,4.0,No,Yes,6,0,3.4477798624140084,2694.52,1
ORD103983,CUST12233,2025-03-30,Delhi,Delhi,Vijayawada,498.0,Beauty,3,3.3,Rail,Dtdc,1602.74,570.76,9.22,2025-04-02,2025-04-08,2025-04-08,Delivered,4.0,No,No,6,0,3.2183534136546186,2173.5,1
ORD102740,CUST11224,2025-12-05,Delhi,Delhi,Ahmedabad,50.3,Books,1,2.69,Air,Blue Dart,473.92,20.0,7.93,2025-12-07,2025-12-09,2025-12-09,Delivered,4.0,No,No,2,0,9.421868787276344,493.92,1
ORD100865,CUST10834,2025-07-27,Hyderabad,Hyderabad,Pune,589.3,Sports,7,4.74,Air,Shadowfax,5482.62,595.8,4.87,2025-07-29,2025-07-31,2025-07-31,Delivered,5.0,No,No,2,0,9.303614457831326,6078.42,1
ORD103687,CUST11329,2025-10-15,Bengaluru,Bengaluru,Vijayawada,430.9,Sports,7,5.72,Road,Delhivery,1953.25,350.68,12.49,2025-10-18,2025-10-25,2025-10-25,Delivered,5.0,No,No,7,0,4.532954281735901,2303.93,1
ORD100920,CUST10595,2025-10-29,Delhi,Delhi,Indore,794.1,Books,3,4.92,Express,Dtdc,5723.79,0.0,9.55,2025-10-31,2025-11-06,2025-11-07,Delayed,3.0,No,No,7,1,7.207895731016245,5723.79,0
ORD103504,CUST10346,2025-02-27,Delhi,Delhi,Lucknow,487.2,Sports,6,6.94,Road,Xpressbees,2116.72,511.96,6.18,2025-03-01,2025-03-06,2025-03-06,Delivered,4.0,No,No,5,0,4.344663382594417,2628.68,1
ORD102804,CUST10102,2025-03-11,Pune,Pune,Bhopal,163.4,Home & Kitchen,7,4.47,Express,Blue Dart,1199.27,173.68,9.06,2025-03-13,2025-03-17,2025-03-17,Delivered,3.0,No,No,4,0,7.339473684210526,1372.95,1
ORD102722,CUST11271,2025-10-14,Mumbai,Mumbai,Pune,176.8,Electronics,1,4.48,Road,Delhivery,836.68,86.38,10.79,2025-10-17,2025-10-22,2025-10-22,Delivered,4.0,No,Yes,5,0,4.73235294117647,923.06,1
ORD104620,CUST12516,2025-08-22,Chennai,Chennai,Surat,602.6,Books,1,9.05,Rail,Blue Dart,2306.44,731.99,8.06,2025-08-24,2025-08-30,2025-08-30,Delivered,4.0,No,No,6,0,3.827480916030534,3038.4300000000003,1
ORD100124,CUST12499,2025-10-18,Delhi,Delhi,Surat,173.8,Grocery,4,1.68,Express,Shadowfax,1215.41,121.46,9.38,2025-10-21,2025-10-25,2025-10-25,Delivered,4.0,No,No,4,0,6.993153049482164,1336.8700000000001,1
ORD102206,CUST12335,2025-03-26,Bengaluru,Bengaluru,Indore,382.8,Automotive,2,7.57,Air,Blue Dart,3604.5,295.8,6.58,2025-03-28,2025-03-31,2025-03-31,Delivered,5.0,No,No,3,0,9.41614420062696,3900.3,1
ORD103107,CUST11448,2025-11-28,Mumbai,Mumbai,Kochi,400.8,Books,1,4.74,Air,Dtdc,3697.83,435.06,11.33,2025-11-30,2025-12-03,2025-12-05,Delayed,3.0,No,No,5,2,9.226122754491017,4132.89,0
ORD104676,CUST10687,2025-12-10,Bengaluru,Bengaluru,Hyderabad,129.1,Home & Kitchen,1,11.75,Road,Blue Dart,730.09,85.61,6.67,2025-12-13,2025-12-18,2025-12-18,Delivered,4.0,No,No,5,0,5.655228505034858,815.7,1
ORD103478,CUST10281,2025-05-31,Chennai,Chennai,Jaipur,392.2,Sports,4,7.91,Road,Delhivery,1917.57,367.31,10.53,2025-06-02,2025-06-08,2025-06-10,Delayed,3.0,Yes,No,8,2,4.8892656807751145,2284.88,0
ORD101771,CUST11700,2025-05-24,Mumbai,Mumbai,Indore,399.1,Sports,7,4.18,Road,Xpressbees,1730.16,373.6,10.02,2025-05-27,2025-06-02,2025-06-04,Delayed,4.0,No,No,8,2,4.3351540967176145,2103.76,0
ORD102240,CUST10617,2025-02-11,Hyderabad,Hyderabad,Vijayawada,756.8,Electronics,6,26.59,Express,Xpressbees,5675.16,838.38,0.0,2025-02-14,2025-02-18,2025-02-18,Delivered,5.0,No,No,4,0,7.498890063424947,6513.54,1
ORD104300,CUST12612,2025-05-19,Pune,Pune,Delhi,196.0,Home & Kitchen,2,11.22,Road,Delhivery,996.61,160.52,8.34,2025-05-20,2025-05-24,2025-05-24,Delivered,4.0,No,No,4,0,5.084744897959184,1157.13,1
ORD103835,CUST10968,2025-03-08,Delhi,Delhi,Bhopal,133.5,Clothing,6,3.91,Road,Delhivery,662.08,140.75,11.33,2025-03-11,2025-03-17,2025-03-18,Delayed,3.0,No,No,7,1,4.959400749063671,802.83,0
ORD101937,CUST10238,2025-10-15,Delhi,Delhi,Ahmedabad,79.9,Beauty,2,8.75,Air,Xpressbees,897.4,91.71,15.1,2025-10-18,2025-10-20,2025-10-23,Delayed,3.0,No,No,5,3,11.23153942428035,989.11,0
ORD102363,CUST10264,2025-09-24,Chennai,Chennai,Lucknow,417.2,Electronics,4,4.12,Road,Delhivery,1880.33,267.89,12.04,2025-09-27,2025-10-02,2025-10-05,Delayed,4.0,No,No,8,3,4.507023010546501,2148.22,0
ORD102633,CUST10552,2025-03-29,Pune,Pune,Hyderabad,150.9,Automotive,7,1.4,Road,Xpressbees,515.85,69.05,8.59,2025-04-01,2025-04-06,2025-04-06,Delivered,4.0,No,No,5,0,3.418489065606362,584.9,1
ORD100682,CUST10623,2025-06-24,Delhi,Delhi,Surat,177.8,Beauty,4,6.12,Road,Delhivery,935.68,170.62,10.69,2025-06-27,2025-07-02,2025-07-03,Delayed,2.0,No,No,6,1,5.262542182227221,1106.3,0
ORD103454,CUST10416,2025-09-16,Chennai,Chennai,Visakhapatnam,938.5,Beauty,6,6.57,Road,Shadowfax,4090.78,1007.07,4.58,2025-09-18,2025-09-23,2025-09-27,Delayed,3.0,No,No,9,4,4.358849227490677,5097.85,0
ORD102096,CUST10872,2025-04-10,Hyderabad,Hyderabad,Mumbai,378.6,Electronics,2,15.31,Rail,Delhivery,1443.17,282.37,7.36,2025-04-11,2025-04-17,2025-04-17,Delivered,4.0,No,No,6,0,3.8118594823032224,1725.54,1
ORD102774,CUST11487,2025-10-28,Delhi,Delhi,Vijayawada,335.0,Clothing,2,6.5,Air,Dtdc,3340.3,294.98,5.9,2025-10-30,2025-11-01,2025-11-01,Delivered,4.0,No,No,2,0,9.971044776119404,3635.28,1
ORD104369,CUST10879,2025-07-28,Chennai,Chennai,Mumbai,370.2,Books,5,8.37,Road,Xpressbees,1794.18,269.56,9.37,2025-07-30,2025-08-05,2025-08-05,Delivered,5.0,No,No,6,0,4.846515397082658,2063.7400000000002,1
ORD102690,CUST11413,2025-03-29,Pune,Pune,Chennai,189.4,Electronics,3,1.0,Road,Ecom Express,865.71,131.81,10.94,2025-04-01,2025-04-07,2025-04-07,Delivered,4.0,No,No,6,0,4.570802534318902,997.52,1
ORD102052,CUST10770,2025-01-02,Mumbai,Mumbai,Visakhapatnam,202.2,Sports,7,5.13,Rail,Blue Dart,744.16,90.9,9.15,2025-01-04,2025-01-09,2025-01-09,Delivered,5.0,No,No,5,0,3.680316518298714,835.06,1
ORD100693,CUST11362,2025-03-31,Pune,Pune,Jaipur,579.6,Electronics,7,4.2,Road,Blue Dart,2551.2,550.31,5.76,2025-04-03,2025-04-09,2025-04-09,Delivered,5.0,No,No,6,0,4.4016563146997925,3101.5099999999998,1
ORD103721,CUST11975,2025-12-15,Chennai,Chennai,Coimbatore,455.0,Home & Kitchen,4,4.03,Air,Dtdc,4098.22,543.16,3.85,2025-12-17,2025-12-21,2025-12-21,Delivered,4.0,No,No,4,0,9.007076923076923,4641.38,1
ORD101017,CUST10203,2025-05-10,Hyderabad,Hyderabad,Ahmedabad,171.0,Clothing,1,13.69,Air,Blue Dart,1726.96,159.15,3.82,2025-05-11,2025-05-15,2025-05-15,Delivered,4.0,No,No,4,0,10.099181286549708,1886.1100000000001,1
ORD104365,CUST12598,2025-07-06,Hyderabad,Hyderabad,Lucknow,491.6,Automotive,4,9.29,Rail,Delhivery,1649.01,574.14,7.57,2025-07-08,2025-07-15,2025-07-15,Delivered,4.0,No,No,7,0,3.354373474369406,2223.15,1
ORD103781,CUST10803,2025-04-13,Mumbai,Mumbai,Surat,505.2,Grocery,5,5.43,Road,Blue Dart,2295.19,391.12,12.57,2025-04-16,2025-04-21,2025-04-21,Delivered,4.0,No,No,5,0,4.5431314330958035,2686.31,1
ORD101257,CUST10971,2025-05-01,Bengaluru,Bengaluru,Bhopal,363.9,Beauty,3,5.01,Road,Shadowfax,1703.21,272.81,6.93,2025-05-03,2025-05-08,2025-05-10,Delayed,3.0,No,No,7,2,4.680434185215719,1976.02,0
ORD102842,CUST11830,2025-09-16,Chennai,Chennai,Nagpur,376.8,Clothing,7,4.93,Rail,Dtdc,1436.78,429.85,6.89,2025-09-18,2025-09-24,2025-09-27,Delayed,3.0,No,No,9,3,3.8131104033970273,1866.63,0
ORD102869,CUST10488,2025-01-28,Hyderabad,Hyderabad,Nagpur,835.4,Automotive,3,3.26,Road,Shadowfax,3623.65,917.1,9.07,2025-01-31,2025-02-06,2025-02-06,Delivered,3.0,No,No,6,0,4.337622695714628,4540.75,1
ORD103032,CUST11462,2025-02-19,Bengaluru,Bengaluru,Kolkata,472.1,Sports,4,10.45,Rail,Xpressbees,1601.81,378.72,7.43,2025-02-21,2025-02-27,2025-02-27,Delivered,3.0,No,No,6,0,3.39294640965897,1980.53,1
ORD103762,CUST10015,2025-01-30,Mumbai,Mumbai,Bengaluru,883.7,Clothing,6,10.75,Road,Blue Dart,3996.82,814.9,12.34,2025-02-02,2025-02-08,2025-02-08,Delivered,4.0,No,No,6,0,4.522824487948399,4811.72,1
ORD100937,CUST10963,2025-07-23,Delhi,Delhi,Mumbai,147.5,Automotive,7,4.52,Air,Xpressbees,1536.58,130.27,10.3,2025-07-26,2025-07-27,2025-07-27,Delivered,4.0,No,No,1,0,10.417491525423728,1666.85,1
ORD100819,CUST11490,2025-01-25,Mumbai,Mumbai,Kolkata,649.8,Clothing,4,0.55,Road,Ecom Express,2859.17,645.63,9.75,2025-01-28,2025-02-03,2025-02-03,Delivered,5.0,No,No,6,0,4.400076946752847,3504.8,1
ORD104549,CUST11853,2025-01-31,Hyderabad,Hyderabad,Surat,543.8,Home & Kitchen,6,0.99,Road,Ecom Express,2461.23,507.1,5.28,2025-02-02,2025-02-09,2025-02-09,Delivered,5.0,No,No,7,0,4.525983817579993,2968.33,1
ORD102794,CUST10531,2025-08-20,Chennai,Chennai,Coimbatore,448.5,Electronics,3,2.86,Road,Ecom Express,2063.52,408.58,7.81,2025-08-21,2025-08-27,2025-08-27,Delivered,5.0,No,No,6,0,4.600936454849498,2472.1,1
ORD104029,CUST10244,2025-11-25,Pune,Pune,Delhi,590.6,Clothing,2,9.65,Air,Dtdc,5480.4,497.97,9.09,2025-11-27,2025-11-30,2025-11-30,Delivered,4.0,No,No,3,0,9.279376904842533,5978.37,1
ORD100481,CUST12731,2025-10-27,Bengaluru,Bengaluru,Ahmedabad,142.6,Beauty,4,8.03,Rail,Blue Dart,594.38,57.95,4.38,2025-10-29,2025-11-03,2025-11-03,Delivered,4.0,No,No,5,0,4.168162692847125,652.33,1
ORD100571,CUST12570,2025-09-02,Delhi,Delhi,Pune,559.0,Automotive,2,3.99,Rail,Shadowfax,1938.87,564.96,10.34,2025-09-05,2025-09-13,2025-09-13,Delivered,5.0,No,No,8,0,3.4684615384615385,2503.83,1
ORD100294,CUST10394,2025-03-04,Bengaluru,Bengaluru,Bhopal,353.2,Electronics,5,13.27,Rail,Xpressbees,1392.01,264.34,5.83,2025-03-06,2025-03-12,2025-03-12,Delivered,5.0,No,No,6,0,3.9411381653454134,1656.35,1
ORD102996,CUST10016,2025-07-17,Hyderabad,Hyderabad,Surat,308.7,Automotive,2,3.75,Rail,Delhivery,1096.12,364.59,9.2,2025-07-20,2025-07-26,2025-07-26,Delivered,5.0,No,No,6,0,3.5507612568837055,1460.7099999999998,1
ORD101774,CUST10108,2025-08-11,Bengaluru,Bengaluru,Chennai,1213.4,Beauty,5,2.29,Air,Dtdc,11177.94,1363.07,6.9,2025-08-13,2025-08-18,2025-08-18,Delivered,5.0,No,No,5,0,9.212081753749795,12541.01,1
ORD102585,CUST11018,2025-04-06,Chennai,Chennai,Coimbatore,711.5,Clothing,4,11.19,Air,Xpressbees,6699.01,634.71,10.66,2025-04-08,2025-04-11,2025-04-11,Delivered,5.0,No,No,3,0,9.415333801827126,7333.72,1
ORD102892,CUST10701,2025-04-03,Hyderabad,Hyderabad,Kochi,573.1,Electronics,1,4.55,Air,Blue Dart,5178.44,424.7,6.07,2025-04-05,2025-04-07,2025-04-07,Delivered,5.0,No,Yes,2,0,9.035840167510033,5603.139999999999,1
ORD101213,CUST10482,2025-07-28,Pune,Pune,Lucknow,708.5,Sports,6,0.29,Road,Delhivery,3158.07,524.65,11.77,2025-07-30,2025-08-06,2025-08-06,Delivered,5.0,No,No,7,0,4.457402964008469,3682.7200000000003,1
ORD100888,CUST11633,2025-09-24,Pune,Pune,Indore,121.0,Beauty,5,12.23,Road,Shadowfax,855.64,33.35,9.64,2025-09-27,2025-10-01,2025-10-01,Delivered,4.0,No,No,4,0,7.071404958677686,888.99,1
ORD102902,CUST12754,2025-10-23,Chennai,Chennai,Hyderabad,647.0,Beauty,7,2.63,Air,Dtdc,5875.59,461.36,11.09,2025-10-26,2025-10-29,2025-11-01,Delayed,4.0,No,No,6,3,9.0812828438949,6336.95,0
ORD101815,CUST10950,2025-06-22,Mumbai,Mumbai,Indore,244.3,Automotive,7,1.45,Road,Blue Dart,1152.32,185.38,7.16,2025-06-24,2025-06-28,2025-06-28,Delivered,4.0,No,No,4,0,4.7168235775685625,1337.6999999999998,1
ORD102574,CUST10678,2025-06-03,Chennai,Chennai,Indore,638.3,Beauty,5,8.53,Express,Delhivery,4657.75,687.49,8.8,2025-06-05,2025-06-10,2025-06-12,Delayed,4.0,No,No,7,2,7.29711734294219,5345.24,0
ORD104677,CUST10387,2025-06-13,Pune,Pune,Ahmedabad,29.9,Electronics,6,7.86,Air,Delhivery,396.85,25.57,11.08,2025-06-15,2025-06-18,2025-06-20,Delayed,5.0,No,No,5,2,13.272575250836121,422.42,0
ORD103533,CUST12071,2025-08-06,Pune,Pune,Nagpur,215.6,Grocery,2,1.07,Road,Xpressbees,1056.57,229.87,4.9,2025-08-08,2025-08-12,2025-08-13,Delayed,3.0,No,No,5,1,4.900602968460111,1286.44,0
ORD101603,CUST10514,2025-12-31,Mumbai,Mumbai,Kochi,318.5,Beauty,1,3.74,Road,Xpressbees,1319.28,303.11,6.74,2026-01-03,2026-01-09,2026-01-09,Delivered,5.0,No,No,6,0,4.142166405023548,1622.3899999999999,1
ORD101649,CUST12580,2025-06-29,Bengaluru,Bengaluru,Nagpur,1373.5,Grocery,5,8.49,Road,Delhivery,5990.78,1488.02,6.43,2025-07-01,2025-07-09,2025-07-12,Delayed,3.0,No,Yes,11,3,4.361689115398616,7478.799999999999,0
ORD104544,CUST11312,2025-10-24,Mumbai,Mumbai,Bhopal,376.6,Grocery,4,1.27,Rail,Blue Dart,1134.89,394.88,12.13,2025-10-27,2025-11-04,2025-11-06,Delayed,3.0,No,No,10,2,3.0135156664896443,1529.77,0
ORD102484,CUST12582,2025-05-19,Bengaluru,Bengaluru,Lucknow,145.5,Electronics,4,4.79,Road,Shadowfax,793.07,133.77,5.48,2025-05-21,2025-05-25,2025-05-25,Delivered,4.0,No,No,4,0,5.4506529209622,926.84,1
ORD100158,CUST10755,2025-01-16,Hyderabad,Hyderabad,Pune,105.4,Beauty,3,1.03,Road,Dtdc,620.76,41.85,6.28,2025-01-18,2025-01-22,2025-01-26,Delayed,4.0,No,No,8,4,5.889563567362428,662.61,0
ORD100883,CUST11465,2025-09-08,Hyderabad,Hyderabad,Jaipur,65.9,Automotive,4,2.47,Road,Delhivery,375.02,65.88,8.78,2025-09-10,2025-09-15,2025-09-20,Delayed,4.0,No,No,10,5,5.690743550834597,440.9,0
ORD101261,CUST12570,2025-03-27,Chennai,Chennai,Jaipur,673.9,Home & Kitchen,6,13.83,Road,Blue Dart,3159.62,646.9,8.27,2025-03-30,2025-04-05,2025-04-05,Delivered,4.0,No,No,6,0,4.688559133402582,3806.52,1
ORD103962,CUST10752,2025-01-13,Chennai,Chennai,Kochi,294.1,Beauty,7,1.55,Road,Shadowfax,1262.33,323.88,7.1,2025-01-15,2025-01-20,2025-01-20,Delivered,4.0,No,No,5,0,4.292179530771846,1586.21,1
ORD103528,CUST11793,2025-04-04,Hyderabad,Hyderabad,Indore,166.5,Books,7,2.11,Road,Shadowfax,888.73,165.31,8.64,2025-04-07,2025-04-11,2025-04-11,Delivered,4.0,No,No,4,0,5.337717717717718,1054.04,1
ORD100673,CUST10791,2025-05-02,Hyderabad,Hyderabad,Nagpur,179.6,Home & Kitchen,5,2.49,Rail,Shadowfax,596.72,103.84,7.78,2025-05-04,2025-05-11,2025-05-11,Delivered,4.0,No,No,7,0,3.3224944320712697,700.5600000000001,1
ORD100675,CUST11946,2025-12-23,Pune,Pune,Surat,232.6,Beauty,2,1.68,Air,Blue Dart,2080.8,231.95,7.37,2025-12-25,2025-12-28,2025-12-28,Delivered,4.0,No,No,3,0,8.945829750644885,2312.75,1
ORD100236,CUST10188,2025-03-25,Delhi,Delhi,Mumbai,546.7,Sports,6,3.8,Road,Dtdc,2519.52,663.37,0.0,2025-03-27,2025-04-02,2025-04-04,Delayed,4.0,No,No,8,2,4.60859703676605,3182.89,0
ORD102446,CUST12333,2025-11-19,Hyderabad,Hyderabad,Pune,787.5,Sports,3,2.7,Road,Dtdc,3418.48,747.84,8.29,2025-11-22,2025-11-28,2025-11-28,Delivered,5.0,No,No,6,0,4.340926984126984,4166.32,1
ORD103710,CUST11104,2025-10-31,Bengaluru,Bengaluru,Hyderabad,551.6,Beauty,6,2.24,Road,Delhivery,2446.09,552.41,10.7,2025-11-02,2025-11-09,2025-11-15,Delayed,4.0,No,No,13,6,4.434535895576505,2998.5,0
ORD100877,CUST12309,2025-07-11,Chennai,Chennai,Unknown,222.2,Electronics,4,5.16,Express,Dtdc,1747.9,162.76,9.77,2025-07-13,2025-07-16,2025-07-17,Delayed,5.0,No,No,4,1,7.8663366336633676,1910.66,0
ORD103881,CUST12233,2025-10-12,Bengaluru,Bengaluru,Nagpur,359.1,Home & Kitchen,2,0.45,Air,Dtdc,3349.71,209.25,10.6,2025-10-14,2025-10-18,2025-10-18,Delivered,4.0,No,No,4,0,9.328070175438596,3558.96,1
ORD103175,CUST11659,2025-12-16,Pune,Pune,Ahmedabad,462.6,Sports,1,7.48,Road,Ecom Express,1948.78,479.07,13.32,2025-12-19,2025-12-24,2025-12-25,Delayed,3.0,Yes,No,6,1,4.212667531344574,2427.85,0
ORD103735,CUST11258,2025-02-23,Pune,Pune,Surat,214.6,Sports,7,12.45,Express,Delhivery,1764.25,208.14,6.44,2025-02-24,2025-02-27,2025-02-27,Delivered,5.0,No,No,3,0,8.221109040074557,1972.3899999999999,1
ORD103586,CUST11004,2025-05-15,Bengaluru,Bengaluru,Jaipur,839.7,Automotive,1,4.5,Road,Delhivery,3575.47,761.18,7.45,2025-05-18,2025-05-24,2025-05-24,Delivered,5.0,No,No,6,0,4.2580326307014404,4336.65,1
ORD104157,CUST10791,2025-01-01,Pune,Pune,Indore,297.1,Electronics,2,9.05,Rail,Ecom Express,972.13,327.8,10.34,2025-01-04,2025-01-09,2025-01-10,Delayed,3.0,No,No,6,1,3.272063278357455,1299.93,0
ORD102105,CUST12005,2025-09-01,Hyderabad,Hyderabad,Vijayawada,927.5,Electronics,5,2.77,Air,Xpressbees,8461.38,1029.86,8.09,2025-09-04,2025-09-08,2025-09-08,Delivered,4.0,Yes,No,4,0,9.122781671159029,9491.24,1
ORD103847,CUST11448,2025-06-17,Hyderabad,Hyderabad,Bhopal,515.7,Automotive,2,3.15,Road,Dtdc,2310.04,465.95,0.0,2025-06-18,2025-06-25,2025-06-25,Delivered,4.0,No,Yes,7,0,4.47942602288152,2775.99,1
ORD103066,CUST11815,2025-03-22,Chennai,Chennai,Ahmedabad,466.6,Sports,6,11.51,Rail,Shadowfax,1747.75,488.52,7.02,2025-03-24,2025-03-31,2025-03-31,Delivered,5.0,No,No,7,0,3.7457136733819114,2236.27,1
ORD103434,CUST11028,2025-06-29,Pune,Pune,Visakhapatnam,260.9,Sports,4,2.25,Road,Dtdc,1140.37,324.41,6.07,2025-07-01,2025-07-07,2025-07-09,Delayed,3.0,No,No,8,2,4.370908394020698,1464.78,0
ORD101002,CUST10167,2025-10-19,Mumbai,Mumbai,Bhopal,150.5,Home & Kitchen,6,2.76,Rail,Delhivery,595.91,166.75,9.42,2025-10-22,2025-10-28,2025-10-28,Delivered,4.0,Yes,No,6,0,3.95953488372093,762.66,1
ORD103769,CUST11723,2025-05-08,Hyderabad,Hyderabad,Vijayawada,512.6,Sports,6,6.17,Air,Blue Dart,4813.03,521.8,5.46,2025-05-10,2025-05-13,2025-05-13,Delivered,4.0,No,No,3,0,9.389445961763558,5334.83,1
ORD100561,CUST10420,2025-05-30,Hyderabad,Hyderabad,Indore,266.4,Automotive,5,9.2,Road,Dtdc,1326.01,168.95,5.81,2025-06-01,2025-06-06,2025-06-08,Delayed,3.0,No,No,7,2,4.977515015015015,1494.96,0
ORD101548,CUST10535,2025-08-30,Pune,Pune,Indore,1229.3,Grocery,7,1.29,Express,Dtdc,8669.59,968.47,8.96,2025-09-02,2025-09-07,2025-09-07,Delivered,4.0,No,No,5,0,7.052460750020337,9638.06,1
ORD103337,CUST11882,2025-05-13,Pune,Pune,Visakhapatnam,709.6,Grocery,6,5.2,Road,Blue Dart,3267.26,507.42,9.11,2025-05-14,2025-05-20,2025-05-20,Delivered,4.0,No,No,6,0,4.604368658399098,3774.6800000000003,1
ORD103385,CUST11419,2025-02-18,Chennai,Chennai,Lucknow,411.3,Sports,5,4.71,Rail,Ecom Express,1566.36,351.54,9.11,2025-02-21,2025-02-26,2025-02-26,Delivered,4.0,No,No,5,0,3.8083150984682708,1917.8999999999999,1
ORD100452,CUST12644,2025-07-17,Chennai,Chennai,Coimbatore,949.3,Clothing,5,6.75,Express,Shadowfax,6768.0,1079.94,3.77,2025-07-19,2025-07-24,2025-07-24,Delivered,4.0,No,No,5,0,7.129463815442958,7847.9400000000005,1
ORD100188,CUST11351,2025-05-18,Delhi,Delhi,Bengaluru,825.1,Books,5,18.13,Rail,Shadowfax,2885.81,766.03,9.77,2025-05-21,2025-05-29,2025-05-29,Delivered,3.0,No,No,8,0,3.4975275724154646,3651.84,1
ORD103694,CUST11684,2025-08-17,Hyderabad,Hyderabad,Mumbai,371.8,Sports,5,15.18,Air,Ecom Express,3672.83,324.53,5.92,2025-08-19,2025-08-22,2025-08-22,Delivered,5.0,No,No,3,0,9.878509951586874,3997.3599999999997,1
ORD104028,CUST12739,2025-10-05,Pune,Pune,Nagpur,432.6,Sports,4,8.09,Road,Ecom Express,1917.28,310.1,11.16,2025-10-08,2025-10-14,2025-10-14,Delivered,4.0,No,No,6,0,4.431992602866389,2227.38,1
ORD102760,CUST12460,2025-04-04,Mumbai,Mumbai,Chennai,311.7,Automotive,4,3.02,Road,Xpressbees,1524.7,261.7,11.99,2025-04-07,2025-04-12,2025-04-12,Delivered,3.0,No,No,5,0,4.891562399743344,1786.4,1
ORD102046,CUST11576,2025-05-13,Chennai,Chennai,Kochi,819.8,Automotive,6,3.02,Road,Delhivery,3488.93,557.01,8.92,2025-05-16,2025-05-22,2025-05-22,Delivered,4.0,No,No,6,0,4.255830690412296,4045.9399999999996,1
ORD100929,CUST11826,2025-11-22,Bengaluru,Bengaluru,Nagpur,642.7,Sports,7,4.71,Road,Xpressbees,2905.74,474.93,4.39,2025-11-25,2025-12-01,2025-12-01,Delivered,5.0,No,No,6,0,4.521145168819044,3380.6699999999996,1
ORD102310,CUST10157,2025-08-09,Bengaluru,Bengaluru,Vijayawada,221.6,Sports,2,3.06,Express,Dtdc,1655.28,157.82,10.31,2025-08-12,2025-08-14,2025-08-14,Delivered,5.0,No,No,2,0,7.469675090252708,1813.1,1
ORD102382,CUST10247,2025-10-16,Bengaluru,Bengaluru,Vijayawada,600.6,Beauty,4,4.02,Road,Shadowfax,2572.16,509.74,9.35,2025-10-17,2025-10-23,2025-10-23,Delivered,4.0,No,No,6,0,4.282650682650682,3081.8999999999996,1
ORD101121,CUST12662,2025-12-15,Hyderabad,Hyderabad,Jaipur,800.9,Automotive,5,11.43,Road,Shadowfax,3617.39,891.27,11.87,2025-12-17,2025-12-23,2025-12-23,Delivered,5.0,No,No,6,0,4.516656261705581,4508.66,1
ORD104003,CUST12777,2025-03-08,Mumbai,Mumbai,Ahmedabad,533.6,Electronics,7,5.2,Rail,Ecom Express,1962.48,392.04,11.17,2025-03-10,2025-03-19,2025-03-20,Delayed,3.0,No,No,10,1,3.6778110944527733,2354.52,0
ORD100602,CUST10381,2025-10-25,Mumbai,Mumbai,Bhopal,141.1,Sports,5,4.91,Road,Delhivery,630.81,108.54,10.62,2025-10-28,2025-11-01,2025-11-01,Delivered,4.0,No,No,4,0,4.4706591070163,739.3499999999999,1
ORD102841,CUST12118,2025-06-01,Hyderabad,Hyderabad,Surat,133.3,Beauty,5,4.99,Express,Delhivery,1143.28,178.38,8.78,2025-06-03,2025-06-07,2025-06-07,Delivered,4.0,No,No,4,0,8.576744186046511,1321.6599999999999,1
ORD103455,CUST12381,2025-05-06,Hyderabad,Hyderabad,Surat,838.6,Clothing,7,3.58,Road,Xpressbees,3583.98,679.66,5.45,2025-05-08,2025-05-14,2025-05-15,Delayed,3.0,No,No,7,1,4.273765800143096,4263.64,0
ORD104045,CUST11587,2025-03-01,Hyderabad,Hyderabad,Pune,547.0,Grocery,6,1.61,Rail,Xpressbees,1834.69,602.13,5.46,2025-03-04,2025-03-10,2025-03-10,Delivered,5.0,No,No,6,0,3.354095063985375,2436.82,1
ORD102050,CUST10791,2025-08-04,Pune,Pune,Jaipur,95.4,Grocery,1,11.5,Air,Delhivery,1036.73,118.12,6.89,2025-08-06,2025-08-09,2025-08-11,Delayed,3.0,No,No,5,2,10.86719077568134,1154.85,0
ORD104203,CUST10541,2025-11-15,Mumbai,Mumbai,Kolkata,616.9,Automotive,6,4.65,Rail,Dtdc,2158.86,594.56,7.82,2025-11-16,2025-11-23,2025-11-23,Delivered,5.0,No,No,7,0,3.499529907602529,2753.42,1
ORD101506,CUST10587,2025-04-01,Hyderabad,Hyderabad,Jaipur,263.6,Sports,4,6.44,Road,Delhivery,1287.21,204.8,7.75,2025-04-03,2025-04-08,2025-04-08,Delivered,3.0,No,No,5,0,4.883194233687405,1492.01,1
ORD104502,CUST11819,2025-07-09,Bengaluru,Bengaluru,Pune,264.5,Clothing,4,6.08,Express,Delhivery,1880.39,252.86,8.35,2025-07-11,2025-07-13,2025-07-13,Delivered,5.0,No,No,2,0,7.109224952741021,2133.25,1
ORD100218,CUST12672,2025-06-10,Pune,Pune,Jaipur,419.5,Grocery,1,9.69,Road,Dtdc,1897.67,438.56,8.52,2025-06-12,2025-06-17,2025-06-17,Delivered,5.0,No,No,5,0,4.523647199046484,2336.23,1
ORD102644,CUST10964,2025-02-15,Hyderabad,Hyderabad,Kolkata,142.4,Home & Kitchen,3,5.17,Rail,Xpressbees,613.97,166.97,7.98,2025-02-17,2025-02-25,2025-02-25,Delivered,4.0,No,No,8,0,4.3115870786516854,780.94,1
ORD104891,CUST11792,2025-01-16,Mumbai,Mumbai,Kochi,747.0,Grocery,4,3.04,Road,Ecom Express,3308.65,587.57,11.86,2025-01-18,2025-01-24,2025-01-24,Delivered,5.0,No,No,6,0,4.429250334672021,3896.2200000000003,1
ORD102937,CUST10051,2025-03-02,Pune,Pune,Vijayawada,329.3,Beauty,7,4.45,Air,Shadowfax,3170.91,309.06,0.0,2025-03-05,2025-03-07,2025-03-07,Delivered,5.0,No,No,2,0,9.629243850592164,3479.97,1
ORD104150,CUST11799,2025-06-22,Hyderabad,Hyderabad,Ahmedabad,468.3,Clothing,5,4.56,Rail,Ecom Express,1623.66,501.44,7.26,2025-06-23,2025-06-29,2025-06-29,Delivered,4.0,No,No,6,0,3.467136450992953,2125.1,1
ORD103336,CUST10374,2025-12-27,Delhi,Delhi,Hyderabad,1217.5,Electronics,6,4.26,Road,Delhivery,5362.16,1170.18,9.42,2025-12-30,2026-01-06,2026-01-06,Delivered,4.0,No,No,7,0,4.404238193018481,6532.34,1
ORD102558,CUST11639,2025-04-27,Pune,Pune,Ahmedabad,234.1,Grocery,5,4.6,Road,Shadowfax,1186.43,268.62,7.71,2025-04-29,2025-05-05,2025-05-08,Delayed,2.0,No,No,9,3,5.068047842802222,1455.0500000000002,0
ORD101700,CUST12030,2025-07-09,Mumbai,Mumbai,Pune,157.0,Clothing,4,0.39,Road,Delhivery,698.42,121.98,10.92,2025-07-12,2025-07-17,2025-07-17,Delivered,5.0,No,No,5,0,4.4485350318471335,820.4,1
ORD101529,CUST10491,2025-07-27,Hyderabad,Hyderabad,Vijayawada,584.8,Clothing,7,3.41,Road,Ecom Express,2522.28,595.15,6.68,2025-07-30,2025-08-05,2025-08-05,Delivered,5.0,No,No,6,0,4.313064295485637,3117.4300000000003,1
ORD103334,CUST11434,2025-02-06,Bengaluru,Bengaluru,Lucknow,734.1,Home & Kitchen,7,2.71,Express,Shadowfax,5338.77,644.77,5.66,2025-02-08,2025-02-12,2025-02-13,Delayed,4.0,No,No,5,1,7.272537801389457,5983.540000000001,0
ORD101328,CUST10294,2025-06-25,Pune,Pune,Indore,282.3,Clothing,7,2.79,Road,Blue Dart,1310.52,339.15,8.46,2025-06-27,2025-07-03,2025-07-03,Delivered,4.0,No,No,6,0,4.642295430393198,1649.67,1
ORD101832,CUST10541,2025-02-14,Hyderabad,Hyderabad,Mumbai,541.1,Automotive,5,3.45,Rail,Dtdc,1808.82,338.27,7.21,2025-02-15,2025-02-23,2025-02-24,Delayed,4.0,No,No,9,1,3.3428571428571425,2147.09,0
ORD101662,CUST10611,2025-11-08,Chennai,Chennai,Bengaluru,338.8,Electronics,3,2.87,Road,Dtdc,1553.97,294.49,7.56,2025-11-11,2025-11-18,2025-11-18,Delivered,3.0,No,No,7,0,4.586688311688311,1848.46,1
ORD100752,CUST11598,2025-06-30,Pune,Pune,Coimbatore,170.4,Automotive,1,10.99,Road,Xpressbees,923.07,114.82,11.18,2025-07-03,2025-07-08,2025-07-08,Delivered,5.0,No,No,5,0,5.417077464788733,1037.89,1
ORD104688,CUST10496,2025-02-23,Bengaluru,Bengaluru,Jaipur,250.8,Books,4,5.46,Rail,Blue Dart,926.56,275.94,9.53,2025-02-25,2025-03-03,2025-03-03,Delivered,4.0,No,No,6,0,3.694417862838915,1202.5,1
ORD103284,CUST12553,2025-06-14,Hyderabad,Hyderabad,Unknown,304.5,Electronics,3,3.68,Road,Ecom Express,1403.12,317.69,5.73,2025-06-16,2025-06-23,2025-06-23,Delivered,4.0,No,No,7,0,4.607947454844006,1720.81,1
ORD102910,CUST10913,2025-06-07,Chennai,Chennai,Visakhapatnam,281.4,Electronics,5,4.9,Air,Delhivery,2507.78,278.36,8.02,2025-06-09,2025-06-11,2025-06-11,Delivered,4.0,No,No,2,0,8.911798152096662,2786.1400000000003,1
ORD101166,CUST12590,2025-09-15,Hyderabad,Hyderabad,Mumbai,139.1,Beauty,1,3.18,Rail,Blue Dart,365.27,149.52,7.18,2025-09-17,2025-09-23,2025-09-23,Delivered,5.0,No,No,6,0,2.6259525521207765,514.79,1
ORD101688,CUST10399,2025-10-14,Bengaluru,Bengaluru,Lucknow,69.5,Home & Kitchen,2,7.96,Rail,Xpressbees,533.01,68.25,7.49,2025-10-16,2025-10-23,2025-10-23,Delivered,4.0,No,No,7,0,7.669208633093525,601.26,1
ORD104362,CUST11434,2025-09-25,Mumbai,Mumbai,Hyderabad,590.6,Clothing,2,6.51,Express,Shadowfax,4234.36,400.79,10.37,2025-09-28,2025-10-02,2025-10-02,Delivered,4.0,No,No,4,0,7.16959024720623,4635.15,1
ORD102032,CUST11369,2025-03-24,Bengaluru,Bengaluru,Lucknow,511.8,Home & Kitchen,3,3.25,Road,Blue Dart,2201.3,625.87,10.29,2025-03-26,2025-03-30,2025-04-06,Delayed,3.0,No,No,11,7,4.301094177413052,2827.17,0
ORD100394,CUST12325,2025-12-16,Delhi,Delhi,Kochi,214.3,Grocery,6,1.23,Road,Delhivery,998.5,159.55,9.13,2025-12-20,2025-12-25,2025-12-25,Delivered,4.0,No,No,5,0,4.6593560429304715,1158.05,1
ORD100832,CUST10952,2025-02-04,Bengaluru,Bengaluru,Coimbatore,225.7,Beauty,2,15.38,Road,Blue Dart,1374.51,140.07,10.75,2025-02-06,2025-02-12,2025-02-12,Delivered,4.0,No,No,6,0,6.089986708019495,1514.58,1
ORD102874,CUST12277,2025-09-22,Chennai,Chennai,Coimbatore,548.5,Electronics,4,4.23,Road,Delhivery,2431.4,573.36,5.52,2025-09-24,2025-10-01,2025-10-01,Delivered,4.0,No,No,7,0,4.43281677301732,3004.76,1
ORD104165,CUST11865,2025-10-01,Chennai,Chennai,Coimbatore,322.8,Sports,5,1.66,Air,Dtdc,2892.33,313.48,6.6,2025-10-03,2025-10-06,2025-10-06,Delivered,4.0,No,No,3,0,8.960130111524164,3205.81,1
ORD102123,CUST10871,2025-05-29,Delhi,Delhi,Nagpur,822.7,Grocery,5,1.07,Express,Shadowfax,5806.67,825.77,11.07,2025-05-31,2025-06-04,2025-06-04,Delivered,3.0,No,No,4,0,7.058064908229002,6632.4400000000005,1
ORD103027,CUST11207,2025-10-01,Mumbai,Mumbai,Bengaluru,457.3,Home & Kitchen,4,1.6,Road,Delhivery,1927.65,332.81,9.79,2025-10-04,2025-10-08,2025-10-08,Delivered,4.0,No,No,4,0,4.215285370653838,2260.46,1
ORD101759,CUST12492,2025-09-16,Hyderabad,Hyderabad,Coimbatore,262.2,Grocery,7,6.58,Rail,Delhivery,1126.52,229.17,9.22,2025-09-19,2025-09-26,2025-09-26,Delivered,4.0,No,No,7,0,4.2964149504195275,1355.69,1
ORD102038,CUST12678,2025-01-18,Delhi,Delhi,Ahmedabad,590.1,Electronics,7,0.27,Air,Xpressbees,5403.39,531.99,9.41,2025-01-21,2025-01-24,2025-01-24,Delivered,4.0,No,No,3,0,9.156736146415861,5935.38,1
ORD103784,CUST12690,2025-08-25,Delhi,Delhi,Kochi,177.7,Grocery,1,19.83,Road,Delhivery,959.19,205.63,13.81,2025-08-28,2025-09-02,2025-09-02,Delivered,4.0,No,No,5,0,5.397805289814294,1164.8200000000002,1
ORD104716,CUST12340,2025-08-23,Delhi,Delhi,Coimbatore,183.5,Sports,6,4.34,Express,Delhivery,1386.11,194.75,11.8,2025-08-25,2025-08-27,2025-08-27,Delivered,5.0,No,No,2,0,7.553732970027247,1580.86,1
ORD103091,CUST11090,2025-06-02,Mumbai,Mumbai,Bhopal,110.5,Electronics,7,3.57,Air,Dtdc,1061.77,20.0,5.41,2025-06-03,2025-06-05,2025-06-08,Delayed,3.0,No,No,5,3,9.608778280542987,1081.77,0
ORD103832,CUST12690,2025-02-06,Chennai,Chennai,Indore,399.5,Automotive,2,6.1,Road,Xpressbees,1925.62,326.49,7.91,2025-02-08,2025-02-12,2025-02-13,Delayed,3.0,No,No,5,1,4.820075093867334,2252.1099999999997,0
ORD100078,CUST12152,2025-04-06,Mumbai,Mumbai,Delhi,322.9,Automotive,4,2.77,Rail,Xpressbees,1206.44,254.22,8.81,2025-04-08,2025-04-15,2025-04-21,Delayed,4.0,No,No,13,6,3.7362650975534226,1460.66,0
ORD103820,CUST11902,2025-10-06,Bengaluru,Bengaluru,Vijayawada,939.6,Home & Kitchen,3,3.12,Road,Shadowfax,4039.98,949.09,8.22,2025-10-07,2025-10-15,2025-10-15,Delivered,3.0,No,No,8,0,4.299680715197956,4989.07,1
ORD100636,CUST10530,2025-04-30,Chennai,Chennai,Kochi,335.9,Sports,7,5.43,Express,Shadowfax,2399.31,166.78,6.97,2025-05-02,2025-05-05,2025-05-09,Delayed,4.0,No,No,7,4,7.142929443286693,2566.09,0
ORD101568,CUST11300,2025-08-11,Pune,Pune,Ahmedabad,322.3,Electronics,3,7.36,Rail,Delhivery,1133.22,353.37,13.13,2025-08-14,2025-08-21,2025-08-21,Delivered,4.0,No,No,7,0,3.516040955631399,1486.5900000000001,1
ORD103230,CUST12659,2025-10-18,Chennai,Chennai,Ahmedabad,407.6,Beauty,1,9.4,Road,Xpressbees,1822.21,328.89,5.51,2025-10-20,2025-10-26,2025-10-26,Delivered,4.0,No,Yes,6,0,4.47058390578999,2151.1,1
ORD101981,CUST12527,2025-01-23,Bengaluru,Bengaluru,Kolkata,438.2,Clothing,5,9.18,Express,Dtdc,3324.56,505.78,10.72,2025-01-26,2025-01-30,2025-01-30,Delivered,5.0,No,No,4,0,7.586855317206755,3830.34,1
ORD103657,CUST10939,2025-04-29,Pune,Pune,Hyderabad,182.6,Sports,7,8.79,Road,Ecom Express,1033.83,148.19,6.99,2025-05-01,2025-05-06,2025-05-10,Delayed,4.0,No,No,9,4,5.6617196056955095,1182.02,0
ORD102620,CUST12446,2025-04-23,Chennai,Chennai,Mumbai,481.3,Home & Kitchen,3,23.01,Road,Delhivery,2467.43,465.63,12.26,2025-04-26,2025-05-01,2025-05-01,Delivered,5.0,No,No,5,0,5.126594639517972,2933.06,1
ORD104631,CUST10984,2025-10-21,Delhi,Delhi,Indore,205.2,Electronics,7,3.47,Road,Dtdc,978.12,246.7,11.04,2025-10-24,2025-10-28,2025-10-28,Delivered,4.0,Yes,No,4,0,4.766666666666667,1224.82,1
ORD100756,CUST12474,2025-05-27,Hyderabad,Hyderabad,Surat,719.0,Home & Kitchen,4,2.71,Rail,Dtdc,2445.97,595.06,7.69,2025-05-29,2025-06-05,2025-06-05,Delivered,5.0,Yes,No,7,0,3.4019054242002777,3041.0299999999997,1
ORD100106,CUST11082,2025-07-13,Pune,Pune,Coimbatore,596.4,Beauty,7,6.17,Air,Dtdc,5613.22,441.95,7.35,2025-07-16,2025-07-19,2025-07-20,Delayed,4.0,No,No,4,1,9.411837692823608,6055.17,0
ORD100459,CUST11997,2025-03-14,Pune,Pune,Vijayawada,364.8,Beauty,4,2.84,Road,Dtdc,1740.01,0.0,6.61,2025-03-16,2025-03-21,2025-03-21,Delivered,5.0,No,No,5,0,4.769764254385965,1740.01,1
ORD103836,CUST12143,2025-12-28,Hyderabad,Hyderabad,Chennai,244.0,Home & Kitchen,7,7.32,Road,Shadowfax,1216.4,196.23,7.17,2025-12-31,2026-01-06,2026-01-06,Delivered,5.0,No,No,6,0,4.9852459016393444,1412.63,1
ORD100631,CUST10041,2025-09-08,Pune,Pune,Surat,253.4,Home & Kitchen,7,1.97,Road,Dtdc,1153.81,271.96,8.25,2025-09-10,2025-09-15,2025-09-15,Delivered,4.0,No,No,5,0,4.5533149171270715,1425.77,1
ORD100358,CUST12136,2025-02-13,Hyderabad,Hyderabad,Coimbatore,333.4,Sports,4,9.01,Road,Delhivery,1663.58,164.68,8.29,2025-02-15,2025-02-21,2025-02-24,Delayed,3.0,No,No,9,3,4.989742051589682,1828.26,0
ORD100915,CUST10045,2025-08-26,Bengaluru,Bengaluru,Visakhapatnam,390.8,Grocery,2,2.71,Air,Shadowfax,3583.45,292.96,11.35,2025-08-29,2025-09-02,2025-09-02,Delivered,4.0,No,No,4,0,9.169524053224155,3876.41,1
ORD103696,CUST10355,2025-09-11,Hyderabad,Hyderabad,Jaipur,334.2,Electronics,4,6.85,Rail,Blue Dart,1309.85,294.38,5.6,2025-09-13,2025-09-20,2025-09-22,Delayed,3.0,No,No,9,2,3.9193596648713345,1604.23,0
ORD104138,CUST10322,2025-03-25,Bengaluru,Bengaluru,Kolkata,227.5,Home & Kitchen,1,6.13,Road,Dtdc,1014.16,276.64,10.16,2025-03-28,2025-04-03,2025-04-04,Delayed,3.0,No,No,7,1,4.457846153846154,1290.8,0
ORD104403,CUST11345,2025-07-18,Chennai,Chennai,Pune,213.7,Automotive,2,7.84,Express,Delhivery,1553.45,182.57,6.27,2025-07-20,2025-07-24,2025-07-24,Delivered,5.0,No,No,4,0,7.2693027608797385,1736.02,1
ORD103254,CUST11320,2025-07-14,Hyderabad,Hyderabad,Chennai,427.2,Sports,6,1.54,Rail,Delhivery,1369.39,377.42,6.98,2025-07-16,2025-07-22,2025-07-25,Delayed,3.0,No,No,9,3,3.2055009363295883,1746.8100000000002,0
ORD100632,CUST11866,2025-10-02,Mumbai,Mumbai,Indore,1010.1,Electronics,4,7.47,Road,Shadowfax,4405.05,825.28,11.05,2025-10-04,2025-10-10,2025-10-14,Delayed,3.0,No,No,10,4,4.361003861003861,5230.33,0
ORD103660,CUST10989,2025-01-31,Delhi,Delhi,Lucknow,350.0,Sports,5,8.87,Road,Blue Dart,1769.55,379.74,13.38,2025-02-03,2025-02-08,2025-02-08,Delivered,3.0,No,No,5,0,5.055857142857143,2149.29,1
ORD100042,CUST11804,2025-08-25,Bengaluru,Bengaluru,Indore,239.8,Sports,6,13.83,Road,Ecom Express,1186.28,230.35,6.8,2025-08-26,2025-08-31,2025-08-31,Delivered,5.0,No,No,5,0,4.946955796497081,1416.6299999999999,1
ORD102568,CUST10371,2025-04-26,Delhi,Delhi,Jaipur,534.2,Electronics,2,2.29,Air,Xpressbees,4791.12,480.54,11.3,2025-04-29,2025-05-03,2025-05-03,Delivered,5.0,No,No,4,0,8.968775739423435,5271.66,1
ORD102151,CUST10397,2025-05-06,Mumbai,Mumbai,Vijayawada,296.1,Automotive,4,2.83,Rail,Ecom Express,978.55,332.19,8.59,2025-05-09,2025-05-17,2025-05-17,Delivered,4.0,No,No,8,0,3.3047956771361022,1310.74,1
ORD100753,CUST10191,2025-11-05,Bengaluru,Bengaluru,Indore,344.6,Grocery,6,11.38,Road,Shadowfax,1685.07,341.17,10.31,2025-11-08,2025-11-13,2025-11-15,Delayed,3.0,No,No,7,2,4.889930354033662,2026.24,0
ORD101574,CUST12276,2025-09-30,Delhi,Delhi,Nagpur,234.7,Books,6,2.26,Road,Ecom Express,1052.27,178.06,10.04,2025-10-02,2025-10-05,2025-10-06,Delayed,4.0,No,No,4,1,4.483468257349808,1230.33,0
ORD103401,CUST12177,2025-03-18,Pune,Pune,Bengaluru,209.0,Beauty,3,3.99,Express,Xpressbees,1561.84,267.86,10.51,2025-03-21,2025-03-23,2025-03-23,Delivered,4.0,No,No,2,0,7.472918660287081,1829.6999999999998,1
ORD104973,CUST11509,2025-05-16,Delhi,Delhi,Mumbai,763.8,Electronics,3,1.17,Air,Delhivery,7082.8,578.04,9.22,2025-05-18,2025-05-22,2025-05-22,Delivered,4.0,No,No,4,0,9.273108143493062,7660.84,1
ORD104615,CUST11003,2025-07-12,Bengaluru,Bengaluru,Hyderabad,336.3,Books,7,11.83,Express,Blue Dart,2666.01,367.52,7.26,2025-07-14,2025-07-17,2025-07-17,Delivered,4.0,No,No,3,0,7.927475468331847,3033.53,1
ORD100591,CUST10312,2025-01-17,Delhi,Delhi,Surat,93.2,Electronics,2,6.71,Road,Ecom Express,521.5,99.9,12.49,2025-01-20,2025-01-26,2025-01-31,Delayed,5.0,No,No,11,5,5.595493562231759,621.4,0
ORD100927,CUST10974,2025-03-02,Hyderabad,Hyderabad,Bengaluru,284.1,Grocery,6,10.01,Road,Ecom Express,1465.42,237.57,6.19,2025-03-04,2025-03-09,2025-03-09,Delivered,4.0,No,No,5,0,5.158113340373108,1702.99,1
ORD104591,CUST10950,2025-09-01,Bengaluru,Bengaluru,Pune,235.2,Sports,4,4.22,Rail,Blue Dart,1017.08,279.54,5.54,2025-09-04,2025-09-11,2025-09-13,Delayed,4.0,No,No,9,2,4.324319727891157,1296.6200000000001,0
ORD102133,CUST10710,2025-03-29,Hyderabad,Hyderabad,Visakhapatnam,1364.5,Books,3,3.56,Express,Blue Dart,9822.24,1079.21,10.12,2025-03-31,2025-04-06,2025-04-11,Delayed,4.0,No,No,11,5,7.198417002565042,10901.45,0
ORD104083,CUST12225,2025-04-26,Mumbai,Mumbai,Indore,174.5,Sports,3,3.76,Road,Dtdc,885.91,159.66,14.56,2025-04-30,2025-05-03,2025-05-03,Delivered,3.0,No,No,3,0,5.0768481375358165,1045.57,1
ORD104860,CUST11875,2025-12-08,Bengaluru,Bengaluru,Hyderabad,363.4,Automotive,3,3.61,Rail,Blue Dart,1370.36,273.07,7.35,2025-12-10,2025-12-17,2025-12-17,Delivered,4.0,No,No,7,0,3.7709411117226197,1643.4299999999998,1
ORD102010,CUST12304,2025-01-17,Delhi,Delhi,Lucknow,598.0,Sports,7,5.94,Rail,Dtdc,2154.01,414.14,7.78,2025-01-19,2025-01-24,2025-01-24,Delivered,4.0,No,No,5,0,3.602023411371238,2568.15,1
ORD102594,CUST12018,2025-07-07,Hyderabad,Hyderabad,Mumbai,202.9,Automotive,4,9.98,Road,Ecom Express,1101.5,132.6,5.66,2025-07-09,2025-07-14,2025-07-19,Delayed,4.0,No,No,10,5,5.428782651552488,1234.1,0
ORD104678,CUST12760,2025-01-11,Mumbai,Mumbai,Bengaluru,635.4,Grocery,3,6.13,Rail,Blue Dart,2238.78,617.63,6.87,2025-01-14,2025-01-21,2025-01-21,Delivered,4.0,No,No,7,0,3.523418319169028,2856.4100000000003,1
ORD103695,CUST11333,2025-03-24,Pune,Pune,Lucknow,587.1,Automotive,1,1.0,Express,Delhivery,4148.44,456.69,5.74,2025-03-26,2025-03-31,2025-03-31,Delivered,4.0,No,No,5,0,7.065985351728836,4605.129999999999,1
ORD101615,CUST10481,2025-02-21,Chennai,Chennai,Vijayawada,404.8,Books,2,6.32,Express,Dtdc,3082.75,335.02,8.99,2025-02-25,2025-03-02,2025-03-02,Delivered,5.0,No,No,5,0,7.615489130434782,3417.77,1
ORD102143,CUST10579,2025-03-05,Hyderabad,Hyderabad,Indore,486.8,Books,7,1.63,Road,Ecom Express,2162.02,472.98,6.46,2025-03-07,2025-03-12,2025-03-12,Delivered,3.0,No,No,5,0,4.441290057518488,2635.0,1
ORD101458,CUST10300,2025-05-18,Delhi,Delhi,Bengaluru,214.5,Books,1,7.88,Road,Xpressbees,949.16,159.66,7.68,2025-05-20,2025-05-25,2025-05-25,Delivered,4.0,No,No,5,0,4.4249883449883445,1108.82,1
ORD101372,CUST11323,2025-12-16,Mumbai,Mumbai,Pune,269.3,Automotive,2,3.09,Road,Xpressbees,1274.28,272.57,10.35,2025-12-18,2025-12-24,2025-12-24,Delivered,4.0,No,No,6,0,4.731823245451169,1546.85,1
ORD104775,CUST11198,2025-12-08,Mumbai,Mumbai,Nagpur,152.1,Beauty,1,4.35,Rail,Xpressbees,414.59,129.37,9.92,2025-12-11,2025-12-17,2025-12-19,Delayed,3.0,Yes,No,8,2,2.7257725180802104,543.96,0
ORD100461,CUST11367,2025-05-20,Delhi,Delhi,Visakhapatnam,103.9,Beauty,4,5.2,Air,Shadowfax,0.0,74.87,8.65,2025-05-23,2025-05-26,2025-05-26,Delivered,4.0,No,No,3,0,0.0,74.87,1
ORD104269,CUST12218,2025-10-05,Chennai,Chennai,Indore,159.5,Beauty,3,0.87,Road,Dtdc,759.41,125.45,9.84,2025-10-07,2025-10-11,2025-10-11,Delivered,4.0,No,No,4,0,4.761191222570533,884.86,1
ORD102981,CUST11144,2025-12-05,Pune,Pune,Kolkata,417.1,Electronics,1,6.28,Rail,Ecom Express,1547.77,385.32,10.37,2025-12-08,2025-12-15,2025-12-15,Delivered,4.0,No,No,7,0,3.710788779669144,1933.09,1
ORD103154,CUST11024,2025-07-04,Chennai,Chennai,Hyderabad,171.5,Automotive,4,8.69,Road,Ecom Express,820.5,225.05,0.0,2025-07-05,2025-07-10,2025-07-10,Delivered,4.0,No,No,5,0,4.784256559766764,1045.55,1
ORD104981,CUST10105,2025-09-26,Chennai,Chennai,Coimbatore,612.3,Electronics,6,3.14,Road,Delhivery,2687.62,631.15,3.71,2025-09-27,2025-10-03,2025-10-03,Delivered,4.0,No,No,6,0,4.389384288747347,3318.77,1
ORD103626,CUST10830,2025-12-03,Pune,Pune,Indore,537.5,Sports,5,1.04,Express,Shadowfax,3828.35,372.11,11.41,2025-12-06,2025-12-09,2025-12-09,Delivered,5.0,No,Yes,3,0,7.1225116279069765,4200.46,1
ORD102906,CUST12252,2025-07-04,Pune,Pune,Vijayawada,1106.7,Beauty,3,7.12,Express,Shadowfax,7891.56,714.72,5.94,2025-07-06,2025-07-11,2025-07-11,Delivered,4.0,No,No,5,0,7.130712930333424,8606.28,1
ORD103075,CUST11345,2025-10-29,Pune,Pune,Vijayawada,177.2,Books,5,11.34,Air,Xpressbees,1869.38,117.32,8.92,2025-10-31,2025-11-03,2025-11-03,Delivered,5.0,No,No,3,0,10.549548532731379,1986.7,1
ORD101197,CUST10886,2025-02-10,Hyderabad,Hyderabad,Surat,224.7,Automotive,4,6.69,Rail,Dtdc,868.98,225.12,3.63,2025-02-12,2025-02-19,2025-02-19,Delivered,4.0,No,No,7,0,3.8672897196261684,1094.1,1
ORD101053,CUST10033,2025-06-20,Delhi,Delhi,Surat,170.6,Electronics,2,7.9,Road,Delhivery,920.62,176.58,9.62,2025-06-21,2025-06-26,2025-06-26,Delivered,4.0,No,Yes,5,0,5.396365767878078,1097.2,1
ORD103684,CUST11652,2025-07-29,Chennai,Chennai,Vijayawada,398.6,Books,1,23.7,Rail,Delhivery,1808.19,453.35,5.29,2025-07-31,2025-08-07,2025-08-07,Delivered,4.0,Yes,No,7,0,4.536352232814852,2261.54,1
ORD101879,CUST11892,2025-06-08,Mumbai,Mumbai,Chennai,211.4,Beauty,6,5.94,Road,Blue Dart,1110.58,178.41,8.56,2025-06-10,2025-06-15,2025-06-15,Delivered,5.0,No,No,5,0,5.253453169347209,1288.99,1
ORD104160,CUST10751,2025-07-17,Bengaluru,Bengaluru,Vijayawada,74.6,Automotive,2,0.77,Rail,Shadowfax,209.8,65.94,11.09,2025-07-19,2025-07-25,2025-07-25,Delivered,4.0,No,No,6,0,2.8123324396782845,275.74,1
ORD100882,CUST11667,2025-05-01,Delhi,Delhi,Jaipur,465.7,Clothing,7,3.06,Air,Shadowfax,4224.8,548.55,11.84,2025-05-04,2025-05-07,2025-05-07,Delivered,4.0,No,Yes,3,0,9.071934721923986,4773.35,1
ORD101373,CUST10840,2025-04-22,Chennai,Chennai,Hyderabad,332.0,Grocery,1,6.07,Road,Xpressbees,1566.12,319.63,8.92,2025-04-24,2025-04-28,2025-04-28,Delivered,5.0,No,No,4,0,4.71722891566265,1885.75,1
ORD101978,CUST10129,2025-03-04,Mumbai,Mumbai,Visakhapatnam,448.4,Automotive,2,7.88,Road,Xpressbees,2047.45,338.23,13.55,2025-03-07,2025-03-13,2025-03-13,Delivered,5.0,No,No,6,0,4.566123996431758,2385.6800000000003,1
ORD100859,CUST11268,2025-10-10,Bengaluru,Bengaluru,Coimbatore,393.7,Home & Kitchen,1,3.04,Rail,Ecom Express,1438.22,361.31,11.19,2025-10-12,2025-10-18,2025-10-18,Delivered,5.0,No,No,6,0,3.6530861061722124,1799.53,1
ORD104598,CUST12786,2025-11-10,Hyderabad,Hyderabad,Kolkata,265.9,Home & Kitchen,6,1.5,Road,Delhivery,1335.25,256.66,7.98,2025-11-12,2025-11-17,2025-11-17,Delivered,5.0,No,No,5,0,5.021624670928921,1591.91,1
ORD100666,CUST11124,2025-11-25,Delhi,Delhi,Nagpur,422.9,Beauty,3,0.82,Road,Delhivery,1808.21,399.04,4.17,2025-11-26,2025-12-01,2025-12-01,Delivered,5.0,No,No,5,0,4.275738945377158,2207.25,1
ORD101150,CUST11567,2025-02-24,Hyderabad,Hyderabad,Visakhapatnam,399.0,Sports,5,5.74,Rail,Shadowfax,1408.91,322.39,3.1,2025-02-26,2025-03-05,2025-03-10,Delayed,4.0,No,No,12,5,3.531102756892231,1731.3000000000002,0
ORD104168,CUST12380,2025-07-29,Delhi,Delhi,Bhopal,492.6,Books,1,2.77,Express,Dtdc,3461.8,465.98,8.27,2025-07-31,2025-08-04,2025-08-04,Delivered,4.0,No,No,4,0,7.027608607389363,3927.78,1
ORD101080,CUST11786,2025-01-02,Mumbai,Mumbai,Nagpur,516.0,Clothing,6,3.43,Express,Dtdc,3757.7,439.33,11.88,2025-01-05,2025-01-09,2025-01-09,Delivered,5.0,No,No,4,0,7.2823643410852705,4197.03,1
ORD102930,CUST11998,2025-02-28,Pune,Pune,Lucknow,1126.4,Sports,3,0.49,Express,Ecom Express,7926.36,984.26,9.24,2025-03-01,2025-03-06,2025-03-06,Delivered,5.0,No,No,5,0,7.036896306818181,8910.619999999999,1
ORD101041,CUST10171,2025-06-06,Bengaluru,Bengaluru,Jaipur,456.4,Books,2,7.52,Air,Dtdc,4254.47,289.31,8.16,2025-06-09,2025-06-13,2025-06-13,Delivered,4.0,No,No,4,0,9.321801051709029,4543.780000000001,1
ORD104741,CUST11600,2025-09-28,Chennai,Chennai,Bengaluru,751.0,Beauty,7,5.06,Road,Dtdc,3361.95,822.12,11.47,2025-09-30,2025-10-05,2025-10-05,Delivered,5.0,No,No,5,0,4.476631158455392,4184.07,1
ORD103513,CUST11027,2025-08-22,Pune,Pune,Unknown,249.2,Grocery,5,5.53,Road,Xpressbees,1215.24,138.5,7.04,2025-08-25,2025-08-29,2025-09-02,Delayed,4.0,No,No,8,4,4.876565008025683,1353.74,0
ORD102674,CUST10760,2025-09-29,Hyderabad,Hyderabad,Kochi,685.4,Sports,4,12.66,Air,Delhivery,6347.78,491.17,6.3,2025-09-30,2025-10-03,2025-10-03,Delivered,4.0,No,Yes,3,0,9.26142398599358,6838.95,1
ORD104439,CUST10112,2025-05-17,Mumbai,Mumbai,Nagpur,322.0,Books,4,4.39,Road,Blue Dart,1449.67,230.88,13.98,2025-05-20,2025-05-26,2025-05-26,Delivered,3.0,No,No,6,0,4.502080745341615,1680.5500000000002,1
ORD103483,CUST12428,2025-03-24,Chennai,Chennai,Delhi,174.5,Books,2,5.65,Road,Xpressbees,825.15,197.89,5.55,2025-03-26,2025-03-31,2025-03-31,Delivered,5.0,No,No,5,0,4.7286532951289395,1023.04,1
ORD102354,CUST11991,2025-02-15,Hyderabad,Hyderabad,Kochi,649.0,Electronics,3,8.28,Express,Xpressbees,4662.73,686.97,6.01,2025-02-17,2025-02-21,2025-02-21,Delivered,4.0,No,No,4,0,7.184483821263481,5349.7,1
ORD102212,CUST11843,2025-06-30,Bengaluru,Bengaluru,Nagpur,1393.8,Electronics,2,3.24,Express,Ecom Express,9940.71,1055.12,6.91,2025-07-02,2025-07-08,2025-07-10,Delayed,3.0,No,No,8,2,7.132092122255703,10995.829999999998,0
ORD101168,CUST11053,2025-07-07,Hyderabad,Hyderabad,Surat,293.5,Books,4,10.13,Road,Delhivery,1480.61,314.39,3.32,2025-07-08,2025-07-12,2025-07-12,Delivered,5.0,No,No,4,0,5.044667802385008,1795.0,1
ORD104057,CUST11671,2025-10-23,Hyderabad,Hyderabad,Kolkata,1074.3,Clothing,6,8.14,Road,Shadowfax,4614.21,1154.07,7.25,2025-10-26,2025-11-03,2025-11-09,Delayed,4.0,No,No,14,6,4.295085171739737,5768.28,0
ORD104231,CUST11137,2025-05-14,Pune,Pune,Mumbai,571.8,Books,5,3.42,Road,Shadowfax,2588.05,591.35,11.05,2025-05-16,2025-05-21,2025-05-21,Delivered,4.0,No,No,5,0,4.526145505421477,3179.4,1
ORD103060,CUST12599,2025-04-02,Pune,Pune,Jaipur,242.0,Clothing,4,1.93,Rail,Ecom Express,812.95,177.35,8.38,2025-04-04,2025-04-09,2025-04-09,Delivered,5.0,No,No,5,0,3.359297520661157,990.3000000000001,1
ORD104629,CUST11119,2025-09-13,Chennai,Chennai,Surat,532.6,Sports,2,1.99,Road,Delhivery,2328.49,489.63,7.96,2025-09-15,2025-09-22,2025-09-24,Delayed,3.0,No,No,9,2,4.371930153961697,2818.12,0
ORD102557,CUST12057,2025-08-28,Pune,Pune,Mumbai,773.3,Sports,7,3.84,Road,Dtdc,3438.94,640.32,7.56,2025-08-30,2025-09-04,2025-09-09,Delayed,4.0,No,No,10,5,4.4470968576231735,4079.26,0
ORD102629,CUST11834,2025-04-21,Bengaluru,Bengaluru,Delhi,400.3,Home & Kitchen,1,7.13,Road,Xpressbees,1754.33,322.92,9.19,2025-04-23,2025-04-29,2025-04-29,Delivered,4.0,No,No,6,0,4.3825380964276786,2077.25,1
ORD104942,CUST10759,2025-06-09,Delhi,Delhi,Chennai,465.4,Grocery,4,4.09,Rail,Delhivery,1542.31,437.33,12.0,2025-06-12,2025-06-19,2025-06-19,Delivered,4.0,No,No,7,0,3.3139449935539322,1979.6399999999999,1
ORD104249,CUST11645,2025-12-30,Bengaluru,Bengaluru,Coimbatore,167.0,Books,5,5.57,Road,Xpressbees,790.11,164.03,10.37,2026-01-01,2026-01-07,2026-01-07,Delivered,3.0,No,Yes,6,0,4.731197604790419,954.14,1
ORD103658,CUST10602,2025-05-24,Delhi,Delhi,Kolkata,329.0,Automotive,1,5.43,Road,Xpressbees,1443.6,298.49,5.04,2025-05-26,2025-05-31,2025-05-31,Delivered,4.0,No,No,5,0,4.387841945288754,1742.09,1
ORD103292,CUST10755,2025-08-20,Hyderabad,Hyderabad,Bhopal,419.5,Electronics,1,7.64,Rail,Delhivery,1689.43,442.03,4.67,2025-08-23,2025-08-29,2025-09-01,Delayed,4.0,No,No,9,3,4.027246722288439,2131.46,0
ORD103676,CUST11345,2025-04-05,Pune,Pune,Jaipur,736.6,Grocery,2,0.78,Rail,Shadowfax,2292.33,702.02,7.05,2025-04-08,2025-04-16,2025-04-19,Delayed,3.0,Yes,No,11,3,3.1120418137387995,2994.35,0
ORD102156,CUST11424,2025-05-06,Bengaluru,Bengaluru,Indore,515.1,Clothing,6,16.89,Express,Ecom Express,4048.4,454.3,6.35,2025-05-07,2025-05-11,2025-05-11,Delivered,5.0,No,No,4,0,7.859444768006212,4502.7,1
ORD101749,CUST10034,2025-04-28,Mumbai,Mumbai,Coimbatore,296.5,Clothing,2,3.29,Road,Xpressbees,1269.27,330.51,8.52,2025-05-01,2025-05-06,2025-05-06,Delivered,4.0,No,No,5,0,4.280843170320405,1599.78,1
ORD102193,CUST11169,2025-05-05,Bengaluru,Bengaluru,Pune,740.7,Clothing,5,0.91,Road,Blue Dart,3114.44,776.21,8.39,2025-05-07,2025-05-13,2025-05-13,Delivered,4.0,No,No,6,0,4.204725259889294,3890.65,1
ORD100031,CUST10480,2025-10-21,Chennai,Chennai,Kolkata,860.1,Automotive,1,11.94,Air,Ecom Express,7979.89,674.74,10.66,2025-10-23,2025-10-28,2025-10-28,Delivered,5.0,No,No,5,0,9.27786303918149,8654.630000000001,1
ORD101483,CUST12497,2025-02-20,Delhi,Delhi,Kolkata,253.2,Beauty,6,7.83,Air,Xpressbees,2448.95,165.9,9.16,2025-02-23,2025-02-27,2025-02-27,Delivered,4.0,No,No,4,0,9.671998420221168,2614.85,1
ORD103043,CUST10431,2025-11-27,Mumbai,Mumbai,Chennai,379.0,Electronics,1,4.93,Express,Ecom Express,2781.07,366.74,11.14,2025-11-29,2025-12-03,2025-12-03,Delivered,5.0,No,No,4,0,7.337915567282322,3147.8100000000004,1
ORD100554,CUST12477,2025-01-17,Chennai,Chennai,Kolkata,160.8,Home & Kitchen,3,1.28,Rail,Blue Dart,576.31,116.32,8.44,2025-01-19,2025-01-25,2025-01-25,Delivered,5.0,No,No,6,0,3.5840174129353226,692.6299999999999,1
ORD103515,CUST10100,2025-03-02,Pune,Pune,Chennai,505.9,Clothing,6,4.94,Road,Ecom Express,2415.8,354.93,10.43,2025-03-04,2025-03-09,2025-03-09,Delivered,4.0,No,No,5,0,4.775252026092113,2770.73,1
ORD100405,CUST10195,2025-05-24,Bengaluru,Bengaluru,Indore,299.1,Clothing,1,8.5,Air,Ecom Express,2825.1,311.54,5.26,2025-05-25,2025-05-27,2025-06-01,Delayed,3.0,No,No,7,5,9.445336008024071,3136.64,0
ORD100490,CUST11804,2025-05-09,Mumbai,Mumbai,Nagpur,737.4,Sports,4,7.19,Road,Dtdc,3119.17,701.66,11.66,2025-05-12,2025-05-17,2025-05-19,Delayed,3.0,Yes,No,7,2,4.229956604285327,3820.83,0
ORD102045,CUST11337,2025-02-11,Pune,Pune,Bengaluru,91.0,Books,5,5.28,Air,Shadowfax,922.23,68.66,8.34,2025-02-14,2025-02-16,2025-02-22,Delayed,4.0,No,No,8,6,10.134395604395605,990.89,0
ORD104209,CUST11176,2025-04-02,Delhi,Delhi,Vijayawada,204.3,Beauty,7,1.98,Air,Delhivery,1959.84,239.87,8.34,2025-04-04,2025-04-08,2025-04-08,Delivered,4.0,No,No,4,0,9.59295154185022,2199.71,1
ORD103955,CUST12559,2025-12-26,Hyderabad,Hyderabad,Mumbai,392.2,Beauty,4,16.31,Road,Ecom Express,2037.63,360.68,6.34,2025-12-27,2026-01-01,2026-01-01,Delivered,5.0,No,No,5,0,5.1953850076491594,2398.31,1
ORD101805,CUST11818,2025-11-01,Hyderabad,Hyderabad,Kochi,686.1,Clothing,3,3.22,Road,Shadowfax,2984.1,636.14,9.71,2025-11-03,2025-11-09,2025-11-09,Delivered,5.0,No,No,6,0,4.34936598163533,3620.24,1
ORD104359,CUST10747,2025-08-31,Hyderabad,Hyderabad,Visakhapatnam,222.2,Electronics,2,6.72,Road,Shadowfax,876.13,225.23,8.11,2025-09-02,2025-09-07,2025-09-07,Delivered,3.0,No,No,5,0,3.942979297929793,1101.36,1
ORD103673,CUST12366,2025-03-22,Delhi,Delhi,Mumbai,329.0,Automotive,1,7.36,Road,Shadowfax,1446.14,339.58,10.47,2025-03-24,2025-03-29,2025-03-29,Delivered,4.0,No,No,5,0,4.395562310030395,1785.72,1
ORD100332,CUST12055,2025-10-22,Delhi,Delhi,Nagpur,263.8,Sports,4,0.55,Road,Delhivery,1237.14,241.11,9.4,2025-10-24,2025-10-29,2025-10-29,Delivered,4.0,No,No,5,0,4.6896891584533735,1478.25,1
ORD100965,CUST10465,2025-12-06,Mumbai,Mumbai,Coimbatore,566.0,Home & Kitchen,6,0.95,Road,Blue Dart,2454.04,355.1,7.79,2025-12-08,2025-12-13,2025-12-15,Delayed,4.0,No,No,7,2,4.335759717314487,2809.14,0
ORD102553,CUST10522,2025-04-12,Mumbai,Mumbai,Lucknow,785.9,Home & Kitchen,5,3.41,Road,Dtdc,3481.74,878.92,9.58,2025-04-15,2025-04-21,2025-04-23,Delayed,3.0,No,No,8,2,4.4302583025830256,4360.66,0
ORD100377,CUST10344,2025-03-12,Hyderabad,Hyderabad,Delhi,411.2,Grocery,1,6.24,Road,Blue Dart,1804.17,343.23,7.42,2025-03-15,2025-03-20,2025-03-20,Delivered,4.0,No,No,5,0,4.387572957198444,2147.4,1
ORD102577,CUST10604,2025-04-07,Bengaluru,Bengaluru,Coimbatore,824.3,Clothing,7,7.19,Rail,Dtdc,2878.41,635.73,8.47,2025-04-09,2025-04-16,2025-04-16,Delivered,4.0,No,No,7,0,3.4919446803348295,3514.14,1
ORD104602,CUST11701,2025-05-23,Mumbai,Mumbai,Bhopal,550.8,Automotive,3,5.13,Air,Dtdc,5093.77,540.87,8.2,2025-05-24,2025-05-28,2025-05-28,Delivered,4.0,No,No,4,0,9.247948438634715,5634.64,1
ORD101755,CUST11826,2025-01-11,Bengaluru,Bengaluru,Delhi,763.5,Sports,7,3.54,Air,Shadowfax,7088.44,545.16,8.5,2025-01-13,2025-01-17,2025-01-17,Delivered,4.0,No,No,4,0,9.284138834315652,7633.599999999999,1
ORD101748,CUST11834,2025-10-21,Mumbai,Mumbai,Nagpur,588.2,Beauty,5,6.65,Road,Dtdc,2650.81,421.88,13.03,2025-10-24,2025-10-29,2025-10-29,Delivered,4.0,No,No,5,0,4.50664739884393,3072.69,1
ORD101895,CUST10316,2025-06-29,Delhi,Delhi,Mumbai,491.0,Beauty,2,0.46,Rail,Shadowfax,1539.54,488.99,11.45,2025-07-01,2025-07-07,2025-07-07,Delivered,4.0,No,No,6,0,3.135519348268839,2028.53,1
ORD104746,CUST10357,2025-08-28,Bengaluru,Bengaluru,Lucknow,1113.9,Automotive,1,8.49,Rail,Shadowfax,3653.43,778.61,5.95,2025-08-30,2025-09-08,2025-09-14,Delayed,4.0,No,No,15,6,3.2798545650417448,4432.04,0
ORD100083,CUST10548,2025-02-06,Hyderabad,Hyderabad,Lucknow,128.1,Grocery,6,2.98,Road,Delhivery,626.22,199.27,3.16,2025-02-07,2025-02-12,2025-02-16,Delayed,3.0,No,No,9,4,4.888524590163935,825.49,0
ORD100842,CUST12035,2025-08-02,Chennai,Chennai,Jaipur,575.6,Books,7,1.42,Rail,Xpressbees,1839.54,503.56,8.66,2025-08-05,2025-08-12,2025-08-12,Delivered,4.0,No,No,7,0,3.1958651841556636,2343.1,1
ORD102482,CUST12773,2025-10-23,Delhi,Delhi,Kolkata,183.0,Books,3,10.5,Road,Xpressbees,1050.86,215.89,9.96,2025-10-25,2025-10-31,2025-10-31,Delivered,5.0,No,No,6,0,5.742404371584699,1266.75,1
ORD103088,CUST11140,2025-04-15,Hyderabad,Hyderabad,Coimbatore,190.7,Clothing,1,2.71,Rail,Blue Dart,679.8,194.71,2.51,2025-04-17,2025-04-22,2025-04-22,Delivered,4.0,No,No,5,0,3.5647614053487153,874.51,1
ORD103965,CUST10677,2025-07-24,Pune,Pune,Hyderabad,367.1,Electronics,4,2.69,Rail,Shadowfax,1296.99,278.88,8.01,2025-07-26,2025-08-01,2025-08-06,Delayed,4.0,No,No,11,5,3.5330700081721598,1575.87,0
ORD104407,CUST10798,2025-05-17,Mumbai,Mumbai,Bengaluru,475.3,Books,3,7.39,Rail,Ecom Express,1751.15,398.22,10.36,2025-05-19,2025-05-25,2025-05-25,Delivered,4.0,No,No,6,0,3.6843046496949294,2149.37,1
ORD102287,CUST10298,2025-06-25,Mumbai,Mumbai,Bengaluru,648.1,Automotive,7,2.18,Air,Delhivery,6000.81,586.26,8.2,2025-06-27,2025-06-29,2025-07-02,Delayed,2.0,No,No,5,3,9.259080388828885,6587.070000000001,0
ORD100081,CUST11333,2025-04-01,Pune,Pune,Chennai,192.5,Beauty,5,1.43,Air,Ecom Express,1611.85,134.01,10.01,2025-04-03,2025-04-05,2025-04-05,Delivered,5.0,No,No,2,0,8.373246753246752,1745.86,1
ORD104214,CUST11629,2025-11-16,Hyderabad,Hyderabad,Bhopal,607.5,Electronics,5,3.16,Road,Shadowfax,2740.18,696.42,8.98,2025-11-18,2025-11-25,2025-11-25,Delivered,5.0,No,No,7,0,4.510584362139918,3436.6,1
ORD101697,CUST12204,2025-06-03,Chennai,Chennai,Mumbai,477.5,Books,4,1.48,Express,Shadowfax,3431.46,457.38,6.55,2025-06-05,2025-06-08,2025-06-08,Delivered,5.0,No,No,3,0,7.186303664921466,3888.84,1
ORD103315,CUST12643,2025-12-01,Hyderabad,Hyderabad,Delhi,356.0,Beauty,2,4.66,Road,Shadowfax,1646.63,397.07,5.98,2025-12-03,2025-12-07,2025-12-07,Delivered,4.0,No,No,4,0,4.625365168539326,2043.7,1
ORD100654,CUST10864,2025-03-19,Chennai,Chennai,Hyderabad,215.6,Clothing,3,2.69,Rail,Blue Dart,814.35,227.1,8.51,2025-03-21,2025-03-27,2025-03-27,Delivered,5.0,No,No,6,0,3.7771335807050095,1041.45,1
ORD102554,CUST10273,2025-12-13,Mumbai,Mumbai,Kochi,631.8,Sports,6,8.62,Road,Blue Dart,2806.62,705.05,10.65,2025-12-16,2025-12-24,2025-12-24,Delivered,4.0,No,No,8,0,4.442260208926876,3511.67,1
ORD101140,CUST11725,2025-07-10,Chennai,Chennai,Kolkata,566.9,Home & Kitchen,4,3.56,Road,Shadowfax,2448.74,468.33,6.68,2025-07-13,2025-07-19,2025-07-23,Delayed,3.0,No,No,10,4,4.31952725348386,2917.0699999999997,0
ORD104574,CUST11782,2025-01-18,Bengaluru,Bengaluru,Ahmedabad,445.0,Beauty,1,3.08,Rail,Ecom Express,1552.21,336.34,7.54,2025-01-21,2025-01-28,2025-01-28,Delivered,4.0,No,No,7,0,3.488112359550562,1888.55,1
ORD100342,CUST10806,2025-02-04,Mumbai,Mumbai,Pune,1021.8,Sports,7,8.88,Road,Shadowfax,4557.67,1129.19,9.34,2025-02-06,2025-02-12,2025-02-15,Delayed,3.0,No,No,9,3,4.460432569974555,5686.860000000001,0
ORD102683,CUST12131,2025-07-26,Delhi,Delhi,Mumbai,149.7,Automotive,6,5.35,Road,Dtdc,717.18,134.2,10.04,2025-07-28,2025-08-02,2025-08-02,Delivered,4.0,No,No,5,0,4.790781563126252,851.3799999999999,1
ORD100942,CUST12071,2025-05-20,Delhi,Delhi,Chennai,178.6,Automotive,3,1.08,Road,Ecom Express,876.61,184.91,8.37,2025-05-22,2025-05-27,2025-05-27,Delivered,5.0,No,No,5,0,4.908230683090705,1061.52,1
ORD100740,CUST10372,2025-11-26,Hyderabad,Hyderabad,Delhi,183.8,Beauty,3,5.74,Express,Delhivery,1485.36,141.42,2.36,2025-11-28,2025-12-01,2025-12-05,Delayed,3.0,No,No,7,4,8.081392818280738,1626.78,0
ORD102988,CUST12379,2025-06-14,Bengaluru,Bengaluru,Delhi,621.9,Grocery,5,14.8,Rail,Xpressbees,2156.85,394.78,6.34,2025-06-16,2025-06-23,2025-06-23,Delivered,4.0,No,No,7,0,3.468162083936324,2551.63,1
ORD103149,CUST11653,2025-07-30,Mumbai,Mumbai,Vijayawada,543.1,Sports,1,4.02,Road,Delhivery,2327.56,453.46,6.87,2025-08-01,2025-08-06,2025-08-07,Delayed,4.0,No,No,6,1,4.2856932424967775,2781.02,0
ORD103325,CUST12025,2025-01-10,Chennai,Chennai,Kochi,276.5,Books,1,7.56,Rail,Shadowfax,1045.67,159.87,9.6,2025-01-12,2025-01-18,2025-01-18,Delivered,4.0,No,No,6,0,3.7818083182640145,1205.54,1
ORD104211,CUST10630,2025-04-22,Bengaluru,Bengaluru,Lucknow,539.0,Sports,2,17.47,Road,Dtdc,2483.62,556.9,11.37,2025-04-24,2025-04-30,2025-05-01,Delayed,3.0,No,No,7,1,4.607829313543599,3040.52,0
ORD104982,CUST10256,2025-06-01,Mumbai,Mumbai,Lucknow,356.4,Clothing,7,4.62,Road,Shadowfax,1587.79,274.89,7.38,2025-06-04,2025-06-10,2025-06-10,Delivered,5.0,No,No,6,0,4.455078563411897,1862.6799999999998,1
ORD103087,CUST12270,2025-04-20,Mumbai,Mumbai,Jaipur,436.7,Electronics,1,5.66,Express,Dtdc,3163.35,376.15,10.49,2025-04-23,2025-04-26,2025-04-26,Delivered,4.0,No,No,3,0,7.243760018319212,3539.5,1
ORD100059,CUST11047,2025-03-03,Pune,Pune,Hyderabad,154.9,Automotive,6,8.45,Road,Blue Dart,789.06,215.3,8.14,2025-03-05,2025-03-09,2025-03-11,Delayed,3.0,No,Yes,6,2,5.093996126533247,1004.3599999999999,0
ORD101836,CUST11151,2025-11-08,Hyderabad,Hyderabad,Chennai,170.0,Grocery,3,5.33,Road,Shadowfax,796.57,161.55,5.91,2025-11-09,2025-11-14,2025-11-17,Delayed,4.0,No,No,8,3,4.685705882352941,958.1200000000001,0
ORD100381,CUST12278,2025-03-06,Hyderabad,Hyderabad,Lucknow,274.9,Home & Kitchen,1,6.07,Road,Shadowfax,1329.66,293.28,7.87,2025-03-08,2025-03-13,2025-03-13,Delivered,5.0,No,Yes,5,0,4.8368861404146966,1622.94,1
ORD101644,CUST10855,2025-11-15,Delhi,Delhi,Mumbai,226.2,Clothing,6,9.6,Road,Delhivery,1164.37,229.72,9.74,2025-11-18,2025-11-23,2025-11-23,Delivered,3.0,No,No,5,0,5.147524314765694,1394.09,1
ORD103044,CUST11359,2025-04-03,Mumbai,Mumbai,Kochi,207.4,Home & Kitchen,6,6.61,Air,Xpressbees,2093.27,242.45,9.78,2025-04-06,2025-04-08,2025-04-08,Delivered,5.0,No,No,2,0,10.092912246865959,2335.72,1
ORD102793,CUST11398,2025-03-27,Pune,Pune,Vijayawada,245.0,Clothing,3,7.5,Road,Ecom Express,1042.15,275.95,11.32,2025-03-31,2025-04-06,2025-04-06,Delivered,4.0,No,No,6,0,4.253673469387755,1318.1000000000001,1
ORD101933,CUST11202,2025-11-16,Bengaluru,Bengaluru,Delhi,559.3,Grocery,3,3.03,Road,Dtdc,2428.27,520.65,7.06,2025-11-18,2025-11-23,2025-11-23,Delivered,4.0,No,No,5,0,4.341623457893796,2948.92,1
ORD104793,CUST12305,2025-08-22,Chennai,Chennai,Visakhapatnam,590.6,Home & Kitchen,5,7.64,Express,Dtdc,4242.15,529.08,7.92,2025-08-24,2025-08-28,2025-08-28,Delivered,4.0,No,No,4,0,7.182780223501523,4771.23,1
ORD100772,CUST12668,2025-09-10,Bengaluru,Bengaluru,Pune,242.1,Grocery,6,4.97,Express,Dtdc,1890.77,196.91,8.62,2025-09-12,2025-09-16,2025-09-16,Delivered,4.0,No,No,4,0,7.809871953738125,2087.68,1
ORD100237,CUST10812,2025-08-18,Delhi,Delhi,Nagpur,204.2,Home & Kitchen,6,10.09,Express,Blue Dart,1645.55,136.6,9.48,2025-08-20,2025-08-22,2025-08-22,Delivered,4.0,No,No,2,0,8.058521057786484,1782.1499999999999,1
ORD104943,CUST10642,2025-06-13,Mumbai,Mumbai,Jaipur,97.0,Automotive,5,2.5,Road,Blue Dart,487.23,79.44,9.79,2025-06-15,2025-06-19,2025-06-19,Delivered,5.0,No,No,4,0,5.02298969072165,566.6700000000001,1
ORD102628,CUST11558,2025-10-10,Delhi,Delhi,Indore,295.0,Books,6,1.74,Road,Blue Dart,1315.79,259.22,9.52,2025-10-13,2025-10-18,2025-10-18,Delivered,4.0,No,No,5,0,4.460305084745762,1575.01,1
ORD102764,CUST11128,2025-07-23,Hyderabad,Hyderabad,Pune,392.1,Electronics,4,8.98,Express,Dtdc,2919.05,416.02,9.7,2025-07-25,2025-07-29,2025-07-29,Delivered,2.0,No,No,4,0,7.444656975261413,3335.07,1
ORD102392,CUST10472,2025-02-23,Delhi,Delhi,Jaipur,190.5,Home & Kitchen,6,4.89,Road,Ecom Express,973.34,81.69,10.16,2025-02-26,2025-03-03,2025-03-05,Delayed,3.0,No,No,7,2,5.1093963254593175,1055.03,0
ORD104649,CUST11424,2025-02-27,Hyderabad,Hyderabad,Indore,1083.8,Home & Kitchen,6,7.65,Express,Xpressbees,7818.56,1097.25,8.2,2025-03-02,2025-03-08,2025-03-08,Delivered,4.0,No,No,6,0,7.2140247278095595,8915.810000000001,1
ORD100539,CUST12358,2025-03-05,Delhi,Delhi,Indore,249.8,Sports,5,2.33,Road,Dtdc,1147.32,140.02,7.92,2025-03-08,2025-03-14,2025-03-15,Delayed,4.0,No,No,7,1,4.592954363490792,1287.34,0
ORD101239,CUST10163,2025-11-03,Hyderabad,Hyderabad,Visakhapatnam,278.1,Automotive,5,2.14,Road,Dtdc,1181.98,148.74,9.87,2025-11-06,2025-11-11,2025-11-11,Delivered,4.0,No,No,5,0,4.25019777058612,1330.72,1
ORD104983,CUST10860,2025-04-04,Chennai,Chennai,Visakhapatnam,44.5,Grocery,1,3.97,Road,Blue Dart,310.33,38.73,5.39,2025-04-06,2025-04-10,2025-04-10,Delivered,5.0,No,No,4,0,6.973707865168539,349.06,1
ORD101393,CUST11183,2025-12-14,Hyderabad,Hyderabad,Mumbai,996.5,Grocery,6,4.03,Express,Delhivery,6981.93,962.42,6.93,2025-12-16,2025-12-22,2025-12-22,Delivered,4.0,No,No,6,0,7.006452584044155,7944.35,1
ORD102427,CUST10254,2025-10-15,Bengaluru,Bengaluru,Bhopal,802.0,Home & Kitchen,3,2.26,Road,Shadowfax,3376.41,505.24,7.69,2025-10-17,2025-10-24,2025-10-24,Delivered,5.0,No,No,7,0,4.20998753117207,3881.6499999999996,1
ORD103448,CUST10978,2025-10-31,Delhi,Delhi,Coimbatore,610.4,Books,6,7.79,Road,Xpressbees,2725.94,473.58,10.81,2025-11-03,2025-11-09,2025-11-09,Delivered,5.0,No,No,6,0,4.465825688073394,3199.52,1
ORD104657,CUST10106,2025-01-19,Mumbai,Mumbai,Lucknow,274.1,Home & Kitchen,3,11.79,Air,Xpressbees,2847.35,199.91,12.12,2025-01-23,2025-01-25,2025-01-25,Delivered,4.0,No,No,2,0,10.387997081357168,3047.2599999999998,1
ORD101022,CUST12062,2025-08-26,Delhi,Delhi,Kolkata,120.9,Sports,1,1.58,Air,Xpressbees,1111.53,126.14,11.69,2025-08-28,2025-08-31,2025-08-31,Delivered,5.0,No,No,3,0,9.193796526054589,1237.67,1
ORD104131,CUST12787,2025-01-28,Delhi,Delhi,Lucknow,843.1,Clothing,4,1.11,Rail,Ecom Express,2661.52,572.65,7.37,2025-01-30,2025-02-08,2025-02-08,Delivered,3.0,No,No,9,0,3.1568259992883405,3234.17,1
ORD104434,CUST10279,2025-06-20,Bengaluru,Bengaluru,Mumbai,75.9,Clothing,5,4.79,Road,Delhivery,499.63,86.33,7.37,2025-06-22,2025-06-26,2025-06-26,Delivered,5.0,No,No,4,0,6.582740447957839,585.96,1
ORD102400,CUST12305,2025-09-14,Mumbai,Mumbai,Visakhapatnam,59.8,Grocery,6,2.53,Road,Xpressbees,279.24,52.76,11.43,2025-09-16,2025-09-22,2025-09-24,Delayed,5.0,No,No,8,2,4.6695652173913045,332.0,0
ORD102232,CUST12519,2025-10-13,Chennai,Chennai,Ahmedabad,163.0,Books,5,1.92,Express,Xpressbees,1322.05,201.15,10.33,2025-10-16,2025-10-20,2025-10-20,Delivered,5.0,No,No,4,0,8.110736196319019,1523.2,1
ORD101175,CUST11783,2025-10-22,Chennai,Chennai,Jaipur,597.9,Sports,2,7.15,Rail,Dtdc,2199.37,670.96,10.12,2025-10-25,2025-10-30,2025-10-30,Delivered,4.0,No,No,5,0,3.678491386519485,2870.33,1
ORD102879,CUST10073,2025-09-23,Hyderabad,Hyderabad,Bengaluru,706.7,Automotive,1,9.13,Air,Blue Dart,6428.7,516.97,3.18,2025-09-25,2025-09-29,2025-09-29,Delivered,3.0,No,No,4,0,9.096787887363803,6945.67,1
ORD102640,CUST11071,2025-07-31,Delhi,Delhi,Visakhapatnam,579.5,Beauty,6,7.88,Express,Blue Dart,4257.08,687.43,8.63,2025-08-02,2025-08-05,2025-08-07,Delayed,4.0,Yes,No,5,2,7.346125970664366,4944.51,0
ORD101139,CUST12430,2025-05-14,Delhi,Delhi,Hyderabad,1191.8,Electronics,7,1.25,Road,Ecom Express,5191.85,1095.14,7.78,2025-05-17,2025-05-25,2025-05-25,Delivered,4.0,No,No,8,0,4.356309783520725,6286.990000000001,1
ORD100003,CUST12008,2025-12-18,Bengaluru,Bengaluru,Surat,497.6,Books,2,5.37,Air,Xpressbees,4532.02,495.85,8.86,2025-12-20,2025-12-22,2025-12-22,Delivered,5.0,No,No,2,0,9.107757234726689,5027.870000000001,1
ORD103644,CUST11282,2025-02-25,Mumbai,Mumbai,Jaipur,773.3,Electronics,3,10.66,Rail,Delhivery,2722.44,771.31,12.62,2025-02-28,2025-03-06,2025-03-06,Delivered,5.0,No,No,6,0,3.520548299495668,3493.75,1
ORD104652,CUST12191,2025-01-23,Chennai,Chennai,Mumbai,344.8,Books,4,4.07,Road,Delhivery,1740.15,288.65,7.74,2025-01-25,2025-01-30,2025-01-30,Delivered,4.0,No,No,5,0,5.046838747099768,2028.8000000000002,1
ORD104894,CUST12528,2025-05-18,Pune,Pune,Indore,622.2,Clothing,7,8.83,Road,Ecom Express,2919.13,489.15,7.87,2025-05-20,2025-05-27,2025-05-27,Delivered,5.0,No,No,7,0,4.691626486660238,3408.28,1
ORD102418,CUST10057,2025-08-19,Chennai,Chennai,Pune,244.7,Beauty,3,5.35,Road,Blue Dart,1170.76,289.41,7.7,2025-08-22,2025-08-27,2025-08-29,Delayed,4.0,No,No,7,2,4.784470780547609,1460.17,0
ORD101474,CUST10535,2025-01-06,Pune,Pune,Kochi,315.7,Books,1,6.89,Rail,Blue Dart,1077.39,314.74,7.38,2025-01-08,2025-01-15,2025-01-15,Delivered,4.0,No,No,7,0,3.412701932214128,1392.13,1
ORD102947,CUST11188,2025-10-08,Pune,Pune,Jaipur,509.3,Electronics,4,9.0,Express,Dtdc,3921.16,562.58,13.03,2025-10-11,2025-10-16,2025-10-16,Delivered,4.0,No,No,5,0,7.699116434321618,4483.74,1
ORD104731,CUST10076,2025-08-12,Hyderabad,Hyderabad,Ahmedabad,764.4,Books,3,7.39,Express,Blue Dart,5556.72,758.1,8.63,2025-08-15,2025-08-21,2025-08-21,Delivered,4.0,No,No,6,0,7.269387755102041,6314.820000000001,1
ORD102962,CUST10123,2025-03-02,Bengaluru,Bengaluru,Vijayawada,136.6,Books,7,5.95,Road,Delhivery,688.66,144.2,7.74,2025-03-04,2025-03-09,2025-03-10,Delayed,3.0,No,No,6,1,5.041434846266472,832.8599999999999,0
ORD103273,CUST10882,2025-04-01,Bengaluru,Bengaluru,Indore,384.3,Home & Kitchen,5,9.37,Road,Blue Dart,1928.6,415.81,8.81,2025-04-03,2025-04-08,2025-04-08,Delivered,5.0,No,No,5,0,5.01847514962269,2344.41,1
ORD100297,CUST11383,2025-10-11,Delhi,Delhi,Nagpur,119.5,Sports,2,4.71,Air,Shadowfax,974.41,141.67,7.51,2025-10-13,2025-10-16,2025-10-19,Delayed,3.0,No,Yes,6,3,8.154058577405857,1116.08,0
ORD101156,CUST10151,2025-02-13,Bengaluru,Bengaluru,Kochi,1086.3,Automotive,2,4.14,Rail,Dtdc,3530.47,1126.85,5.31,2025-02-15,2025-02-22,2025-02-22,Delivered,5.0,No,No,7,0,3.2499953972199207,4657.32,1
ORD100768,CUST11809,2025-08-15,Bengaluru,Bengaluru,Kochi,1253.4,Sports,6,3.86,Road,Ecom Express,5263.96,910.96,5.43,2025-08-17,2025-08-25,2025-08-25,Delivered,5.0,No,No,8,0,4.199744694431147,6174.92,1
ORD104324,CUST10849,2025-11-30,Chennai,Chennai,Hyderabad,671.3,Home & Kitchen,2,5.57,Air,Shadowfax,6041.09,629.13,5.38,2025-12-02,2025-12-06,2025-12-06,Delivered,5.0,No,No,4,0,8.99909131535826,6670.22,1
ORD100166,CUST11144,2025-03-04,Bengaluru,Bengaluru,Nagpur,543.4,Books,6,3.27,Road,Dtdc,2287.79,539.83,9.61,2025-03-07,2025-03-11,2025-03-11,Delivered,4.0,No,No,4,0,4.2101398601398605,2827.62,1
ORD103512,CUST12747,2025-10-04,Chennai,Chennai,Surat,472.7,Books,7,12.58,Express,Dtdc,3641.94,461.44,7.51,2025-10-06,2025-10-09,2025-10-09,Delivered,5.0,No,No,3,0,7.704548339327269,4103.38,1
ORD101610,CUST11014,2025-11-09,Pune,Pune,Coimbatore,632.1,Books,1,5.76,Air,Xpressbees,5830.57,457.87,8.81,2025-11-13,2025-11-17,2025-11-17,Delivered,4.0,No,No,4,0,9.224125929441543,6288.44,1
ORD102806,CUST11486,2025-05-28,Chennai,Chennai,Visakhapatnam,209.3,Electronics,5,1.93,Road,Blue Dart,1074.14,214.89,7.76,2025-05-31,2025-06-06,2025-06-06,Delivered,5.0,No,No,6,0,5.132059245102724,1289.0300000000002,1
ORD104035,CUST12197,2025-09-11,Pune,Pune,Kochi,318.7,Beauty,1,5.61,Road,Xpressbees,1554.51,249.57,0.0,2025-09-13,2025-09-17,2025-09-17,Delivered,5.0,No,No,4,0,4.877659240665203,1804.08,1
ORD100541,CUST12552,2025-09-10,Mumbai,Mumbai,Bengaluru,683.8,Books,5,3.48,Road,Dtdc,3118.32,647.51,11.16,2025-09-13,2025-09-20,2025-09-20,Delivered,3.0,No,No,7,0,4.560280783854929,3765.83,1
ORD101451,CUST12658,2025-08-07,Chennai,Chennai,Kochi,516.9,Beauty,4,7.05,Air,Ecom Express,4801.17,407.35,9.33,2025-08-10,2025-08-12,2025-08-12,Delivered,5.0,No,No,2,0,9.288392338943703,5208.52,1
ORD102426,CUST11245,2025-02-07,Pune,Pune,Bhopal,870.8,Grocery,7,9.63,Road,Shadowfax,3991.81,736.57,5.46,2025-02-08,2025-02-15,2025-02-15,Delivered,5.0,No,No,7,0,4.584072117593018,4728.38,1
ORD104753,CUST11350,2025-07-12,Hyderabad,Hyderabad,Visakhapatnam,407.3,Home & Kitchen,5,5.82,Road,Ecom Express,1993.82,321.14,6.45,2025-07-14,2025-07-22,2025-07-23,Delayed,4.0,No,No,9,1,4.895212374171372,2314.96,0
ORD103867,CUST12749,2025-08-21,Pune,Pune,Nagpur,309.2,Grocery,4,8.33,Express,Blue Dart,2361.38,332.66,9.82,2025-08-24,2025-08-27,2025-08-27,Delivered,4.0,No,No,3,0,7.63706338939198,2694.04,1
ORD100021,CUST11702,2025-04-02,Bengaluru,Bengaluru,Kolkata,292.2,Grocery,3,7.79,Road,Ecom Express,1347.81,225.4,6.97,2025-04-04,2025-04-09,2025-04-10,Delayed,2.0,No,No,6,1,4.612628336755646,1573.21,0
ORD103538,CUST10548,2025-05-31,Pune,Pune,Delhi,309.9,Automotive,6,8.46,Road,Dtdc,1578.16,245.04,9.39,2025-06-02,2025-06-07,2025-06-07,Delivered,4.0,No,Yes,5,0,5.092481445627622,1823.2,1
ORD104229,CUST11579,2025-05-30,Delhi,Delhi,Kochi,366.2,Clothing,4,3.03,Rail,Xpressbees,1213.02,296.41,9.95,2025-06-02,2025-06-08,2025-06-08,Delivered,4.0,No,No,6,0,3.3124522119060624,1509.43,1
ORD100213,CUST12433,2025-01-29,Bengaluru,Bengaluru,Jaipur,230.0,Clothing,6,6.42,Road,Xpressbees,1217.96,187.96,6.12,2025-01-31,2025-02-06,2025-02-06,Delivered,4.0,No,No,6,0,5.295478260869565,1405.92,1
ORD101921,CUST12218,2025-07-13,Pune,Pune,Chennai,476.3,Automotive,1,11.1,Rail,Dtdc,1739.97,577.22,8.24,2025-07-15,2025-07-22,2025-07-22,Delivered,4.0,No,No,7,0,3.65309678773882,2317.19,1
ORD101942,CUST10498,2025-08-17,Chennai,Chennai,Jaipur,1287.7,Books,4,11.86,Road,Blue Dart,5652.01,1060.81,4.93,2025-08-19,2025-08-28,2025-08-28,Delivered,5.0,No,No,9,0,4.38922885765318,6712.82,1
ORD104385,CUST11048,2025-09-16,Hyderabad,Hyderabad,Nagpur,623.7,Clothing,6,10.33,Rail,Xpressbees,2255.46,446.78,3.4,2025-09-17,2025-09-24,2025-09-24,Delivered,5.0,No,No,7,0,3.616257816257816,2702.24,1
ORD102870,CUST12709,2025-07-25,Bengaluru,Bengaluru,Coimbatore,164.2,Home & Kitchen,5,5.39,Express,Dtdc,1084.14,108.06,4.72,2025-07-26,2025-07-28,2025-07-28,Delivered,4.0,No,No,2,0,6.602557856272839,1192.2,1
ORD100510,CUST12259,2025-04-12,Pune,Pune,Bhopal,394.7,Clothing,2,5.2,Road,Delhivery,1730.87,423.52,8.45,2025-04-14,2025-04-21,2025-04-21,Delivered,4.0,No,No,7,0,4.385279959462883,2154.39,1
ORD103134,CUST12447,2025-11-26,Hyderabad,Hyderabad,Vijayawada,639.8,Grocery,1,12.49,Road,Shadowfax,2812.12,640.86,4.04,2025-11-28,2025-12-03,2025-12-03,Delivered,4.0,No,No,5,0,4.395311034698343,3452.98,1
ORD100615,CUST10427,2025-12-25,Pune,Pune,Vijayawada,304.8,Beauty,4,3.46,Road,Shadowfax,1411.24,356.09,7.35,2025-12-28,2026-01-02,2026-01-02,Delivered,5.0,No,No,5,0,4.6300524934383205,1767.33,1
ORD100009,CUST11817,2025-07-05,Bengaluru,Bengaluru,Bhopal,910.7,Sports,5,2.56,Rail,Dtdc,3019.68,900.91,6.89,2025-07-07,2025-07-15,2025-07-17,Delayed,3.0,No,No,10,2,3.3157790710442514,3920.5899999999997,0
ORD101793,CUST11731,2025-08-16,Chennai,Chennai,Lucknow,679.3,Electronics,5,1.27,Road,Delhivery,2943.78,618.32,8.47,2025-08-18,2025-08-23,2025-08-26,Delayed,4.0,No,No,8,3,4.333549241866628,3562.1000000000004,0
ORD104662,CUST11019,2025-06-10,Delhi,Delhi,Ahmedabad,163.6,Clothing,5,8.29,Road,Xpressbees,910.85,121.31,8.28,2025-06-12,2025-06-19,2025-06-19,Delivered,4.0,No,No,7,0,5.567542787286064,1032.16,1
ORD102513,CUST10205,2025-05-11,Hyderabad,Hyderabad,Pune,1040.2,Clothing,1,2.85,Road,Shadowfax,4450.39,923.13,6.38,2025-05-13,2025-05-20,2025-05-20,Delivered,5.0,No,No,7,0,4.278398384925976,5373.52,1
ORD103963,CUST11249,2025-01-02,Chennai,Chennai,Kochi,312.0,Sports,6,8.55,Road,Shadowfax,1439.23,288.14,7.64,2025-01-04,2025-01-09,2025-01-09,Delivered,4.0,No,No,5,0,4.612916666666667,1727.37,1
ORD104122,CUST11163,2025-05-13,Bengaluru,Bengaluru,Surat,271.6,Automotive,5,1.49,Rail,Dtdc,1046.74,225.83,4.85,2025-05-15,2025-05-21,2025-05-21,Delivered,5.0,No,No,6,0,3.8539764359351985,1272.57,1
ORD102861,CUST12449,2025-10-01,Bengaluru,Bengaluru,Nagpur,453.5,Electronics,2,0.48,Rail,Ecom Express,1483.88,482.47,10.67,2025-10-04,2025-10-10,2025-10-11,Delayed,4.0,No,No,7,1,3.2720617420066156,1966.3500000000001,0
ORD101861,CUST10549,2025-09-13,Delhi,Delhi,Pune,64.3,Beauty,2,5.83,Rail,Ecom Express,275.63,39.59,12.41,2025-09-15,2025-09-21,2025-09-21,Delivered,4.0,No,No,6,0,4.286625194401244,315.22,1
ORD101051,CUST11830,2025-11-09,Pune,Pune,Delhi,215.9,Grocery,3,6.6,Air,Blue Dart,1934.74,153.86,12.25,2025-11-11,2025-11-14,2025-11-14,Delivered,4.0,No,No,3,0,8.961278369615563,2088.6,1
ORD102647,CUST11929,2025-03-19,Delhi,Delhi,Kochi,234.3,Sports,6,1.34,Road,Ecom Express,1091.68,231.04,8.86,2025-03-21,2025-03-26,2025-03-26,Delivered,5.0,No,No,5,0,4.659325650874947,1322.72,1
ORD102713,CUST11302,2025-04-12,Delhi,Delhi,Chennai,197.7,Sports,1,1.42,Rail,Dtdc,703.16,153.48,9.73,2025-04-15,2025-04-21,2025-04-21,Delivered,5.0,No,No,6,0,3.5567020738492667,856.64,1
ORD103771,CUST10221,2025-05-19,Hyderabad,Hyderabad,Surat,1039.9,Sports,5,1.93,Road,Ecom Express,4496.78,820.11,8.03,2025-05-21,2025-05-27,2025-05-27,Delivered,4.0,No,No,6,0,4.324242715645735,5316.889999999999,1
ORD103188,CUST10571,2025-12-19,Pune,Pune,Lucknow,363.2,Sports,4,10.04,Road,Shadowfax,1876.39,345.39,9.18,2025-12-21,2025-12-26,2025-12-26,Delivered,4.0,No,No,5,0,5.166272026431718,2221.78,1
ORD104227,CUST10001,2025-04-29,Delhi,Delhi,Bengaluru,233.5,Clothing,2,5.62,Road,Xpressbees,1024.62,157.22,10.66,2025-05-02,2025-05-07,2025-05-07,Delivered,4.0,No,Yes,5,0,4.388094218415417,1181.84,1
ORD104108,CUST12064,2025-06-21,Delhi,Delhi,Vijayawada,469.6,Beauty,4,1.9,Road,Shadowfax,2093.43,452.09,10.19,2025-06-23,2025-06-30,2025-06-30,Delivered,4.0,No,No,7,0,4.457900340715502,2545.52,1
ORD104356,CUST11295,2025-04-17,Pune,Pune,Hyderabad,783.2,Home & Kitchen,6,5.25,Road,Delhivery,3430.97,440.98,9.47,2025-04-19,2025-04-25,2025-04-25,Delivered,4.0,No,No,6,0,4.380707354443309,3871.95,1
ORD101848,CUST12112,2025-08-24,Delhi,Delhi,Jaipur,421.9,Home & Kitchen,1,3.33,Road,Blue Dart,1856.47,420.69,7.73,2025-08-26,2025-08-30,2025-08-30,Delivered,4.0,No,No,4,0,4.400260725290353,2277.16,1
ORD102346,CUST11307,2025-05-31,Bengaluru,Bengaluru,Ahmedabad,801.4,Automotive,5,3.58,Road,Delhivery,3487.79,836.03,9.52,2025-06-02,2025-06-09,2025-06-09,Delivered,5.0,No,No,7,0,4.352121287746444,4323.82,1
ORD102457,CUST11927,2025-05-10,Hyderabad,Hyderabad,Bhopal,178.1,Sports,5,8.13,Express,Blue Dart,1425.97,134.6,3.07,2025-05-12,2025-05-14,2025-05-14,Delivered,3.0,No,No,2,0,8.006569343065694,1560.57,1
ORD102873,CUST11324,2025-05-07,Pune,Pune,Mumbai,564.6,Clothing,4,1.55,Air,Shadowfax,5272.71,568.93,6.02,2025-05-09,2025-05-13,2025-05-13,Delivered,4.0,No,No,4,0,9.338841657810839,5841.64,1
ORD101965,CUST11709,2025-10-01,Hyderabad,Hyderabad,Visakhapatnam,272.0,Grocery,7,3.01,Rail,Shadowfax,900.14,250.43,8.99,2025-10-04,2025-10-11,2025-10-11,Delivered,4.0,No,No,7,0,3.3093382352941174,1150.57,1
ORD103830,CUST10985,2025-12-04,Hyderabad,Hyderabad,Pune,435.4,Home & Kitchen,3,5.67,Rail,Blue Dart,1513.96,401.26,4.95,2025-12-06,2025-12-14,2025-12-14,Delivered,4.0,No,No,8,0,3.4771704180064313,1915.22,1
ORD100378,CUST10683,2025-02-23,Hyderabad,Hyderabad,Indore,695.3,Beauty,5,5.2,Road,Blue Dart,3044.1,734.54,6.58,2025-02-25,2025-03-03,2025-03-03,Delivered,5.0,No,No,6,0,4.378110168272689,3778.64,1
ORD100788,CUST11448,2025-12-15,Delhi,Delhi,Visakhapatnam,220.5,Grocery,6,6.57,Road,Delhivery,1082.01,156.36,11.72,2025-12-18,2025-12-22,2025-12-22,Delivered,4.0,No,No,4,0,4.907074829931973,1238.37,1
ORD102501,CUST10036,2025-02-23,Bengaluru,Bengaluru,Coimbatore,616.5,Electronics,7,4.52,Express,Xpressbees,4485.89,522.42,10.66,2025-02-26,2025-03-02,2025-03-02,Delivered,4.0,No,No,4,0,7.276382806163829,5008.31,1
ORD104183,CUST10957,2025-05-26,Delhi,Delhi,Coimbatore,298.2,Automotive,1,0.58,Rail,Xpressbees,990.72,271.37,8.11,2025-05-28,2025-06-04,2025-06-04,Delivered,4.0,No,No,7,0,3.322334004024145,1262.0900000000001,1
ORD101115,CUST12040,2025-09-02,Chennai,Chennai,Visakhapatnam,991.5,Sports,4,2.6,Air,Dtdc,8984.91,672.24,11.16,2025-09-04,2025-09-08,2025-09-08,Delivered,3.0,No,No,4,0,9.061936459909228,9657.15,1
ORD103878,CUST10235,2025-12-04,Hyderabad,Hyderabad,Indore,661.6,Beauty,5,13.43,Road,Xpressbees,3088.49,497.46,7.29,2025-12-06,2025-12-12,2025-12-12,Delivered,5.0,No,No,6,0,4.668213422007255,3585.95,1
ORD102677,CUST10902,2025-03-05,Pune,Pune,Chennai,644.4,Books,2,5.13,Air,Shadowfax,5834.13,502.39,9.08,2025-03-07,2025-03-11,2025-03-11,Delivered,5.0,No,No,4,0,9.05358472998138,6336.52,1
ORD103985,CUST10444,2025-05-06,Chennai,Chennai,Kolkata,624.3,Electronics,3,7.36,Air,Shadowfax,5673.05,372.5,6.84,2025-05-08,2025-05-12,2025-05-12,Delivered,5.0,No,No,4,0,9.087057504404935,6045.55,1
ORD103546,CUST12188,2025-07-16,Pune,Pune,Ahmedabad,366.1,Automotive,7,12.59,Air,Dtdc,3656.64,355.8,9.65,2025-07-19,2025-07-21,2025-07-21,Delivered,5.0,No,No,2,0,9.988090685605025,4012.44,1
ORD101102,CUST12238,2025-04-07,Hyderabad,Hyderabad,Delhi,267.9,Automotive,2,2.61,Road,Delhivery,1063.31,260.13,7.98,2025-04-09,2025-04-14,2025-04-18,Delayed,4.0,No,No,9,4,3.969055617767824,1323.44,0
ORD101885,CUST12709,2025-05-30,Delhi,Delhi,Kolkata,365.3,Home & Kitchen,7,8.0,Road,Shadowfax,1788.82,0.0,8.61,2025-06-02,2025-06-06,2025-06-06,Delivered,4.0,No,No,4,0,4.896851902545852,1788.82,1
ORD101710,CUST12165,2025-08-12,Hyderabad,Hyderabad,Bengaluru,747.7,Sports,7,8.05,Express,Delhivery,5434.59,776.77,5.85,2025-08-14,2025-08-18,2025-08-18,Delivered,4.0,No,No,4,0,7.268409790022736,6211.360000000001,1
ORD100289,CUST11656,2025-01-04,Chennai,Chennai,Lucknow,207.0,Automotive,3,6.09,Road,Delhivery,1015.32,238.35,8.16,2025-01-06,2025-01-11,2025-01-11,Delivered,4.0,No,Yes,5,0,4.9049275362318845,1253.67,1
ORD103129,CUST11321,2025-10-19,Delhi,Delhi,Kochi,687.8,Beauty,1,2.01,Air,Shadowfax,6128.42,547.77,6.19,2025-10-21,2025-10-24,2025-10-26,Delayed,3.0,No,No,5,2,8.91017737714452,6676.1900000000005,0
ORD102985,CUST10330,2025-04-08,Hyderabad,Hyderabad,Kolkata,210.3,Sports,5,3.99,Express,Xpressbees,1785.65,280.99,4.06,2025-04-09,2025-04-11,2025-04-11,Delivered,5.0,No,No,2,0,8.490965287684261,2066.6400000000003,1
ORD100521,CUST12768,2025-10-28,Bengaluru,Bengaluru,Delhi,367.4,Books,5,1.6,Rail,Dtdc,1220.43,303.29,10.16,2025-10-29,2025-11-04,2025-11-04,Delivered,5.0,No,No,6,0,3.3218018508437672,1523.72,1
ORD103383,CUST10733,2025-12-10,Pune,Pune,Mumbai,477.7,Sports,7,7.92,Road,Delhivery,2271.56,450.97,7.08,2025-12-13,2025-12-19,2025-12-19,Delivered,4.0,No,No,6,0,4.755202009629475,2722.5299999999997,1
ORD101794,CUST11468,2025-03-10,Bengaluru,Bengaluru,Pune,154.1,Home & Kitchen,2,6.29,Air,Xpressbees,1485.34,120.62,4.3,2025-03-12,2025-03-15,2025-03-15,Delivered,3.0,No,No,3,0,9.638805970149253,1605.96,1
ORD102433,CUST11036,2025-03-09,Mumbai,Mumbai,Indore,208.6,Clothing,7,3.44,Road,Xpressbees,1100.26,252.3,8.99,2025-03-12,2025-03-19,2025-03-21,Delayed,2.0,No,No,9,2,5.2744966442953025,1352.56,0
ORD103393,CUST11539,2025-09-25,Chennai,Chennai,Jaipur,286.7,Electronics,2,6.13,Road,Dtdc,1342.56,185.81,9.38,2025-09-28,2025-10-02,2025-10-02,Delivered,3.0,No,No,4,0,4.68280432507848,1528.37,1
ORD101390,CUST10454,2025-03-22,Delhi,Delhi,Hyderabad,412.6,Sports,1,7.01,Air,Shadowfax,3942.97,399.73,11.77,2025-03-26,2025-03-29,2025-03-29,Delivered,4.0,No,No,3,0,9.55639844886088,4342.7,1
ORD104082,CUST12646,2025-01-09,Hyderabad,Hyderabad,Bengaluru,471.2,Sports,7,11.39,Rail,Dtdc,1682.1,406.91,5.28,2025-01-10,2025-01-16,2025-01-19,Delayed,5.0,No,No,9,3,3.5698217317487266,2089.0099999999998,0
ORD100524,CUST10254,2025-06-13,Bengaluru,Bengaluru,Lucknow,684.5,Home & Kitchen,1,2.97,Rail,Ecom Express,2112.65,542.09,6.1,2025-06-15,2025-06-21,2025-06-21,Delivered,5.0,No,No,6,0,3.0864134404674948,2654.7400000000002,1
ORD101010,CUST10830,2025-09-30,Hyderabad,Hyderabad,Surat,209.8,Home & Kitchen,2,3.97,Rail,Xpressbees,869.99,261.13,8.48,2025-10-02,2025-10-09,2025-10-11,Delayed,4.0,No,No,9,2,4.14675881792183,1131.12,0
ORD104723,CUST11822,2025-10-10,Hyderabad,Hyderabad,Surat,1180.2,Home & Kitchen,6,9.47,Rail,Ecom Express,4083.54,1243.06,7.69,2025-10-13,2025-10-20,2025-10-23,Delayed,4.0,No,No,10,3,3.4600406710726994,5326.6,0
ORD103952,CUST10575,2025-09-27,Pune,Pune,Kolkata,201.7,Clothing,6,5.92,Road,Xpressbees,972.7,182.58,10.22,2025-09-30,2025-10-04,2025-10-04,Delivered,4.0,No,No,4,0,4.82250867625186,1155.28,1
ORD100406,CUST11684,2025-08-17,Hyderabad,Hyderabad,Jaipur,292.9,Beauty,3,1.69,Road,Ecom Express,1334.59,385.53,3.18,2025-08-20,2025-08-25,2025-08-25,Delivered,5.0,No,No,5,0,4.556469784909526,1720.12,1
ORD102854,CUST11074,2025-06-25,Pune,Pune,Ahmedabad,115.4,Sports,4,5.37,Rail,Dtdc,457.62,107.62,9.71,2025-06-27,2025-07-02,2025-07-02,Delivered,4.0,Yes,No,5,0,3.9655112651646447,565.24,1
ORD100497,CUST12518,2025-05-04,Chennai,Chennai,Vijayawada,580.7,Grocery,7,3.36,Road,Dtdc,2647.53,574.48,6.75,2025-05-07,2025-05-12,2025-05-17,Delayed,4.0,Yes,No,10,5,4.559204408472533,3222.01,0
ORD103232,CUST12605,2025-06-10,Hyderabad,Hyderabad,Lucknow,481.9,Sports,3,6.26,Road,Delhivery,2320.93,553.36,8.31,2025-06-12,2025-06-18,2025-06-18,Delivered,5.0,No,No,6,0,4.816206681884208,2874.29,1
ORD100436,CUST11009,2025-03-08,Mumbai,Mumbai,Ahmedabad,495.7,Sports,2,3.33,Express,Ecom Express,3588.57,565.77,7.94,2025-03-10,2025-03-16,2025-03-16,Delivered,4.0,No,No,6,0,7.239398829937462,4154.34,1
ORD103617,CUST11449,2025-10-23,Pune,Pune,Delhi,341.8,Automotive,6,0.64,Road,Dtdc,0.0,276.28,4.49,2025-10-24,2025-10-29,2025-10-30,Delayed,4.0,No,No,6,1,0.0,276.28,0
ORD103045,CUST12717,2025-04-18,Hyderabad,Hyderabad,Jaipur,210.7,Home & Kitchen,1,5.11,Express,Dtdc,1556.5,176.57,9.11,2025-04-20,2025-04-25,2025-04-25,Delivered,4.0,No,No,5,0,7.387280493592787,1733.07,1
ORD101816,CUST10906,2025-11-23,Hyderabad,Hyderabad,Jaipur,97.4,Home & Kitchen,1,0.2,Air,Ecom Express,897.48,81.03,9.23,2025-11-25,2025-11-27,2025-11-27,Delivered,5.0,No,No,2,0,9.214373716632442,978.51,1
ORD103103,CUST12138,2025-07-02,Pune,Pune,Ahmedabad,191.8,Books,1,3.71,Road,Shadowfax,774.74,0.0,5.11,2025-07-03,2025-07-08,2025-07-10,Delayed,4.0,No,No,7,2,4.0393117831074035,774.74,0
ORD103850,CUST11223,2025-09-30,Chennai,Chennai,Visakhapatnam,799.6,Automotive,7,3.38,Air,Dtdc,7231.8,872.96,7.86,2025-10-02,2025-10-05,2025-10-05,Delivered,4.0,No,No,3,0,9.044272136068034,8104.76,1
ORD101325,CUST12118,2025-01-17,Bengaluru,Bengaluru,Bhopal,319.1,Home & Kitchen,3,6.74,Road,Ecom Express,1490.82,297.49,6.23,2025-01-19,2025-01-24,2025-01-24,Delivered,5.0,No,No,5,0,4.6719523660294575,1788.31,1
ORD103372,CUST11247,2025-07-03,Delhi,Delhi,Nagpur,209.5,Beauty,1,4.64,Road,Delhivery,1107.16,216.85,11.02,2025-07-06,2025-07-11,2025-07-11,Delivered,5.0,No,No,5,0,5.284773269689738,1324.01,1
ORD102485,CUST10100,2025-08-19,Mumbai,Mumbai,Coimbatore,133.5,Sports,5,3.5,Air,Shadowfax,1317.44,123.31,10.28,2025-08-21,2025-08-23,2025-08-23,Delivered,5.0,No,No,2,0,9.868464419475655,1440.75,1
ORD103647,CUST10185,2025-02-24,Chennai,Chennai,Coimbatore,695.7,Clothing,2,1.22,Rail,Blue Dart,2442.47,735.64,8.98,2025-02-27,2025-03-07,2025-03-07,Delivered,5.0,No,Yes,8,0,3.51080925686359,3178.1099999999997,1
ORD104926,CUST10383,2025-11-11,Chennai,Chennai,Kochi,782.4,Electronics,2,11.47,Road,Blue Dart,3443.53,898.13,5.14,2025-11-13,2025-11-19,2025-11-24,Delayed,4.0,No,No,11,5,4.401239775051125,4341.66,0
ORD100007,CUST12230,2025-01-29,Hyderabad,Hyderabad,Jaipur,1172.9,Sports,6,2.93,Road,Blue Dart,5148.16,927.36,6.17,2025-01-30,2025-02-06,2025-02-06,Delivered,4.0,No,No,7,0,4.389257396197459,6075.5199999999995,1
ORD102459,CUST11400,2025-12-21,Delhi,Delhi,Lucknow,282.5,Beauty,5,10.16,Road,Shadowfax,1503.49,260.4,12.26,2025-12-24,2025-12-29,2025-12-29,Delivered,5.0,No,No,5,0,5.322088495575222,1763.8899999999999,1
ORD100944,CUST10033,2025-10-26,Chennai,Chennai,Lucknow,331.2,Books,4,4.47,Express,Blue Dart,2302.1,338.44,9.58,2025-10-28,2025-11-02,2025-11-02,Delivered,4.0,No,No,5,0,6.950785024154589,2640.54,1
ORD102631,CUST12019,2025-04-06,Bengaluru,Bengaluru,Surat,191.3,Home & Kitchen,4,1.44,Road,Delhivery,942.86,114.39,3.61,2025-04-07,2025-04-11,2025-04-11,Delivered,5.0,No,No,4,0,4.928698379508625,1057.25,1
ORD100750,CUST11475,2025-09-09,Bengaluru,Bengaluru,Lucknow,392.5,Electronics,2,9.02,Rail,Xpressbees,1589.48,369.97,9.39,2025-09-11,2025-09-17,2025-09-17,Delivered,4.0,No,No,6,0,4.0496305732484075,1959.45,1
ORD103758,CUST10466,2025-08-19,Bengaluru,Bengaluru,Bhopal,539.9,Books,4,8.56,Road,Delhivery,2343.82,585.97,9.24,2025-08-21,2025-08-26,2025-08-26,Delivered,3.0,No,No,5,0,4.341211335432488,2929.79,1
ORD100109,CUST10319,2025-09-21,Pune,Pune,Bhopal,538.8,Sports,5,4.6,Rail,Blue Dart,1841.03,453.72,6.44,2025-09-23,2025-10-01,2025-10-01,Delivered,3.0,No,No,8,0,3.4169079435783223,2294.75,1
ORD101871,CUST10259,2025-03-18,Pune,Pune,Coimbatore,859.7,Home & Kitchen,7,2.45,Air,Dtdc,7772.51,693.7,9.51,2025-03-21,2025-03-24,2025-03-31,Delayed,4.0,No,No,10,7,9.040956147493311,8466.210000000001,0
ORD104200,CUST10805,2025-01-24,Mumbai,Mumbai,Vijayawada,302.3,Sports,7,1.93,Air,Ecom Express,2857.3,264.19,11.08,2025-01-26,2025-01-27,2025-01-27,Delivered,5.0,No,No,1,0,9.451869004300365,3121.4900000000002,1
ORD102176,CUST10291,2025-08-20,Pune,Pune,Hyderabad,285.4,Sports,7,1.89,Road,Ecom Express,1443.22,294.33,9.43,2025-08-22,2025-08-27,2025-09-01,Delayed,3.0,No,No,10,5,5.056832515767344,1737.55,0
ORD102845,CUST12594,2025-05-08,Mumbai,Mumbai,Nagpur,119.4,Sports,2,3.18,Road,Delhivery,643.94,132.35,9.41,2025-05-10,2025-05-15,2025-05-15,Delivered,5.0,No,No,5,0,5.393132328308208,776.2900000000001,1
ORD100234,CUST10506,2025-06-26,Bengaluru,Bengaluru,Indore,60.7,Automotive,1,8.25,Road,Dtdc,366.33,29.58,12.18,2025-06-30,2025-07-04,2025-07-04,Delivered,5.0,No,No,4,0,6.035090609555189,395.90999999999997,1
ORD103305,CUST10166,2025-11-25,Chennai,Chennai,Indore,222.1,Automotive,4,7.24,Rail,Dtdc,846.3,212.33,8.21,2025-11-27,2025-12-04,2025-12-04,Delivered,4.0,No,No,7,0,3.810445745159838,1058.6299999999999,1
ORD103937,CUST10186,2025-11-26,Pune,Pune,Hyderabad,673.7,Electronics,6,2.03,Express,Xpressbees,4865.95,421.31,11.59,2025-11-28,2025-12-02,2025-12-02,Delivered,4.0,No,No,4,0,7.222725248626984,5287.26,1
ORD104734,CUST10474,2025-12-17,Mumbai,Mumbai,Delhi,625.1,Sports,4,6.3,Air,Blue Dart,5742.15,735.35,11.9,2025-12-21,2025-12-24,2025-12-25,Delayed,4.0,No,No,4,1,9.185970244760837,6477.5,0
ORD101969,CUST11153,2025-04-06,Chennai,Chennai,Nagpur,238.0,Grocery,1,3.59,Rail,Dtdc,880.28,103.16,6.51,2025-04-08,2025-04-15,2025-04-15,Delivered,5.0,No,No,7,0,3.698655462184874,983.4399999999999,1
ORD101243,CUST12689,2025-10-15,Bengaluru,Bengaluru,Kolkata,49.8,Electronics,2,1.28,Road,Dtdc,297.43,50.91,6.86,2025-10-17,2025-10-21,2025-10-21,Delivered,3.0,No,No,4,0,5.972489959839358,348.34000000000003,1
ORD101691,CUST12720,2025-08-04,Bengaluru,Bengaluru,Lucknow,219.1,Grocery,5,0.92,Road,Blue Dart,1051.99,146.09,8.92,2025-08-06,2025-08-10,2025-08-10,Delivered,5.0,No,No,4,0,4.801414879050662,1198.08,1
ORD104323,CUST11312,2025-06-17,Pune,Pune,Ahmedabad,1160.7,Clothing,7,6.45,Road,Blue Dart,5031.37,961.06,10.01,2025-06-19,2025-06-26,2025-06-26,Delivered,4.0,No,No,7,0,4.334772120272249,5992.43,1
ORD101354,CUST10259,2025-03-05,Hyderabad,Hyderabad,Surat,501.9,Books,4,1.92,Express,Shadowfax,3682.8,470.61,8.26,2025-03-08,2025-03-10,2025-03-10,Delivered,4.0,No,No,2,0,7.337716676628811,4153.41,1
ORD104238,CUST11091,2025-05-08,Delhi,Delhi,Coimbatore,296.3,Electronics,6,1.66,Road,Shadowfax,1281.08,228.1,9.72,2025-05-11,2025-05-16,2025-05-20,Delayed,4.0,No,No,9,4,4.323590955113061,1509.1799999999998,0
ORD100399,CUST10336,2025-07-07,Delhi,Delhi,Pune,355.9,Beauty,7,4.44,Rail,Delhivery,1408.43,255.0,9.58,2025-07-10,2025-07-17,2025-07-17,Delivered,4.0,No,No,7,0,3.957375667322282,1663.43,1
ORD104372,CUST10849,2025-04-19,Pune,Pune,Visakhapatnam,670.4,Grocery,2,8.57,Express,Dtdc,4892.17,596.98,5.57,2025-04-21,2025-04-26,2025-04-30,Delayed,4.0,No,No,9,4,7.297389618138425,5489.15,0
ORD104914,CUST12461,2025-12-07,Hyderabad,Hyderabad,Indore,374.9,Clothing,6,5.7,Air,Ecom Express,3640.01,365.25,6.95,2025-12-10,2025-12-11,2025-12-11,Delivered,5.0,No,No,1,0,9.709282475326756,4005.26,1
ORD103181,CUST10416,2025-04-05,Bengaluru,Bengaluru,Kolkata,426.9,Books,4,6.94,Express,Blue Dart,3217.74,439.22,10.06,2025-04-07,2025-04-10,2025-04-10,Delivered,3.0,No,No,3,0,7.537456078706957,3656.96,1
ORD101537,CUST10727,2025-06-04,Bengaluru,Bengaluru,Kolkata,166.0,Electronics,6,4.59,Road,Shadowfax,834.51,192.48,6.54,2025-06-06,2025-06-11,2025-06-13,Delayed,4.0,No,No,7,2,5.027168674698795,1026.99,0
ORD103132,CUST10603,2025-06-15,Chennai,Chennai,Kolkata,626.2,Electronics,4,7.54,Road,Blue Dart,2808.46,653.06,12.31,2025-06-18,2025-06-23,2025-06-23,Delivered,5.0,No,No,5,0,4.484924944107314,3461.52,1
ORD102885,CUST10049,2025-08-24,Bengaluru,Bengaluru,Pune,359.0,Grocery,6,2.11,Rail,Ecom Express,1210.98,407.34,9.39,2025-08-27,2025-09-01,2025-09-01,Delivered,4.0,No,No,5,0,3.3732033426183845,1618.32,1
ORD101900,CUST12253,2025-07-04,Hyderabad,Hyderabad,Ahmedabad,876.2,Electronics,7,0.63,Road,Ecom Express,3725.3,766.28,4.02,2025-07-06,2025-07-10,2025-07-15,Delayed,3.0,No,No,9,5,4.251654873316594,4491.58,0
ORD101609,CUST11916,2025-11-02,Delhi,Delhi,Surat,424.1,Beauty,2,4.65,Rail,Ecom Express,1413.7,469.27,5.15,2025-11-03,2025-11-11,2025-11-11,Delivered,5.0,No,No,8,0,3.333411931148314,1882.97,1
ORD103711,CUST12754,2025-10-06,Hyderabad,Hyderabad,Delhi,421.9,Sports,2,7.43,Air,Ecom Express,3958.94,241.38,9.02,2025-10-08,2025-10-12,2025-10-12,Delivered,4.0,No,No,4,0,9.383598009006874,4200.32,1
ORD104159,CUST12263,2025-07-03,Hyderabad,Hyderabad,Kolkata,236.9,Beauty,5,7.12,Road,Blue Dart,1094.35,253.01,7.07,2025-07-05,2025-07-10,2025-07-10,Delivered,5.0,Yes,No,5,0,4.619459687631911,1347.36,1
ORD102029,CUST11792,2025-10-26,Hyderabad,Hyderabad,Kochi,848.8,Books,7,5.81,Rail,Shadowfax,2889.43,751.6,8.49,2025-10-29,2025-11-06,2025-11-06,Delivered,5.0,No,No,8,0,3.4041352497643733,3641.0299999999997,1
ORD104779,CUST11458,2025-03-20,Chennai,Chennai,Indore,427.2,Beauty,2,2.27,Air,Delhivery,3943.2,335.38,9.2,2025-03-22,2025-03-26,2025-03-26,Delivered,4.0,No,No,4,0,9.230337078651685,4278.58,1
ORD103052,CUST11593,2025-04-06,Bengaluru,Bengaluru,Vijayawada,378.9,Grocery,2,6.12,Road,Dtdc,1730.09,389.9,8.23,2025-04-09,2025-04-14,2025-04-21,Delayed,4.0,No,Yes,12,7,4.566086038532594,2119.99,0
ORD103744,CUST11170,2025-11-25,Bengaluru,Bengaluru,Surat,555.8,Books,5,2.93,Rail,Ecom Express,1897.34,587.93,6.35,2025-11-26,2025-12-03,2025-12-08,Delayed,3.0,No,No,12,5,3.41370996761425,2485.27,0
ORD102773,CUST12161,2025-05-15,Hyderabad,Hyderabad,Surat,1029.7,Sports,3,1.92,Rail,Shadowfax,3390.32,879.44,4.46,2025-05-16,2025-05-22,2025-05-22,Delivered,4.0,No,No,6,0,3.2925318053802077,4269.76,1
ORD102155,CUST11294,2025-09-29,Bengaluru,Bengaluru,Hyderabad,228.1,Sports,1,3.77,Air,Dtdc,2141.85,197.3,7.14,2025-10-01,2025-10-02,2025-10-02,Delivered,5.0,No,No,1,0,9.38996054362122,2339.15,1
ORD100027,CUST11951,2025-09-15,Delhi,Delhi,Visakhapatnam,390.6,Home & Kitchen,4,3.58,Air,Ecom Express,3636.99,404.34,15.27,2025-09-18,2025-09-20,2025-09-20,Delivered,4.0,No,No,2,0,9.311290322580644,4041.33,1
ORD102694,CUST11658,2025-05-06,Hyderabad,Hyderabad,Visakhapatnam,186.4,Sports,4,1.4,Road,Ecom Express,905.72,100.65,6.19,2025-05-10,2025-05-16,2025-05-16,Delivered,4.0,No,No,6,0,4.8590128755364805,1006.37,1
ORD104066,CUST12682,2025-11-29,Delhi,Delhi,Lucknow,285.1,Electronics,6,6.35,Road,Blue Dart,1476.44,189.53,12.81,2025-12-02,2025-12-07,2025-12-07,Delivered,5.0,No,No,5,0,5.178674149421256,1665.97,1
ORD100932,CUST12034,2025-03-07,Mumbai,Mumbai,Lucknow,571.7,Electronics,2,6.98,Road,Shadowfax,2555.14,432.88,12.78,2025-03-09,2025-03-14,2025-03-18,Delayed,3.0,No,No,9,4,4.469372048277068,2988.02,0
ORD101939,CUST10720,2025-11-02,Chennai,Chennai,Visakhapatnam,106.9,Grocery,1,3.37,Air,Blue Dart,1056.4,105.63,7.94,2025-11-04,2025-11-07,2025-11-07,Delivered,4.0,No,No,3,0,9.882132834424697,1162.0300000000002,1
ORD103641,CUST11200,2025-01-05,Delhi,Delhi,Bhopal,123.4,Books,5,10.95,Rail,Ecom Express,661.97,85.84,11.15,2025-01-06,2025-01-11,2025-01-11,Delivered,4.0,No,No,5,0,5.364424635332253,747.8100000000001,1
ORD102177,CUST11092,2025-01-27,Hyderabad,Hyderabad,Lucknow,484.9,Automotive,2,7.16,Road,Ecom Express,2267.79,484.84,12.31,2025-01-30,2025-02-04,2025-02-04,Delivered,3.0,No,No,5,0,4.676819962878945,2752.63,1
ORD101098,CUST11837,2025-07-04,Pune,Pune,Nagpur,184.8,Grocery,1,3.23,Express,Ecom Express,1348.64,112.97,12.44,2025-07-08,2025-07-12,2025-07-12,Delivered,5.0,No,No,4,0,7.297835497835498,1461.6100000000001,1
ORD103499,CUST10560,2025-06-23,Pune,Pune,Visakhapatnam,223.4,Sports,6,2.09,Road,Xpressbees,1140.63,269.4,8.3,2025-06-25,2025-06-30,2025-06-30,Delivered,5.0,No,No,5,0,5.105774395702776,1410.0300000000002,1
ORD101025,CUST12405,2025-08-20,Delhi,Delhi,Ahmedabad,424.7,Sports,3,2.52,Rail,Ecom Express,1440.0,496.31,7.82,2025-08-22,2025-08-29,2025-08-31,Delayed,4.0,No,No,9,2,3.3906286790675773,1936.31,0
ORD104724,CUST10753,2025-06-21,Delhi,Delhi,Bhopal,326.2,Grocery,6,5.38,Air,Delhivery,3087.28,192.69,11.6,2025-06-24,2025-06-26,2025-06-26,Delivered,4.0,No,No,2,0,9.464377682403434,3279.9700000000003,1
ORD101765,CUST10979,2025-09-20,Mumbai,Mumbai,Hyderabad,434.7,Home & Kitchen,3,2.98,Express,Shadowfax,3238.6,333.28,8.01,2025-09-22,2025-09-26,2025-09-27,Delayed,4.0,No,No,5,1,7.450195537152059,3571.88,0
ORD100311,CUST11969,2025-08-30,Hyderabad,Hyderabad,Indore,872.4,Electronics,4,1.55,Road,Xpressbees,3791.43,870.32,8.25,2025-09-01,2025-09-07,2025-09-07,Delivered,5.0,No,No,6,0,4.345976616231087,4661.75,1
ORD101288,CUST11437,2025-07-11,Mumbai,Mumbai,Bhopal,476.0,Beauty,2,4.28,Air,Delhivery,4385.68,401.07,11.47,2025-07-13,2025-07-16,2025-07-16,Delivered,4.0,No,No,3,0,9.213613445378153,4786.75,1
ORD100396,CUST11732,2025-01-25,Chennai,Chennai,Kochi,703.0,Electronics,7,2.21,Air,Ecom Express,6450.4,813.96,9.4,2025-01-28,2025-01-31,2025-02-01,Delayed,3.0,Yes,No,4,1,9.175533428165007,7264.36,0
ORD104975,CUST11899,2025-03-04,Bengaluru,Bengaluru,Nagpur,187.6,Automotive,6,9.52,Rail,Shadowfax,811.6,183.25,6.51,2025-03-06,2025-03-12,2025-03-15,Delayed,3.0,No,No,9,3,4.326226012793177,994.85,0
ORD104621,CUST11320,2025-01-03,Chennai,Chennai,Kochi,606.5,Clothing,2,7.88,Air,Ecom Express,5698.61,638.77,6.83,2025-01-04,2025-01-05,2025-01-05,Delivered,5.0,No,No,1,0,9.395894476504534,6337.379999999999,1
ORD101616,CUST12458,2025-07-12,Chennai,Chennai,Unknown,484.3,Home & Kitchen,6,6.96,Road,Ecom Express,2178.47,353.56,6.71,2025-07-14,2025-07-18,2025-07-18,Delivered,4.0,No,No,4,0,4.498182944455915,2532.0299999999997,1
ORD102253,CUST11798,2025-03-28,Hyderabad,Hyderabad,Mumbai,166.7,Electronics,3,1.6,Road,Shadowfax,710.91,181.85,8.81,2025-03-31,2025-04-05,2025-04-05,Delivered,5.0,No,No,5,0,4.264607078584283,892.76,1
ORD101132,CUST10755,2025-12-26,Mumbai,Mumbai,Nagpur,342.2,Home & Kitchen,3,1.13,Road,Dtdc,1511.58,200.55,9.96,2025-12-28,2026-01-03,2026-01-03,Delivered,4.0,No,No,6,0,4.417241379310345,1712.1299999999999,1
ORD101481,CUST10521,2025-08-31,Hyderabad,Hyderabad,Kolkata,436.6,Books,1,6.5,Express,Dtdc,3333.31,315.69,6.44,2025-09-02,2025-09-06,2025-09-06,Delivered,5.0,No,No,4,0,7.634699954191479,3649.0,1
ORD104583,CUST11396,2025-04-05,Hyderabad,Hyderabad,Nagpur,1122.1,Automotive,2,12.28,Express,Delhivery,8006.65,1105.67,5.78,2025-04-08,2025-04-14,2025-04-14,Delivered,4.0,No,No,6,0,7.135415738347741,9112.32,1
ORD101220,CUST12263,2025-11-28,Pune,Pune,Kochi,127.6,Beauty,2,13.85,Road,Blue Dart,838.84,74.74,11.14,2025-12-01,2025-12-06,2025-12-06,Delivered,5.0,No,No,5,0,6.573981191222571,913.58,1
ORD100482,CUST12295,2025-12-12,Pune,Pune,Lucknow,1518.4,Clothing,2,8.89,Road,Xpressbees,0.0,1239.29,8.88,2025-12-14,2025-12-20,2025-12-23,Delayed,4.0,No,No,9,3,0.0,1239.29,0
ORD104477,CUST11857,2025-02-10,Chennai,Chennai,Visakhapatnam,417.7,Electronics,7,5.41,Road,Delhivery,1822.59,490.58,5.0,2025-02-12,2025-02-18,2025-02-23,Delayed,3.0,No,No,11,5,4.363394780943261,2313.17,0
ORD103980,CUST12594,2025-05-02,Bengaluru,Bengaluru,Vijayawada,231.7,Automotive,6,2.19,Road,Blue Dart,1181.14,198.79,10.71,2025-05-04,2025-05-08,2025-05-08,Delivered,4.0,No,No,4,0,5.09771255934398,1379.93,1
ORD104648,CUST10700,2025-05-13,Mumbai,Mumbai,Coimbatore,464.6,Clothing,2,6.46,Road,Dtdc,2118.38,545.76,8.72,2025-05-16,2025-05-21,2025-05-22,Delayed,4.0,No,No,6,1,4.559578131726216,2664.1400000000003,0
ORD103876,CUST12515,2025-03-31,Pune,Pune,Ahmedabad,513.8,Grocery,7,5.47,Road,Dtdc,2291.29,540.06,10.09,2025-04-02,2025-04-07,2025-04-11,Delayed,4.0,No,No,9,4,4.45949785908914,2831.35,0
ORD100562,CUST10300,2025-02-10,Pune,Pune,Bhopal,731.5,Books,6,11.88,Road,Xpressbees,3391.67,717.61,10.92,2025-02-12,2025-02-18,2025-02-23,Delayed,5.0,No,No,11,5,4.636596035543404,4109.28,0
ORD101708,CUST11151,2025-09-06,Hyderabad,Hyderabad,Kochi,422.4,Automotive,3,4.84,Road,Xpressbees,1923.71,388.82,8.49,2025-09-07,2025-09-13,2025-09-13,Delivered,5.0,No,Yes,6,0,4.55423768939394,2312.53,1
ORD102609,CUST10243,2025-05-23,Mumbai,Mumbai,Kochi,181.9,Home & Kitchen,3,6.97,Road,Shadowfax,957.01,165.69,12.14,2025-05-26,2025-05-30,2025-05-30,Delivered,4.0,No,No,4,0,5.261187465640462,1122.7,1
ORD101714,CUST12153,2025-10-27,Mumbai,Mumbai,Chennai,266.5,Automotive,3,7.73,Express,Blue Dart,1957.1,155.22,13.0,2025-10-29,2025-11-02,2025-11-02,Delivered,4.0,No,No,4,0,7.343714821763602,2112.3199999999997,1
ORD100295,CUST10452,2025-09-12,Mumbai,Mumbai,Lucknow,268.3,Grocery,6,9.7,Road,Shadowfax,1391.71,203.45,11.5,2025-09-15,2025-09-19,2025-09-20,Delayed,3.0,No,No,5,1,5.187141259783824,1595.16,0
ORD101028,CUST10731,2025-10-09,Delhi,Delhi,Jaipur,432.8,Automotive,5,6.79,Road,Delhivery,1910.88,362.3,10.32,2025-10-12,2025-10-18,2025-10-18,Delivered,4.0,No,No,6,0,4.415157116451017,2273.1800000000003,1
ORD102387,CUST11181,2025-03-01,Mumbai,Mumbai,Coimbatore,502.6,Sports,1,3.07,Rail,Blue Dart,1726.04,437.16,9.63,2025-03-04,2025-03-10,2025-03-10,Delivered,5.0,No,No,6,0,3.4342220453641064,2163.2,1
ORD103636,CUST11530,2025-05-21,Bengaluru,Bengaluru,Vijayawada,542.0,Home & Kitchen,6,0.84,Air,Shadowfax,4878.59,464.73,10.53,2025-05-24,2025-05-27,2025-05-27,Delivered,5.0,No,No,3,0,9.00108856088561,5343.32,1
ORD104152,CUST10258,2025-07-15,Bengaluru,Bengaluru,Vijayawada,196.0,Grocery,3,15.77,Express,Ecom Express,1816.0,124.42,6.24,2025-07-17,2025-07-20,2025-07-20,Delivered,4.0,No,No,3,0,9.26530612244898,1940.42,1
ORD102681,CUST12636,2025-08-11,Chennai,Chennai,Pune,257.4,Clothing,2,18.23,Road,Delhivery,1390.46,250.98,6.8,2025-08-12,2025-08-18,2025-08-18,Delivered,4.0,No,No,6,0,5.401942501942503,1641.44,1
ORD100579,CUST12446,2025-05-13,Hyderabad,Hyderabad,Surat,60.1,Beauty,3,13.33,Express,Shadowfax,657.79,40.39,6.16,2025-05-15,2025-05-19,2025-05-19,Delivered,4.0,No,Yes,4,0,10.944925124792013,698.18,1
ORD100597,CUST10842,2025-05-08,Mumbai,Mumbai,Bhopal,278.7,Electronics,6,2.87,Air,Shadowfax,2748.39,242.25,14.62,2025-05-11,2025-05-13,2025-05-13,Delivered,4.0,No,No,2,0,9.86146393972013,2990.64,1
ORD103299,CUST11462,2025-10-09,Mumbai,Mumbai,Ahmedabad,285.2,Automotive,7,1.54,Air,Ecom Express,2595.89,222.54,8.02,2025-10-11,2025-10-15,2025-10-15,Delivered,5.0,No,No,4,0,9.101998597475456,2818.43,1
ORD100212,CUST10974,2025-02-28,Bengaluru,Bengaluru,Indore,228.3,Books,2,3.44,Rail,Shadowfax,729.36,123.07,6.28,2025-03-03,2025-03-09,2025-03-09,Delivered,5.0,No,No,6,0,3.1947437582128777,852.4300000000001,1
ORD104646,CUST11808,2025-06-09,Bengaluru,Bengaluru,Kolkata,381.9,Automotive,4,0.7,Rail,Dtdc,1319.09,321.98,6.84,2025-06-12,2025-06-17,2025-06-17,Delivered,5.0,No,No,5,0,3.4540193768002094,1641.07,1
ORD101961,CUST10680,2025-01-02,Mumbai,Mumbai,Jaipur,275.9,Grocery,3,4.35,Road,Shadowfax,1236.83,287.49,11.97,2025-01-04,2025-01-10,2025-01-10,Delivered,5.0,No,No,6,0,4.482892352301558,1524.32,1
ORD102698,CUST11381,2025-01-03,Bengaluru,Bengaluru,Kolkata,186.6,Electronics,2,8.56,Air,Delhivery,1842.31,125.85,4.54,2025-01-05,2025-01-08,2025-01-08,Delivered,4.0,No,No,3,0,9.87304394426581,1968.1599999999999,1
ORD104495,CUST11294,2025-11-12,Mumbai,Mumbai,Jaipur,64.5,Electronics,4,1.21,Air,Delhivery,712.53,100.92,11.48,2025-11-16,2025-11-19,2025-11-19,Delivered,5.0,No,No,3,0,11.046976744186047,813.4499999999999,1
ORD102201,CUST11488,2025-06-12,Chennai,Chennai,Lucknow,981.1,Electronics,2,5.18,Express,Dtdc,6902.47,893.76,3.87,2025-06-14,2025-06-18,2025-06-18,Delivered,4.0,No,No,4,0,7.035439812455407,7796.2300000000005,1
ORD102141,CUST10916,2025-07-26,Hyderabad,Hyderabad,Kolkata,612.1,Electronics,7,13.39,Air,Ecom Express,5754.57,476.49,5.06,2025-07-29,2025-08-02,2025-08-02,Delivered,4.0,No,No,4,0,9.401355987583727,6231.0599999999995,1
ORD104424,CUST11228,2025-07-14,Delhi,Delhi,Chennai,218.9,Beauty,4,1.33,Air,Dtdc,2053.93,206.72,13.27,2025-07-17,2025-07-18,2025-07-18,Delivered,5.0,No,No,1,0,9.382960255824576,2260.6499999999996,1
ORD101510,CUST11624,2025-04-22,Chennai,Chennai,Visakhapatnam,303.1,Automotive,7,5.37,Air,Shadowfax,2759.3,311.5,10.42,2025-04-24,2025-04-28,2025-04-28,Delivered,5.0,No,No,4,0,9.103596172880238,3070.8,1
ORD103329,CUST10270,2025-09-13,Chennai,Chennai,Nagpur,637.6,Home & Kitchen,2,2.74,Air,Blue Dart,5756.33,508.67,4.7,2025-09-15,2025-09-18,2025-09-18,Delivered,4.0,No,No,3,0,9.028121079046423,6265.0,1
ORD101910,CUST11220,2025-08-11,Pune,Pune,Bhopal,485.9,Grocery,4,11.7,Road,Blue Dart,2208.16,411.75,9.86,2025-08-12,2025-08-18,2025-08-18,Delivered,4.0,No,No,6,0,4.544474171640255,2619.91,1
ORD100157,CUST12420,2025-06-09,Hyderabad,Hyderabad,Ahmedabad,242.6,Home & Kitchen,4,3.9,Air,Delhivery,2307.45,159.84,8.65,2025-06-11,2025-06-12,2025-06-12,Delivered,4.0,No,No,1,0,9.511335531739489,2467.29,1
ORD100161,CUST12190,2025-12-03,Mumbai,Mumbai,Delhi,355.2,Clothing,2,4.78,Rail,Ecom Express,1334.93,300.38,6.43,2025-12-05,2025-12-11,2025-12-13,Delayed,4.0,No,No,8,2,3.758248873873874,1635.31,0
ORD103070,CUST12695,2025-02-18,Pune,Pune,Vijayawada,122.5,Books,3,12.74,Road,Shadowfax,634.31,93.41,10.48,2025-02-21,2025-02-26,2025-02-26,Delivered,4.0,No,No,5,0,5.17804081632653,727.7199999999999,1
ORD103742,CUST11927,2025-12-11,Chennai,Chennai,Ahmedabad,419.0,Beauty,7,4.05,Rail,Dtdc,1477.12,307.83,3.84,2025-12-13,2025-12-20,2025-12-20,Delivered,4.0,No,No,7,0,3.5253460620525057,1784.9499999999998,1
ORD101266,CUST10575,2025-05-28,Bengaluru,Bengaluru,Kolkata,409.0,Electronics,3,6.27,Air,Xpressbees,3840.47,351.19,10.17,2025-05-31,2025-06-03,2025-06-07,Delayed,3.0,No,No,7,4,9.389902200488997,4191.66,0
ORD100798,CUST10714,2025-09-24,Hyderabad,Hyderabad,Coimbatore,260.2,Sports,7,1.93,Road,Blue Dart,1121.8,233.54,9.83,2025-09-26,2025-09-30,2025-09-30,Delivered,4.0,No,No,4,0,4.311299000768639,1355.34,1
ORD100699,CUST10761,2025-09-20,Pune,Pune,Indore,553.8,Electronics,5,4.24,Rail,Shadowfax,1865.75,528.39,10.94,2025-09-23,2025-09-30,2025-10-01,Delayed,4.0,No,No,8,1,3.368996027446732,2394.14,0
ORD102520,CUST10408,2025-08-02,Pune,Pune,Chennai,61.9,Sports,6,21.93,Rail,Delhivery,611.4,48.05,7.96,2025-08-04,2025-08-09,2025-08-09,Delivered,4.0,No,No,5,0,9.877221324717286,659.4499999999999,1
ORD102356,CUST10313,2025-08-02,Delhi,Delhi,Indore,518.2,Automotive,2,0.2,Road,Xpressbees,2088.69,476.39,9.85,2025-08-04,2025-08-10,2025-08-10,Delivered,4.0,No,No,6,0,4.030663836356619,2565.08,1
ORD104449,CUST10427,2025-07-04,Hyderabad,Hyderabad,Lucknow,272.4,Home & Kitchen,4,8.5,Air,Shadowfax,2752.65,228.28,7.06,2025-07-06,2025-07-08,2025-07-08,Delivered,4.0,No,No,2,0,10.105176211453745,2980.9300000000003,1
ORD100018,CUST10861,2025-11-20,Hyderabad,Hyderabad,Pune,243.8,Sports,1,3.03,Rail,Ecom Express,858.81,323.75,6.21,2025-11-21,2025-11-27,2025-11-27,Delivered,4.0,No,No,6,0,3.522600492206726,1182.56,1
ORD104993,CUST11586,2025-06-30,Delhi,Delhi,Hyderabad,51.6,Electronics,1,5.67,Road,Dtdc,349.7,20.0,4.62,2025-07-02,2025-07-09,2025-07-09,Delivered,5.0,No,No,7,0,6.777131782945736,369.7,1
ORD102134,CUST10327,2025-06-23,Delhi,Delhi,Kochi,669.8,Books,5,5.91,Express,Dtdc,4928.82,640.58,10.42,2025-06-25,2025-06-28,2025-06-30,Delayed,3.0,No,No,5,2,7.358644371454165,5569.4,0
ORD101054,CUST11366,2025-11-19,Hyderabad,Hyderabad,Coimbatore,77.0,Beauty,7,13.92,Air,Delhivery,1033.93,64.51,5.64,2025-11-21,2025-11-23,2025-11-23,Delivered,5.0,No,No,2,0,13.427662337662339,1098.44,1
ORD103774,CUST10931,2025-12-19,Pune,Pune,Lucknow,209.0,Sports,1,2.18,Road,Xpressbees,966.38,214.02,9.77,2025-12-22,2025-12-27,2025-12-27,Delivered,4.0,No,No,5,0,4.623827751196172,1180.4,1
ORD104735,CUST10954,2025-03-31,Delhi,Delhi,Jaipur,518.3,Books,6,5.51,Express,Blue Dart,3751.23,535.93,6.77,2025-04-02,2025-04-07,2025-04-07,Delivered,5.0,No,No,5,0,7.237565116727764,4287.16,1
ORD100024,CUST12471,2025-12-04,Bengaluru,Bengaluru,Pune,153.2,Electronics,6,3.2,Air,Shadowfax,1466.14,131.48,8.8,2025-12-06,2025-12-07,2025-12-07,Delivered,5.0,No,No,1,0,9.570104438642298,1597.6200000000001,1
ORD104781,CUST12502,2025-07-05,Delhi,Delhi,Jaipur,627.2,Beauty,6,7.63,Air,Shadowfax,5803.79,673.78,13.87,2025-07-09,2025-07-13,2025-07-13,Delivered,3.0,No,No,4,0,9.253491709183672,6477.57,1
ORD104601,CUST11576,2025-08-28,Hyderabad,Hyderabad,Coimbatore,117.5,Automotive,4,6.01,Road,Dtdc,745.77,133.12,2.17,2025-08-29,2025-09-03,2025-09-03,Delivered,4.0,No,No,5,0,6.346978723404255,878.89,1
ORD103030,CUST12709,2025-08-07,Pune,Pune,Kolkata,1026.8,Sports,3,4.86,Road,Blue Dart,4407.24,989.94,10.5,2025-08-09,2025-08-15,2025-08-22,Delayed,4.0,No,No,13,7,4.2922088040514215,5397.18,0
ORD102043,CUST11629,2025-12-13,Pune,Pune,Jaipur,160.2,Electronics,6,1.53,Air,Blue Dart,1443.14,198.42,5.5,2025-12-14,2025-12-17,2025-12-17,Delivered,4.0,No,No,3,0,9.008364544319601,1641.5600000000002,1
ORD102443,CUST10345,2025-05-12,Delhi,Delhi,Bhopal,728.9,Grocery,3,8.83,Road,Dtdc,3369.03,795.68,7.7,2025-05-15,2025-05-20,2025-05-20,Delivered,4.0,No,No,5,0,4.622074358622583,4164.71,1
ORD100208,CUST11244,2025-12-13,Mumbai,Mumbai,Jaipur,541.8,Sports,1,8.65,Rail,Xpressbees,1805.87,477.55,10.15,2025-12-16,2025-12-22,2025-12-26,Delayed,3.0,No,No,10,4,3.333093392395718,2283.42,0
ORD102341,CUST10863,2025-10-26,Mumbai,Mumbai,Indore,663.7,Clothing,2,3.09,Rail,Delhivery,2164.24,480.2,9.33,2025-10-30,2025-11-06,2025-11-06,Delivered,5.0,No,No,7,0,3.2608708753955096,2644.4399999999996,1
ORD100448,CUST11976,2025-05-30,Mumbai,Mumbai,Visakhapatnam,656.1,Electronics,3,5.26,Road,Shadowfax,2711.33,627.37,9.37,2025-06-01,2025-06-07,2025-06-07,Delivered,4.0,No,No,6,0,4.132495046486816,3338.7,1
ORD101358,CUST12139,2025-04-19,Hyderabad,Hyderabad,Indore,89.6,Electronics,1,2.07,Road,Ecom Express,431.53,39.93,5.22,2025-04-20,2025-04-23,2025-04-25,Delayed,3.0,No,No,5,2,4.816183035714285,471.46,0
ORD100308,CUST11983,2025-06-23,Hyderabad,Hyderabad,Delhi,173.0,Sports,6,5.18,Road,Delhivery,937.32,158.7,9.92,2025-06-25,2025-06-30,2025-07-01,Delayed,3.0,No,No,6,1,5.4180346820809255,1096.02,0
ORD104043,CUST10607,2025-09-05,Mumbai,Mumbai,Bhopal,534.8,Home & Kitchen,6,10.3,Road,Dtdc,2405.04,0.0,10.7,2025-09-07,2025-09-12,2025-09-14,Delayed,3.0,No,No,7,2,4.497083021690352,2405.04,0
ORD102958,CUST11153,2025-09-06,Pune,Pune,Kolkata,171.6,Sports,3,1.26,Rail,Delhivery,466.43,114.59,11.09,2025-09-09,2025-09-14,2025-09-14,Delivered,4.0,No,No,5,0,2.7181235431235433,581.02,1
ORD100402,CUST11854,2025-07-28,Bengaluru,Bengaluru,Visakhapatnam,562.3,Electronics,3,2.92,Rail,Xpressbees,1920.37,582.17,7.95,2025-07-31,2025-08-07,2025-08-09,Delayed,3.0,No,No,9,2,3.415205406366708,2502.54,0
ORD101862,CUST11232,2025-03-12,Bengaluru,Bengaluru,Pune,523.5,Electronics,1,1.62,Road,Delhivery,2173.97,412.82,8.53,2025-03-15,2025-03-19,2025-03-20,Delayed,2.0,No,No,5,1,4.152760267430754,2586.79,0
ORD101008,CUST10290,2025-11-23,Pune,Pune,Coimbatore,809.6,Beauty,6,6.4,Rail,Shadowfax,2559.61,569.18,10.56,2025-11-26,2025-12-03,2025-12-03,Delivered,4.0,No,No,7,0,3.1615736166007906,3128.79,1
ORD100565,CUST11945,2025-08-18,Pune,Pune,Ahmedabad,650.5,Beauty,6,9.39,Road,Xpressbees,2919.45,753.18,7.97,2025-08-20,2025-08-26,2025-08-26,Delivered,4.0,No,No,6,0,4.488009223674097,3672.6299999999997,1
ORD101583,CUST11816,2025-10-30,Bengaluru,Bengaluru,Vijayawada,86.4,Automotive,1,13.35,Rail,Dtdc,598.61,121.67,11.51,2025-11-01,2025-11-08,2025-11-08,Delivered,4.0,No,No,7,0,6.928356481481481,720.28,1
ORD100022,CUST12765,2025-07-05,Hyderabad,Hyderabad,Vijayawada,643.3,Home & Kitchen,3,3.13,Road,Blue Dart,2763.07,713.72,7.89,2025-07-08,2025-07-14,2025-07-14,Delivered,5.0,No,No,6,0,4.295150007772424,3476.79,1
ORD104079,CUST12679,2025-08-09,Chennai,Chennai,Bhopal,213.7,Electronics,6,0.89,Road,Ecom Express,1053.76,156.5,8.78,2025-08-11,2025-08-17,2025-08-17,Delivered,4.0,No,No,6,0,4.93102480112307,1210.26,1
ORD100825,CUST11412,2025-03-27,Hyderabad,Hyderabad,Vijayawada,214.8,Books,1,3.6,Road,Shadowfax,903.46,127.25,6.76,2025-03-29,2025-04-03,2025-04-06,Delayed,3.0,No,No,8,3,4.206052141527002,1030.71,0
ORD100810,CUST12426,2025-05-05,Delhi,Delhi,Nagpur,449.4,Sports,4,5.5,Air,Shadowfax,4307.49,272.62,9.31,2025-05-07,2025-05-12,2025-05-12,Delivered,4.0,No,No,5,0,9.584979973297731,4580.11,1
ORD102493,CUST11604,2025-09-05,Bengaluru,Bengaluru,Jaipur,431.4,Grocery,4,6.92,Rail,Ecom Express,1508.44,463.67,10.19,2025-09-08,2025-09-15,2025-09-15,Delivered,4.0,No,No,7,0,3.496615669911915,1972.1100000000001,1
ORD103922,CUST12458,2025-07-26,Pune,Pune,Chennai,600.2,Books,6,6.17,Rail,Xpressbees,2084.53,442.25,10.28,2025-07-29,2025-08-04,2025-08-04,Delivered,5.0,No,No,6,0,3.4730589803398866,2526.78,1
ORD102611,CUST11015,2025-02-14,Hyderabad,Hyderabad,Indore,581.0,Sports,5,1.53,Road,Shadowfax,2491.31,590.61,2.57,2025-02-15,2025-02-21,2025-02-21,Delivered,4.0,No,No,6,0,4.287969018932874,3081.92,1
ORD104845,CUST12751,2025-07-07,Mumbai,Mumbai,Jaipur,164.3,Books,6,4.28,Rail,Delhivery,620.58,184.5,9.34,2025-07-10,2025-07-16,2025-07-18,Delayed,4.0,No,No,8,2,3.77711503347535,805.08,0
ORD103399,CUST10907,2025-01-11,Chennai,Chennai,Kolkata,421.6,Books,7,7.87,Road,Shadowfax,2181.71,511.6,7.85,2025-01-12,2025-01-19,2025-01-24,Delayed,4.0,No,No,12,5,5.174833965844402,2693.31,0
ORD101605,CUST10803,2025-05-16,Mumbai,Mumbai,Chennai,459.7,Automotive,2,9.69,Road,Xpressbees,2165.48,511.27,13.39,2025-05-19,2025-05-24,2025-05-26,Delayed,3.0,No,No,7,2,4.710637372199261,2676.75,0
ORD101046,CUST11946,2025-01-23,Hyderabad,Hyderabad,Coimbatore,863.6,Home & Kitchen,4,10.28,Express,Delhivery,6302.47,879.33,4.76,2025-01-25,2025-01-30,2025-02-03,Delayed,3.0,No,No,9,4,7.297904122278833,7181.8,0
ORD103582,CUST10842,2025-10-10,Chennai,Chennai,Bengaluru,210.8,Sports,6,7.86,Road,Xpressbees,1182.18,194.92,10.52,2025-10-12,2025-10-17,2025-10-17,Delivered,5.0,No,Yes,5,0,5.608064516129033,1377.1000000000001,1
ORD100337,CUST11622,2025-11-21,Hyderabad,Hyderabad,Kochi,482.1,Sports,1,4.03,Air,Dtdc,4453.64,525.81,6.28,2025-11-24,2025-11-28,2025-11-28,Delivered,4.0,No,No,4,0,9.23800041485169,4979.450000000001,1
ORD101709,CUST12177,2025-03-24,Delhi,Delhi,Chennai,1005.6,Automotive,2,10.16,Rail,Ecom Express,3404.75,985.88,13.06,2025-03-26,2025-04-03,2025-04-08,Delayed,3.0,No,No,13,5,3.385789578361177,4390.63,0
ORD104902,CUST10050,2025-01-04,Hyderabad,Hyderabad,Nagpur,340.2,Electronics,7,13.57,Road,Shadowfax,1803.88,399.3,6.03,2025-01-05,2025-01-10,2025-01-10,Delivered,4.0,No,No,5,0,5.302410346854792,2203.1800000000003,1
ORD101735,CUST12587,2025-06-06,Mumbai,Mumbai,Bengaluru,230.1,Electronics,1,6.39,Air,Blue Dart,2312.1,152.35,8.84,2025-06-09,2025-06-13,2025-06-13,Delivered,5.0,No,No,4,0,10.048239895697522,2464.45,1
ORD100127,CUST12317,2025-07-28,Mumbai,Mumbai,Kochi,584.3,Home & Kitchen,1,0.64,Express,Dtdc,4149.58,598.18,11.96,2025-07-30,2025-08-05,2025-08-05,Delivered,4.0,No,No,6,0,7.1017970220777,4747.76,1
ORD102104,CUST11038,2025-04-27,Chennai,Chennai,Indore,934.4,Automotive,3,9.37,Rail,Blue Dart,3203.58,807.32,8.13,2025-04-29,2025-05-06,2025-05-06,Delivered,4.0,No,No,7,0,3.428488869863014,4010.9,1
ORD104011,CUST11185,2025-05-13,Bengaluru,Bengaluru,Bhopal,373.7,Automotive,3,7.93,Air,Dtdc,3629.1,368.88,9.83,2025-05-15,2025-05-17,2025-05-17,Delivered,5.0,No,No,2,0,9.711265721166711,3997.98,1
ORD101124,CUST11342,2025-09-23,Pune,Pune,Bhopal,318.0,Clothing,6,8.36,Road,Ecom Express,1603.44,0.0,7.59,2025-09-25,2025-09-30,2025-09-30,Delivered,5.0,No,No,5,0,5.042264150943397,1603.44,1
ORD100205,CUST12712,2025-07-08,Mumbai,Mumbai,Hyderabad,210.1,Beauty,2,13.63,Road,Ecom Express,974.25,101.62,7.84,2025-07-10,2025-07-16,2025-07-16,Delivered,4.0,No,No,6,0,4.63707758210376,1075.87,1
ORD101146,CUST10556,2025-05-26,Bengaluru,Bengaluru,Visakhapatnam,50.6,Books,5,2.5,Road,Dtdc,371.7,129.34,5.43,2025-05-28,2025-06-01,2025-06-06,Delayed,5.0,No,No,9,5,7.345849802371541,501.03999999999996,0
ORD104870,CUST10434,2025-12-11,Bengaluru,Bengaluru,Pune,491.6,Grocery,6,9.01,Road,Xpressbees,2245.92,490.91,7.25,2025-12-13,2025-12-19,2025-12-22,Delayed,3.0,No,No,9,3,4.568592351505289,2736.83,0
ORD103661,CUST10828,2025-12-25,Mumbai,Mumbai,Indore,178.3,Beauty,7,2.6,Express,Blue Dart,1443.26,210.98,8.59,2025-12-27,2026-01-01,2026-01-04,Delayed,3.0,No,No,8,3,8.0945597307908,1654.24,0
ORD102589,CUST12613,2025-12-09,Bengaluru,Bengaluru,Kochi,94.7,Clothing,2,3.91,Express,Dtdc,660.89,65.87,7.64,2025-12-11,2025-12-13,2025-12-13,Delivered,5.0,No,No,2,0,6.978775079197465,726.76,1
ORD103874,CUST11260,2025-09-07,Hyderabad,Hyderabad,Lucknow,280.7,Home & Kitchen,2,9.45,Express,Delhivery,2107.76,298.81,7.79,2025-09-09,2025-09-13,2025-09-13,Delivered,5.0,No,No,4,0,7.508941930887069,2406.57,1
ORD103632,CUST10282,2025-12-04,Mumbai,Mumbai,Delhi,488.3,Automotive,4,11.68,Road,Xpressbees,2297.4,439.89,9.14,2025-12-07,2025-12-11,2025-12-11,Delivered,4.0,No,No,4,0,4.70489453204997,2737.29,1
ORD100992,CUST10783,2025-01-29,Bengaluru,Bengaluru,Jaipur,885.2,Electronics,4,5.16,Rail,Xpressbees,2835.35,744.75,2.0,2025-01-31,2025-02-08,2025-02-08,Delivered,5.0,No,No,8,0,3.203061455038409,3580.1,1
ORD101598,CUST12107,2025-04-27,Mumbai,Mumbai,Delhi,184.8,Sports,7,3.52,Road,Xpressbees,934.74,157.88,13.43,2025-04-29,2025-05-03,2025-05-04,Delayed,4.0,No,No,5,1,5.058116883116883,1092.62,0
ORD103218,CUST11461,2025-05-26,Hyderabad,Hyderabad,Kochi,251.3,Electronics,1,5.3,Road,Shadowfax,1129.65,217.58,3.94,2025-05-28,2025-06-03,2025-06-10,Delayed,2.0,No,Yes,13,7,4.495224830879427,1347.23,0
ORD104856,CUST12560,2025-03-09,Delhi,Delhi,Bengaluru,367.9,Automotive,6,9.77,Air,Delhivery,3501.28,236.07,7.62,2025-03-11,2025-03-13,2025-03-13,Delivered,5.0,No,No,2,0,9.516933949442784,3737.3500000000004,1
ORD103049,CUST10479,2025-08-14,Mumbai,Mumbai,Pune,419.1,Home & Kitchen,6,3.42,Road,Delhivery,1829.25,0.0,8.51,2025-08-16,2025-08-20,2025-08-20,Delivered,4.0,No,No,4,0,4.36471009305655,1829.25,1
ORD104515,CUST11391,2025-08-17,Bengaluru,Bengaluru,Chennai,477.3,Beauty,2,4.66,Road,Delhivery,2059.06,378.07,8.17,2025-08-20,2025-08-25,2025-08-25,Delivered,4.0,No,No,5,0,4.313974439555834,2437.13,1
ORD103583,CUST12798,2025-01-03,Delhi,Delhi,Jaipur,517.0,Automotive,7,2.34,Road,Blue Dart,2363.41,382.28,4.49,2025-01-05,2025-01-10,2025-01-10,Delivered,4.0,No,No,5,0,4.571392649903288,2745.6899999999996,1
ORD102566,CUST11842,2025-05-07,Mumbai,Mumbai,Kolkata,606.4,Beauty,4,3.49,Rail,Delhivery,2213.65,538.36,9.4,2025-05-10,2025-05-17,2025-05-17,Delivered,4.0,No,No,7,0,3.650478232189974,2752.01,1
ORD100256,CUST11862,2025-06-19,Hyderabad,Hyderabad,Chennai,136.0,Grocery,1,7.57,Road,Shadowfax,702.07,87.82,7.12,2025-06-22,2025-06-27,2025-06-27,Delivered,4.0,No,No,5,0,5.162279411764707,789.8900000000001,1
ORD103999,CUST12234,2025-10-07,Hyderabad,Hyderabad,Mumbai,234.8,Home & Kitchen,6,2.2,Road,Shadowfax,1227.68,176.78,6.54,2025-10-09,2025-10-13,2025-10-13,Delivered,4.0,No,No,4,0,5.22862010221465,1404.46,1
ORD100605,CUST10089,2025-01-24,Mumbai,Mumbai,Coimbatore,287.6,Electronics,2,7.77,Road,Shadowfax,1287.9,209.02,8.61,2025-01-26,2025-02-01,2025-02-01,Delivered,4.0,No,No,6,0,4.478094575799722,1496.92,1
ORD102503,CUST10121,2025-01-15,Pune,Pune,Lucknow,422.6,Home & Kitchen,1,4.94,Road,Dtdc,1877.57,290.41,7.25,2025-01-18,2025-01-24,2025-01-30,Delayed,3.0,No,No,12,6,4.442901088499763,2167.98,0
ORD103496,CUST12480,2025-02-01,Hyderabad,Hyderabad,Kolkata,59.8,Home & Kitchen,4,3.88,Road,Xpressbees,376.01,20.51,9.15,2025-02-03,2025-02-07,2025-02-07,Delivered,4.0,No,No,4,0,6.287792642140468,396.52,1
ORD103858,CUST11203,2025-11-19,Chennai,Chennai,Lucknow,610.5,Sports,7,10.05,Road,Blue Dart,2844.45,577.63,0.0,2025-11-21,2025-11-26,2025-11-26,Delivered,4.0,No,No,5,0,4.659213759213759,3422.08,1
ORD100536,CUST12490,2025-01-29,Pune,Pune,Mumbai,801.6,Electronics,2,6.18,Road,Dtdc,3519.46,834.39,7.15,2025-02-01,2025-02-08,2025-02-08,Delivered,4.0,No,No,7,0,4.390543912175649,4353.85,1
ORD100780,CUST12336,2025-10-20,Hyderabad,Hyderabad,Nagpur,323.9,Electronics,6,4.18,Rail,Ecom Express,1131.0,335.46,5.6,2025-10-22,2025-10-30,2025-10-30,Delivered,5.0,No,No,8,0,3.4918184624884225,1466.46,1
ORD100373,CUST12571,2025-07-23,Hyderabad,Hyderabad,Pune,81.7,Beauty,6,5.88,Road,Shadowfax,487.89,59.88,4.92,2025-07-25,2025-07-29,2025-08-01,Delayed,3.0,No,No,7,3,5.97172582619339,547.77,0
ORD101635,CUST12755,2025-03-21,Delhi,Delhi,Lucknow,329.2,Books,1,2.81,Express,Blue Dart,2189.85,234.43,7.7,2025-03-24,2025-03-28,2025-03-28,Delivered,4.0,No,No,4,0,6.652035236938032,2424.2799999999997,1
ORD101596,CUST10897,2025-03-05,Delhi,Delhi,Mumbai,820.4,Electronics,7,1.18,Road,Blue Dart,3612.93,562.9,9.89,2025-03-08,2025-03-14,2025-03-16,Delayed,3.0,No,No,8,2,4.40386396879571,4175.83,0
ORD103698,CUST11677,2025-07-25,Chennai,Chennai,Vijayawada,534.6,Grocery,2,2.86,Air,Xpressbees,5053.22,463.55,5.02,2025-07-27,2025-07-31,2025-07-31,Delivered,5.0,No,No,4,0,9.452338196782641,5516.77,1
ORD100848,CUST10316,2025-01-04,Hyderabad,Hyderabad,Indore,628.4,Electronics,6,8.94,Express,Dtdc,4717.83,496.97,4.32,2025-01-05,2025-01-11,2025-01-11,Delivered,4.0,No,No,6,0,7.507686187141948,5214.8,1
ORD103242,CUST10372,2025-01-25,Bengaluru,Bengaluru,Bhopal,537.8,Automotive,4,10.77,Road,Delhivery,2387.61,591.49,7.83,2025-01-27,2025-02-03,2025-02-03,Delivered,4.0,No,No,7,0,4.439587207140201,2979.1000000000004,1
ORD102390,CUST10356,2025-08-04,Hyderabad,Hyderabad,Mumbai,343.2,Beauty,3,2.39,Road,Dtdc,1457.72,391.42,5.83,2025-08-05,2025-08-10,2025-08-17,Delayed,3.0,No,No,12,7,4.2474358974358974,1849.14,0
ORD101003,CUST12699,2025-01-22,Bengaluru,Bengaluru,Bhopal,533.3,Beauty,4,0.82,Rail,Xpressbees,1725.66,417.56,6.06,2025-01-23,2025-01-29,2025-02-01,Delayed,3.0,No,No,9,3,3.2358147384211517,2143.2200000000003,0
ORD103778,CUST12740,2025-03-29,Bengaluru,Bengaluru,Pune,1111.6,Grocery,6,2.25,Road,Dtdc,4744.23,1065.26,8.17,2025-03-31,2025-04-07,2025-04-07,Delivered,5.0,No,No,7,0,4.2679291111910755,5809.49,1
ORD102944,CUST11624,2025-01-14,Delhi,Delhi,Kochi,248.5,Clothing,1,11.36,Road,Dtdc,1150.85,179.12,11.16,2025-01-17,2025-01-21,2025-01-21,Delivered,4.0,No,No,4,0,4.631187122736418,1329.9699999999998,1
ORD101187,CUST12300,2025-09-23,Pune,Pune,Kochi,455.7,Books,3,15.54,Rail,Xpressbees,1705.24,483.91,6.37,2025-09-25,2025-10-02,2025-10-02,Delivered,3.0,No,No,7,0,3.74202326091727,2189.15,1
ORD100612,CUST11944,2025-11-25,Bengaluru,Bengaluru,Indore,349.3,Books,6,0.63,Road,Delhivery,1526.02,353.0,2.82,2025-11-26,2025-12-02,2025-12-02,Delivered,4.0,No,No,6,0,4.368794732321787,1879.02,1
ORD103590,CUST10247,2025-07-16,Pune,Pune,Indore,465.3,Beauty,2,15.38,Road,Ecom Express,2185.21,510.82,10.34,2025-07-19,2025-07-25,2025-07-25,Delivered,4.0,No,No,6,0,4.696346443154954,2696.03,1
ORD103984,CUST11114,2025-01-23,Bengaluru,Bengaluru,Indore,503.6,Home & Kitchen,5,10.73,Rail,Dtdc,1774.28,376.78,6.44,2025-01-24,2025-01-30,2025-02-01,Delayed,3.0,No,No,8,2,3.523193010325655,2151.06,0
ORD103158,CUST10848,2025-05-04,Chennai,Chennai,Hyderabad,309.7,Electronics,2,9.48,Rail,Blue Dart,1039.82,223.02,8.27,2025-05-06,2025-05-13,2025-05-13,Delivered,4.0,No,No,7,0,3.3575072650952533,1262.84,1
ORD104073,CUST11706,2025-07-16,Pune,Pune,Coimbatore,179.1,Grocery,1,4.53,Rail,Delhivery,648.88,172.33,8.16,2025-07-18,2025-07-24,2025-07-24,Delivered,3.0,No,No,6,0,3.6230039084310444,821.21,1
ORD101839,CUST11411,2025-03-24,Bengaluru,Bengaluru,Bhopal,683.1,Home & Kitchen,3,2.33,Air,Delhivery,6218.53,737.01,9.45,2025-03-26,2025-03-30,2025-03-30,Delivered,4.0,No,No,4,0,9.103396281657151,6955.54,1
ORD104951,CUST10863,2025-08-16,Bengaluru,Bengaluru,Vijayawada,159.4,Automotive,5,2.82,Rail,Blue Dart,550.57,70.17,2.0,2025-08-17,2025-08-23,2025-08-25,Delayed,3.0,No,No,8,2,3.454015056461732,620.74,0
ORD102816,CUST12595,2025-01-21,Pune,Pune,Coimbatore,333.7,Automotive,7,3.69,Road,Ecom Express,1606.74,263.21,5.98,2025-01-23,2025-01-28,2025-01-28,Delivered,5.0,No,No,5,0,4.814923584057537,1869.95,1
ORD101967,CUST10189,2025-02-20,Bengaluru,Bengaluru,Delhi,373.5,Home & Kitchen,6,2.3,Road,Dtdc,1680.17,241.33,6.74,2025-02-22,2025-02-28,2025-02-28,Delivered,4.0,No,No,6,0,4.498447121820616,1921.5,1
ORD104835,CUST10375,2025-04-04,Pune,Pune,Lucknow,405.1,Beauty,4,4.98,Road,Ecom Express,1742.62,486.96,7.13,2025-04-06,2025-04-11,2025-04-11,Delivered,3.0,No,No,5,0,4.301703283139965,2229.58,1
ORD100513,CUST10793,2025-01-25,Delhi,Delhi,Bengaluru,624.0,Clothing,2,5.98,Rail,Ecom Express,2162.57,467.38,10.61,2025-01-28,2025-02-04,2025-02-04,Delivered,4.0,No,No,7,0,3.4656570512820517,2629.9500000000003,1
ORD100196,CUST12685,2025-12-23,Chennai,Chennai,Kochi,317.1,Automotive,6,1.39,Road,Ecom Express,1450.43,254.63,10.46,2025-12-26,2025-12-31,2025-12-31,Delivered,4.0,No,No,5,0,4.5740460422579625,1705.06,1
ORD102582,CUST10369,2025-07-03,Hyderabad,Hyderabad,Chennai,618.4,Automotive,3,9.21,Air,Xpressbees,5747.74,472.91,6.88,2025-07-05,2025-07-09,2025-07-13,Delayed,3.0,No,No,8,4,9.29453428201811,6220.65,0
ORD103613,CUST12316,2025-03-25,Chennai,Chennai,Visakhapatnam,557.0,Home & Kitchen,1,13.57,Rail,Blue Dart,1971.6,639.14,8.55,2025-03-27,2025-04-02,2025-04-02,Delivered,3.0,No,No,6,0,3.5396768402154395,2610.74,1
ORD102826,CUST12584,2025-05-12,Hyderabad,Hyderabad,Indore,379.0,Home & Kitchen,1,8.66,Road,Delhivery,1661.78,241.08,6.85,2025-05-14,2025-05-20,2025-05-20,Delivered,4.0,No,No,6,0,4.384643799472295,1902.86,1
ORD103446,CUST12182,2025-02-23,Pune,Pune,Bhopal,269.5,Clothing,5,5.71,Road,Dtdc,1246.14,252.12,7.95,2025-02-24,2025-03-02,2025-03-02,Delivered,4.0,No,No,6,0,4.623896103896104,1498.2600000000002,1
ORD100954,CUST11546,2025-03-12,Bengaluru,Bengaluru,Pune,803.1,Clothing,4,2.49,Road,Blue Dart,3440.9,862.94,7.38,2025-03-15,2025-03-20,2025-03-20,Delivered,4.0,No,Yes,5,0,4.284522475407795,4303.84,1
ORD103882,CUST12202,2025-08-14,Bengaluru,Bengaluru,Coimbatore,269.9,Books,2,4.72,Road,Dtdc,1243.36,174.28,7.78,2025-08-16,2025-08-21,2025-08-23,Delayed,3.0,No,No,7,2,4.606743238236384,1417.6399999999999,0
ORD102195,CUST10906,2025-03-23,Mumbai,Mumbai,Bhopal,290.9,Grocery,7,8.11,Road,Xpressbees,1453.53,349.84,12.93,2025-03-26,2025-03-30,2025-03-30,Delivered,4.0,No,No,4,0,4.996665520797525,1803.37,1
ORD102969,CUST11692,2025-01-03,Pune,Pune,Delhi,321.0,Home & Kitchen,5,2.07,Express,Delhivery,2386.03,190.63,11.28,2025-01-05,2025-01-08,2025-01-08,Delivered,5.0,No,No,3,0,7.433115264797508,2576.6600000000003,1
ORD103899,CUST12686,2025-12-30,Chennai,Chennai,Jaipur,750.4,Sports,6,7.01,Air,Xpressbees,7014.79,639.46,6.0,2026-01-01,2026-01-05,2026-01-05,Delivered,5.0,No,Yes,4,0,9.348067697228146,7654.25,1
ORD103459,CUST11656,2025-10-28,Mumbai,Mumbai,Bengaluru,257.6,Sports,2,8.57,Road,Dtdc,1207.9,236.29,8.65,2025-10-30,2025-11-04,2025-11-05,Delayed,4.0,Yes,No,6,1,4.689052795031055,1444.19,0
ORD102314,CUST11193,2025-11-24,Hyderabad,Hyderabad,Jaipur,249.5,Automotive,4,7.98,Road,Ecom Express,1348.25,200.6,5.69,2025-11-26,2025-11-30,2025-11-30,Delivered,4.0,No,No,4,0,5.403807615230461,1548.85,1
ORD101656,CUST12542,2025-01-17,Hyderabad,Hyderabad,Bengaluru,675.7,Clothing,2,11.63,Rail,Dtdc,2415.3,536.11,9.08,2025-01-19,2025-01-27,2025-01-27,Delivered,4.0,No,No,8,0,3.5745153174485718,2951.4100000000003,1
ORD100340,CUST12257,2025-08-01,Mumbai,Mumbai,Surat,987.4,Home & Kitchen,6,12.58,Road,Dtdc,4508.05,836.39,7.72,2025-08-03,2025-08-10,2025-08-10,Delivered,4.0,No,No,7,0,4.565576260887179,5344.4400000000005,1
ORD100450,CUST12649,2025-02-04,Hyderabad,Hyderabad,Surat,150.5,Clothing,5,3.49,Road,Shadowfax,641.45,182.33,2.0,2025-02-06,2025-02-12,2025-02-12,Delivered,4.0,No,No,6,0,4.262126245847177,823.7800000000001,1
ORD100445,CUST10359,2025-03-19,Delhi,Delhi,Indore,324.7,Grocery,4,0.42,Air,Ecom Express,3000.82,332.55,7.7,2025-03-22,2025-03-26,2025-03-30,Delayed,4.0,No,No,8,4,9.241823221435173,3333.3700000000003,0
ORD100146,CUST11363,2025-12-29,Hyderabad,Hyderabad,Bengaluru,564.3,Home & Kitchen,3,6.07,Road,Dtdc,2491.37,568.96,7.43,2025-12-31,2026-01-06,2026-01-06,Delivered,5.0,No,No,6,0,4.4149743044479886,3060.33,1
ORD100172,CUST10227,2025-11-17,Chennai,Chennai,Indore,672.5,Home & Kitchen,2,4.78,Road,Delhivery,3022.06,607.48,4.54,2025-11-19,2025-11-25,2025-11-30,Delayed,3.0,No,No,11,5,4.493769516728625,3629.54,0
ORD100473,CUST11416,2025-07-31,Bengaluru,Bengaluru,Mumbai,402.4,Grocery,3,4.35,Air,Dtdc,3821.79,373.0,5.44,2025-08-02,2025-08-05,2025-08-06,Delayed,3.0,No,No,4,1,9.497490059642148,4194.79,0
ORD104392,CUST12124,2025-06-21,Hyderabad,Hyderabad,Lucknow,385.9,Home & Kitchen,1,3.66,Road,Blue Dart,1545.98,461.85,8.15,2025-06-24,2025-06-30,2025-06-30,Delivered,3.0,No,No,6,0,4.006167400881058,2007.83,1
ORD102463,CUST10017,2025-12-01,Hyderabad,Hyderabad,Ahmedabad,355.0,Clothing,1,0.96,Road,Xpressbees,1495.01,285.23,6.21,2025-12-03,2025-12-08,2025-12-08,Delivered,4.0,No,No,5,0,4.211295774647887,1780.24,1
ORD100017,CUST10234,2025-07-27,Delhi,Delhi,Kolkata,221.6,Home & Kitchen,4,2.14,Road,Ecom Express,891.85,254.56,9.51,2025-07-28,2025-08-02,2025-08-03,Delayed,4.0,No,No,6,1,4.024593862815885,1146.41,0
ORD101454,CUST11674,2025-03-21,Hyderabad,Hyderabad,Vijayawada,442.8,Books,3,4.02,Road,Blue Dart,1943.27,428.11,8.03,2025-03-24,2025-03-30,2025-03-30,Delivered,4.0,No,No,6,0,4.388595302619692,2371.38,1
ORD102733,CUST12704,2025-01-31,Mumbai,Mumbai,Bhopal,361.0,Automotive,6,5.26,Rail,Dtdc,1358.52,421.46,10.83,2025-02-03,2025-02-10,2025-02-10,Delivered,4.0,No,No,7,0,3.763213296398892,1779.98,1
ORD102813,CUST12367,2025-05-17,Pune,Pune,Vijayawada,459.6,Grocery,5,6.47,Road,Xpressbees,0.0,416.06,8.41,2025-05-20,2025-05-26,2025-05-26,Delivered,5.0,No,No,6,0,0.0,416.06,1
ORD103266,CUST12180,2025-12-20,Chennai,Chennai,Nagpur,180.0,Grocery,2,6.05,Road,Xpressbees,1057.77,140.61,11.95,2025-12-23,2025-12-28,2025-12-28,Delivered,4.0,No,No,5,0,5.8765,1198.38,1
ORD104545,CUST10545,2025-02-04,Hyderabad,Hyderabad,Coimbatore,411.1,Books,4,12.37,Road,Dtdc,1989.6,346.83,7.88,2025-02-06,2025-02-12,2025-02-16,Delayed,3.0,No,No,10,4,4.8396983702262215,2336.43,0
ORD101597,CUST10724,2025-05-21,Hyderabad,Hyderabad,Bhopal,174.2,Grocery,2,3.87,Air,Ecom Express,1626.26,237.66,6.86,2025-05-23,2025-05-25,2025-05-25,Delivered,4.0,No,No,2,0,9.335591274397245,1863.92,1
ORD100724,CUST10508,2025-08-17,Chennai,Chennai,Mumbai,386.3,Electronics,1,1.69,Road,Shadowfax,1597.37,377.56,7.75,2025-08-18,2025-08-24,2025-08-24,Delivered,5.0,No,No,6,0,4.135050478902407,1974.9299999999998,1
ORD104599,CUST10554,2025-04-23,Bengaluru,Bengaluru,Surat,520.9,Books,4,2.58,Road,Delhivery,2422.41,435.98,10.16,2025-04-26,2025-05-01,2025-05-01,Delivered,4.0,No,No,5,0,4.650431944711077,2858.39,1
ORD103470,CUST10543,2025-06-24,Mumbai,Mumbai,Lucknow,470.8,Sports,7,5.36,Rail,Xpressbees,1836.65,351.66,9.42,2025-06-25,2025-06-30,2025-07-06,Delayed,4.0,No,No,11,6,3.901125743415463,2188.31,0
ORD101875,CUST10846,2025-11-05,Pune,Pune,Vijayawada,396.1,Grocery,1,3.82,Rail,Xpressbees,1401.64,398.52,9.29,2025-11-08,2025-11-14,2025-11-15,Delayed,4.0,No,No,7,1,3.538601363292098,1800.16,0
ORD104398,CUST10254,2025-09-04,Hyderabad,Hyderabad,Coimbatore,79.4,Grocery,5,5.09,Rail,Shadowfax,316.13,96.92,8.75,2025-09-06,2025-09-13,2025-09-13,Delivered,4.0,No,No,7,0,3.9814861460957176,413.05,1
ORD100259,CUST11150,2025-05-19,Pune,Pune,Kolkata,80.5,Electronics,4,4.14,Road,Xpressbees,539.91,67.14,8.24,2025-05-21,2025-05-25,2025-05-25,Delivered,5.0,No,No,4,0,6.70695652173913,607.05,1
ORD102950,CUST10518,2025-01-19,Pune,Pune,Jaipur,116.2,Clothing,1,2.21,Express,Blue Dart,834.67,102.62,7.7,2025-01-22,2025-01-25,2025-01-25,Delivered,5.0,No,No,3,0,7.183046471600688,937.29,1
ORD104650,CUST10607,2025-06-25,Mumbai,Mumbai,Kolkata,289.9,Home & Kitchen,3,8.85,Air,Blue Dart,2935.31,266.0,11.08,2025-06-27,2025-06-29,2025-07-06,Delayed,3.0,No,No,9,7,10.125250086236633,3201.31,0
ORD101469,CUST12665,2025-09-28,Chennai,Chennai,Visakhapatnam,85.1,Sports,5,7.67,Road,Shadowfax,490.61,115.39,2.43,2025-09-29,2025-10-04,2025-10-04,Delivered,5.0,No,No,5,0,5.765099882491187,606.0,1
ORD104423,CUST10027,2025-01-03,Pune,Pune,Kochi,1196.0,Books,5,7.22,Road,Xpressbees,5314.5,1041.32,9.36,2025-01-05,2025-01-14,2025-01-14,Delivered,4.0,No,No,9,0,4.443561872909699,6355.82,1
ORD100931,CUST10321,2025-05-23,Pune,Pune,Bengaluru,319.4,Sports,5,8.7,Road,Blue Dart,1477.29,336.0,10.71,2025-05-25,2025-05-31,2025-05-31,Delivered,5.0,No,No,6,0,4.625203506574828,1813.29,1
ORD103326,CUST10016,2025-04-23,Pune,Pune,Hyderabad,494.5,Electronics,6,11.8,Road,Ecom Express,2404.11,334.5,8.9,2025-04-26,2025-05-01,2025-05-01,Delivered,5.0,No,No,5,0,4.861698685540951,2738.61,1
ORD102297,CUST12074,2025-08-24,Mumbai,Mumbai,Indore,189.0,Automotive,1,20.38,Road,Dtdc,1216.65,165.81,6.61,2025-08-27,2025-09-01,2025-09-01,Delivered,5.0,No,No,5,0,6.4373015873015875,1382.46,1
ORD103717,CUST10351,2025-02-09,Delhi,Delhi,Surat,541.6,Clothing,6,5.43,Road,Xpressbees,2517.24,625.9,14.8,2025-02-13,2025-02-19,2025-02-21,Delayed,3.0,No,No,8,2,4.64778434268833,3143.14,0
ORD104433,CUST11258,2025-03-19,Chennai,Chennai,Bengaluru,170.7,Clothing,2,1.76,Road,Blue Dart,870.53,204.44,6.11,2025-03-20,2025-03-25,2025-03-25,Delivered,5.0,No,No,5,0,5.099765670767429,1074.97,1
ORD103033,CUST10507,2025-11-09,Mumbai,Mumbai,Lucknow,237.6,Sports,1,1.41,Road,Xpressbees,1055.21,212.9,11.97,2025-11-12,2025-11-17,2025-11-17,Delivered,5.0,No,No,5,0,4.441119528619529,1268.1100000000001,1
ORD103473,CUST10333,2025-09-23,Bengaluru,Bengaluru,Jaipur,152.4,Automotive,3,2.64,Road,Delhivery,693.01,197.06,8.76,2025-09-25,2025-09-30,2025-09-30,Delivered,5.0,No,No,5,0,4.547309711286089,890.0699999999999,1
ORD103775,CUST11775,2025-10-16,Bengaluru,Bengaluru,Pune,337.4,Grocery,2,0.66,Road,Ecom Express,1522.16,338.04,7.79,2025-10-18,2025-10-22,2025-10-22,Delivered,5.0,No,Yes,4,0,4.511440426793125,1860.2,1
ORD100085,CUST12745,2025-08-28,Hyderabad,Hyderabad,Delhi,163.2,Electronics,6,8.23,Air,Shadowfax,1629.3,117.08,6.96,2025-08-30,2025-09-02,2025-09-02,Delivered,5.0,No,No,3,0,9.983455882352942,1746.3799999999999,1
ORD100344,CUST11385,2025-09-24,Mumbai,Mumbai,Surat,483.6,Home & Kitchen,4,14.22,Road,Blue Dart,2378.34,512.45,11.76,2025-09-26,2025-10-02,2025-10-02,Delivered,5.0,No,No,6,0,4.917990074441687,2890.79,1
ORD100618,CUST10278,2025-03-11,Hyderabad,Hyderabad,Nagpur,381.4,Home & Kitchen,6,11.05,Express,Dtdc,2992.93,208.73,5.69,2025-03-13,2025-03-17,2025-03-17,Delivered,4.0,No,No,4,0,7.84722076560042,3201.66,1
ORD103854,CUST11394,2025-09-15,Chennai,Chennai,Ahmedabad,407.3,Books,7,2.84,Air,Blue Dart,3749.25,198.41,10.88,2025-09-17,2025-09-19,2025-09-19,Delivered,4.0,No,No,2,0,9.205131352811195,3947.66,1
ORD103379,CUST10453,2025-06-12,Chennai,Chennai,Kochi,236.9,Sports,3,0.94,Road,Dtdc,1033.86,245.15,4.06,2025-06-14,2025-06-20,2025-06-20,Delivered,4.0,No,No,6,0,4.364119881806669,1279.01,1
ORD101384,CUST11141,2025-06-14,Chennai,Chennai,Bengaluru,434.9,Books,1,3.28,Rail,Delhivery,1443.32,423.8,8.82,2025-06-17,2025-06-25,2025-06-25,Delivered,4.0,No,No,8,0,3.3187399402161417,1867.12,1
ORD103571,CUST10824,2025-11-30,Hyderabad,Hyderabad,Jaipur,536.4,Grocery,1,2.63,Road,Dtdc,2237.58,577.84,6.92,2025-12-01,2025-12-07,2025-12-07,Delivered,3.0,No,No,6,0,4.171476510067114,2815.42,1
ORD102092,CUST11523,2025-08-01,Mumbai,Mumbai,Visakhapatnam,906.3,Clothing,4,9.53,Road,Ecom Express,4024.68,785.28,8.49,2025-08-03,2025-08-09,2025-08-11,Delayed,5.0,No,No,8,2,4.4407811982787155,4809.96,0
ORD104438,CUST12721,2025-09-27,Bengaluru,Bengaluru,Ahmedabad,457.5,Sports,6,4.67,Express,Ecom Express,3352.58,458.61,5.89,2025-09-29,2025-10-03,2025-10-03,Delivered,4.0,No,No,4,0,7.328043715846994,3811.19,1
ORD103888,CUST10456,2025-11-04,Delhi,Delhi,Bhopal,448.1,Electronics,3,1.83,Road,Delhivery,1814.15,468.63,10.49,2025-11-06,2025-11-12,2025-11-17,Delayed,4.0,No,No,11,5,4.048538272706985,2282.78,0
ORD100206,CUST11899,2025-10-16,Bengaluru,Bengaluru,Bhopal,255.2,Grocery,1,0.39,Air,Blue Dart,2381.65,203.4,6.4,2025-10-18,2025-10-21,2025-10-21,Delivered,4.0,No,No,3,0,9.33248432601881,2585.05,1
ORD103382,CUST11410,2025-04-03,Hyderabad,Hyderabad,Ahmedabad,320.0,Automotive,4,9.54,Road,Dtdc,1523.71,330.52,5.73,2025-04-05,2025-04-10,2025-04-11,Delayed,3.0,No,No,6,1,4.76159375,1854.23,0
ORD103296,CUST12761,2025-09-29,Chennai,Chennai,Bengaluru,380.6,Clothing,4,8.47,Rail,Xpressbees,1469.72,389.32,7.35,2025-10-01,2025-10-08,2025-10-09,Delayed,3.0,No,No,8,1,3.861586967945349,1859.04,0
ORD100225,CUST12466,2025-05-26,Chennai,Chennai,Nagpur,544.7,Sports,7,5.36,Rail,Shadowfax,1820.94,603.23,8.45,2025-05-28,2025-06-04,2025-06-05,Delayed,4.0,No,No,8,1,3.3430145033963647,2424.17,0
ORD101927,CUST10828,2025-05-13,Hyderabad,Hyderabad,Kolkata,506.1,Grocery,1,15.12,Road,Xpressbees,2353.99,499.35,2.58,2025-05-15,2025-05-20,2025-05-25,Delayed,3.0,No,No,10,5,4.651234933807547,2853.3399999999997,0
ORD103360,CUST11216,2025-05-01,Pune,Pune,Lucknow,301.9,Beauty,3,2.56,Rail,Dtdc,1014.19,181.63,9.88,2025-05-04,2025-05-10,2025-05-12,Delayed,3.0,No,No,8,2,3.359357403113614,1195.8200000000002,0
ORD103919,CUST11034,2025-10-29,Hyderabad,Hyderabad,Lucknow,149.9,Home & Kitchen,1,9.62,Express,Shadowfax,1279.28,103.1,6.91,2025-10-31,2025-11-04,2025-11-04,Delivered,4.0,No,No,4,0,8.53422281521014,1382.3799999999999,1
ORD102951,CUST10834,2025-12-21,Mumbai,Mumbai,Indore,221.1,Books,7,16.99,Road,Ecom Express,1387.21,187.34,9.26,2025-12-23,2025-12-28,2025-12-28,Delivered,5.0,No,No,5,0,6.274129353233831,1574.55,1
ORD102223,CUST10835,2025-05-14,Pune,Pune,Mumbai,86.6,Home & Kitchen,5,9.5,Air,Dtdc,1020.94,50.32,8.27,2025-05-16,2025-05-17,2025-05-17,Delivered,4.0,No,No,1,0,11.789145496535799,1071.26,1
ORD101558,CUST12450,2025-11-13,Hyderabad,Hyderabad,Chennai,276.2,Home & Kitchen,4,7.31,Road,Blue Dart,1285.61,272.88,7.07,2025-11-15,2025-11-21,2025-11-21,Delivered,4.0,No,No,6,0,4.65463432295438,1558.4899999999998,1
ORD102425,CUST10911,2025-04-23,Mumbai,Mumbai,Vijayawada,533.3,Books,5,2.26,Air,Ecom Express,4878.4,490.32,8.72,2025-04-26,2025-04-30,2025-04-30,Delivered,4.0,Yes,No,4,0,9.147571723232701,5368.719999999999,1
ORD100005,CUST12202,2025-11-15,Chennai,Chennai,Bhopal,1184.9,Clothing,4,8.66,Road,Shadowfax,5294.75,1308.59,10.25,2025-11-17,2025-11-24,2025-11-24,Delivered,4.0,No,No,7,0,4.468520550257406,6603.34,1
ORD102767,CUST12683,2025-11-03,Delhi,Delhi,Chennai,701.3,Grocery,5,3.2,Road,Xpressbees,3087.61,613.4,7.07,2025-11-05,2025-11-10,2025-11-10,Delivered,4.0,No,No,5,0,4.402694995009269,3701.01,1
ORD101191,CUST12488,2025-09-30,Chennai,Chennai,Ahmedabad,126.7,Automotive,7,9.82,Air,Ecom Express,1471.36,70.36,5.38,2025-10-02,2025-10-04,2025-10-05,Delayed,3.0,No,No,3,1,11.612943962115231,1541.7199999999998,0
ORD102753,CUST12364,2025-10-13,Hyderabad,Hyderabad,Delhi,555.9,Home & Kitchen,7,4.25,Rail,Ecom Express,1910.67,569.99,4.64,2025-10-15,2025-10-22,2025-10-22,Delivered,4.0,No,No,7,0,3.4370750134916355,2480.66,1
ORD101329,CUST10340,2025-03-25,Delhi,Delhi,Vijayawada,545.8,Automotive,6,5.09,Road,Xpressbees,2435.05,491.13,7.51,2025-03-28,2025-04-01,2025-04-05,Delayed,4.0,No,No,8,4,4.4614327592524745,2926.1800000000003,0
ORD104468,CUST10414,2025-05-25,Hyderabad,Hyderabad,Ahmedabad,650.9,Sports,1,7.79,Air,Shadowfax,5928.78,700.71,6.03,2025-05-27,2025-05-30,2025-05-30,Delivered,5.0,No,No,3,0,9.10858810877247,6629.49,1
ORD104630,CUST10601,2025-08-23,Pune,Pune,Lucknow,468.4,Clothing,4,4.14,Rail,Dtdc,1612.96,499.1,8.36,2025-08-25,2025-08-29,2025-08-29,Delivered,4.0,No,No,4,0,3.443552519214347,2112.06,1
ORD102751,CUST11051,2025-03-31,Bengaluru,Bengaluru,Coimbatore,403.4,Automotive,4,1.59,Rail,Delhivery,1406.22,350.42,9.15,2025-04-02,2025-04-08,2025-04-08,Delivered,4.0,No,No,6,0,3.4859196826970753,1756.64,1
ORD103353,CUST10074,2025-08-26,Pune,Pune,Kochi,450.6,Automotive,5,3.29,Rail,Delhivery,1516.5,347.56,11.86,2025-08-29,2025-09-04,2025-09-11,Delayed,4.0,Yes,No,13,7,3.3655126498002663,1864.06,0
ORD104401,CUST12281,2025-12-06,Pune,Pune,Hyderabad,273.2,Automotive,6,4.09,Road,Delhivery,1405.41,250.66,10.75,2025-12-09,2025-12-13,2025-12-15,Delayed,2.0,No,Yes,6,2,5.144253294289898,1656.0700000000002,0
ORD104643,CUST11227,2025-06-07,Hyderabad,Hyderabad,Visakhapatnam,241.9,Electronics,1,4.64,Rail,Blue Dart,937.64,258.15,6.93,2025-06-09,2025-06-15,2025-06-15,Delivered,5.0,No,No,6,0,3.8761471682513435,1195.79,1
ORD101814,CUST12795,2025-04-14,Chennai,Chennai,Pune,269.8,Automotive,5,5.07,Road,Dtdc,1193.65,306.19,3.37,2025-04-16,2025-04-21,2025-04-21,Delivered,4.0,No,No,5,0,4.424203113417346,1499.8400000000001,1
ORD101911,CUST11486,2025-09-23,Hyderabad,Hyderabad,Bhopal,183.0,Clothing,7,5.17,Air,Dtdc,1765.22,163.18,8.48,2025-09-25,2025-09-26,2025-09-26,Delivered,4.0,No,No,1,0,9.646010928961749,1928.4,1
ORD104155,CUST11776,2025-06-04,Mumbai,Mumbai,Chennai,197.8,Books,1,4.2,Road,Ecom Express,1027.93,167.87,13.06,2025-06-06,2025-06-11,2025-06-11,Delivered,4.0,No,No,5,0,5.196814964610718,1195.8000000000002,1
ORD104220,CUST11068,2025-05-18,Hyderabad,Hyderabad,Mumbai,169.2,Beauty,2,3.8,Express,Blue Dart,1298.64,64.17,3.01,2025-05-20,2025-05-24,2025-05-24,Delivered,3.0,No,No,4,0,7.67517730496454,1362.8100000000002,1
ORD104645,CUST11146,2025-03-03,Pune,Pune,Kolkata,194.9,Automotive,3,5.25,Road,Dtdc,1026.19,177.85,8.59,2025-03-05,2025-03-09,2025-03-09,Delivered,3.0,No,No,4,0,5.265212929707542,1204.04,1
ORD104065,CUST12057,2025-03-12,Hyderabad,Hyderabad,Pune,443.1,Clothing,5,9.06,Road,Xpressbees,2092.95,337.89,7.81,2025-03-15,2025-03-22,2025-03-22,Delivered,4.0,No,No,7,0,4.723425863236289,2430.8399999999997,1
ORD104904,CUST12340,2025-08-16,Delhi,Delhi,Vijayawada,236.7,Clothing,3,4.59,Express,Ecom Express,1770.4,198.48,7.55,2025-08-18,2025-08-21,2025-08-21,Delivered,5.0,No,No,3,0,7.47950992817913,1968.88,1
ORD103495,CUST12205,2025-08-06,Bengaluru,Bengaluru,Coimbatore,169.7,Grocery,2,3.07,Air,Blue Dart,1594.53,55.95,3.99,2025-08-07,2025-08-09,2025-08-09,Delivered,4.0,No,No,2,0,9.396169711255157,1650.48,1
ORD100857,CUST11715,2025-05-21,Bengaluru,Bengaluru,Lucknow,389.9,Home & Kitchen,1,2.12,Road,Xpressbees,1551.03,355.83,7.02,2025-05-24,2025-05-30,2025-05-30,Delivered,4.0,No,No,6,0,3.9780200051295207,1906.86,1
ORD102928,CUST12430,2025-01-31,Delhi,Delhi,Indore,318.1,Home & Kitchen,7,3.06,Road,Shadowfax,1511.51,393.69,7.31,2025-02-02,2025-02-06,2025-02-08,Delayed,4.0,No,No,6,2,4.751681861049984,1905.2,0
ORD102542,CUST11596,2025-09-05,Pune,Pune,Bhopal,998.1,Electronics,1,12.48,Rail,Xpressbees,3450.47,977.73,13.02,2025-09-08,2025-09-16,2025-09-16,Delivered,5.0,No,No,8,0,3.457038372908526,4428.2,1
ORD100313,CUST10186,2025-02-16,Bengaluru,Bengaluru,Kolkata,68.8,Electronics,6,4.95,Road,Blue Dart,465.05,109.26,7.79,2025-02-18,2025-02-23,2025-02-23,Delivered,4.0,No,No,5,0,6.759447674418605,574.3100000000001,1
ORD101754,CUST10548,2025-04-08,Hyderabad,Hyderabad,Pune,616.9,Grocery,2,4.42,Road,Ecom Express,2611.09,499.37,8.82,2025-04-10,2025-04-15,2025-04-15,Delivered,4.0,No,No,5,0,4.232598476252229,3110.46,1
ORD101586,CUST12086,2025-04-20,Delhi,Delhi,Kochi,1022.2,Sports,3,5.69,Express,Delhivery,7314.78,737.98,8.4,2025-04-23,2025-04-29,2025-04-29,Delivered,4.0,No,Yes,6,0,7.155918606926237,8052.76,1
ORD104136,CUST10268,2025-08-22,Bengaluru,Bengaluru,Mumbai,494.2,Sports,7,3.45,Rail,Shadowfax,1628.5,0.0,4.86,2025-08-24,2025-08-31,2025-09-02,Delayed,3.0,No,No,9,2,3.2952246054229057,1628.5,0
ORD102070,CUST10194,2025-03-12,Pune,Pune,Visakhapatnam,336.1,Electronics,1,5.45,Air,Delhivery,3127.41,285.71,10.49,2025-03-15,2025-03-18,2025-03-18,Delivered,3.0,No,No,3,0,9.304998512347515,3413.12,1
ORD100747,CUST12685,2025-02-08,Chennai,Chennai,Nagpur,363.0,Beauty,5,7.32,Air,Blue Dart,3509.7,410.51,0.0,2025-02-09,2025-02-12,2025-02-15,Delayed,3.0,No,No,6,3,9.668595041322314,3920.21,0
ORD103598,CUST12226,2025-02-08,Hyderabad,Hyderabad,Surat,1099.0,Clothing,4,20.12,Express,Shadowfax,8047.41,953.08,8.27,2025-02-10,2025-02-15,2025-02-18,Delayed,4.0,No,No,8,3,7.3224840764331205,9000.49,0
ORD101096,CUST12154,2025-07-30,Chennai,Chennai,Bhopal,430.5,Grocery,1,3.96,Road,Xpressbees,1838.4,450.3,6.64,2025-08-01,2025-08-06,2025-08-09,Delayed,3.0,No,No,8,3,4.270383275261325,2288.7000000000003,0
ORD103256,CUST12089,2025-09-06,Pune,Pune,Kochi,403.3,Automotive,7,7.9,Rail,Xpressbees,1417.79,335.78,9.78,2025-09-09,2025-09-16,2025-09-18,Delayed,3.0,No,No,9,2,3.515472353087032,1753.57,0
ORD103730,CUST10901,2025-01-28,Hyderabad,Hyderabad,Pune,297.1,Books,5,9.12,Road,Xpressbees,1523.83,328.33,4.36,2025-01-30,2025-02-02,2025-02-02,Delivered,4.0,No,No,3,0,5.129013800067317,1852.1599999999999,1
ORD103210,CUST11502,2025-03-05,Mumbai,Mumbai,Delhi,391.1,Books,6,5.39,Air,Ecom Express,3607.82,312.36,9.36,2025-03-09,2025-03-12,2025-03-12,Delivered,3.0,Yes,No,3,0,9.22480184096139,3920.1800000000003,1
ORD101726,CUST11867,2025-07-15,Bengaluru,Bengaluru,Jaipur,979.2,Sports,5,3.72,Air,Ecom Express,8906.77,674.24,5.88,2025-07-16,2025-07-21,2025-07-23,Delayed,4.0,No,No,7,2,9.095966094771242,9581.01,0
ORD103816,CUST12392,2025-06-17,Mumbai,Mumbai,Bhopal,66.7,Electronics,1,5.95,Road,Ecom Express,474.66,56.24,7.37,2025-06-19,2025-06-23,2025-06-26,Delayed,3.0,No,No,7,3,7.116341829085457,530.9,0
ORD100125,CUST12634,2025-08-23,Bengaluru,Bengaluru,Visakhapatnam,112.4,Home & Kitchen,1,5.03,Express,Xpressbees,908.21,126.34,8.16,2025-08-26,2025-08-30,2025-08-30,Delivered,5.0,No,No,4,0,8.080160142348754,1034.55,1
ORD102758,CUST11294,2025-10-26,Mumbai,Mumbai,Kochi,228.3,Beauty,4,2.34,Road,Delhivery,1058.24,226.74,9.99,2025-10-28,2025-11-02,2025-11-05,Delayed,3.0,Yes,No,8,3,4.635304424003504,1284.98,0
ORD101553,CUST11089,2025-10-28,Chennai,Chennai,Mumbai,591.0,Sports,3,6.06,Air,Delhivery,5457.61,538.32,7.51,2025-10-30,2025-11-03,2025-11-03,Delivered,5.0,No,No,4,0,9.234534686971235,5995.929999999999,1
ORD101801,CUST12455,2025-07-20,Bengaluru,Bengaluru,Chennai,514.9,Home & Kitchen,1,1.19,Rail,Blue Dart,1679.83,513.93,10.42,2025-07-23,2025-07-29,2025-07-30,Delayed,3.0,No,No,7,1,3.2624393086036125,2193.7599999999998,0
ORD104708,CUST11134,2025-08-16,Delhi,Delhi,Ahmedabad,389.5,Books,1,2.42,Express,Blue Dart,2648.37,448.22,11.6,2025-08-19,2025-08-22,2025-08-22,Delivered,4.0,No,No,3,0,6.799409499358151,3096.59,1
ORD103510,CUST12343,2025-04-15,Mumbai,Mumbai,Bengaluru,338.5,Electronics,6,4.24,Road,Blue Dart,0.0,351.12,8.86,2025-04-18,2025-04-23,2025-04-24,Delayed,5.0,No,No,6,1,0.0,351.12,0
ORD104437,CUST11463,2025-12-15,Hyderabad,Hyderabad,Ahmedabad,507.4,Clothing,4,2.97,Road,Shadowfax,2098.65,477.15,9.2,2025-12-17,2025-12-23,2025-12-23,Delivered,4.0,Yes,No,6,0,4.136085928261727,2575.8,1
ORD104505,CUST10515,2025-07-11,Bengaluru,Bengaluru,Pune,66.6,Automotive,4,2.01,Rail,Shadowfax,305.94,49.7,7.98,2025-07-13,2025-07-18,2025-07-18,Delivered,4.0,No,No,5,0,4.593693693693694,355.64,1
ORD100185,CUST10141,2025-09-04,Chennai,Chennai,Kochi,45.8,Electronics,6,2.84,Road,Blue Dart,374.73,50.75,0.0,2025-09-06,2025-09-10,2025-09-10,Delivered,5.0,No,No,4,0,8.181877729257643,425.48,1
ORD103183,CUST10425,2025-08-30,Pune,Pune,Nagpur,179.3,Clothing,7,3.5,Air,Xpressbees,1727.05,191.44,10.08,2025-09-01,2025-09-03,2025-09-07,Delayed,4.0,No,No,6,4,9.63218070273285,1918.49,0
ORD100362,CUST12493,2025-10-26,Mumbai,Mumbai,Bhopal,173.8,Automotive,4,1.04,Express,Delhivery,1270.75,185.62,10.05,2025-10-29,2025-11-01,2025-11-01,Delivered,5.0,No,No,3,0,7.311565017261219,1456.37,1
ORD104450,CUST11415,2025-11-09,Chennai,Chennai,Indore,380.3,Grocery,2,10.86,Air,Delhivery,3595.38,394.0,8.34,2025-11-11,2025-11-13,2025-11-13,Delivered,5.0,No,No,2,0,9.45406258217197,3989.38,1
ORD104680,CUST10024,2025-08-25,Mumbai,Mumbai,Indore,326.2,Electronics,4,2.44,Rail,Dtdc,1114.79,404.31,6.29,2025-08-27,2025-09-01,2025-09-04,Delayed,4.0,No,Yes,8,3,3.417504598405886,1519.1,0
ORD103648,CUST12772,2025-06-20,Pune,Pune,Kochi,685.5,Books,6,4.03,Air,Ecom Express,6288.47,493.71,10.37,2025-06-23,2025-06-26,2025-06-26,Delivered,4.0,No,No,3,0,9.173552151714079,6782.18,1
ORD102006,CUST10383,2025-04-26,Hyderabad,Hyderabad,Chennai,101.4,Grocery,5,4.43,Rail,Shadowfax,377.68,132.37,2.86,2025-04-28,2025-05-06,2025-05-06,Delivered,4.0,No,No,8,0,3.72465483234714,510.05,1
ORD101164,CUST11974,2025-06-14,Bengaluru,Bengaluru,Delhi,628.7,Clothing,4,4.86,Express,Shadowfax,4520.85,525.8,9.74,2025-06-17,2025-06-21,2025-06-21,Delivered,4.0,No,No,4,0,7.190790520120885,5046.650000000001,1
ORD101290,CUST12765,2025-07-12,Pune,Pune,Bhopal,440.3,Home & Kitchen,2,3.23,Road,Xpressbees,2043.85,318.98,9.04,2025-07-14,2025-07-20,2025-07-20,Delivered,5.0,No,No,6,0,4.641948671360436,2362.83,1
ORD104694,CUST11713,2025-04-09,Delhi,Delhi,Visakhapatnam,276.2,Electronics,6,2.74,Express,Dtdc,2010.42,224.19,11.65,2025-04-12,2025-04-16,2025-04-19,Delayed,3.0,No,No,7,3,7.278855901520638,2234.61,0
ORD103105,CUST10862,2025-10-19,Pune,Pune,Ahmedabad,442.1,Electronics,4,3.9,Rail,Ecom Express,1648.12,479.6,9.55,2025-10-21,2025-10-27,2025-11-02,Delayed,3.0,No,No,12,6,3.7279348563673373,2127.72,0
ORD102296,CUST10338,2025-08-02,Hyderabad,Hyderabad,Indore,445.2,Grocery,6,2.46,Express,Dtdc,3256.31,508.08,9.55,2025-08-06,2025-08-09,2025-08-09,Delivered,4.0,No,No,3,0,7.314263252470799,3764.39,1
ORD102547,CUST11538,2025-10-10,Hyderabad,Hyderabad,Vijayawada,387.2,Automotive,3,12.86,Road,Shadowfax,1732.98,395.33,9.9,2025-10-12,2025-10-17,2025-10-21,Delayed,4.0,No,No,9,4,4.475671487603306,2128.31,0
ORD101403,CUST12406,2025-11-08,Bengaluru,Bengaluru,Jaipur,73.0,Automotive,1,10.83,Road,Blue Dart,446.05,100.71,10.6,2025-11-10,2025-11-14,2025-11-14,Delivered,4.0,No,Yes,4,0,6.11027397260274,546.76,1
ORD101184,CUST10907,2025-04-15,Mumbai,Mumbai,Nagpur,222.2,Home & Kitchen,7,3.67,Road,Blue Dart,1083.72,186.31,12.17,2025-04-18,2025-04-23,2025-04-23,Delivered,3.0,No,No,5,0,4.877227722772278,1270.03,1
ORD102344,CUST12597,2025-04-23,Delhi,Delhi,Kolkata,370.1,Electronics,7,0.47,Road,Dtdc,1759.04,270.28,12.06,2025-04-26,2025-05-02,2025-05-02,Delivered,5.0,No,No,6,0,4.752877600648473,2029.32,1
ORD101889,CUST12029,2025-10-30,Chennai,Chennai,Kochi,820.6,Grocery,4,15.25,Express,Delhivery,0.0,880.41,9.1,2025-11-01,2025-11-06,2025-11-06,Delivered,3.0,No,No,5,0,0.0,880.41,1
ORD103596,CUST12133,2025-09-08,Chennai,Chennai,Kochi,470.7,Beauty,5,9.53,Road,Xpressbees,2432.56,432.26,9.91,2025-09-10,2025-09-15,2025-09-20,Delayed,4.0,No,No,10,5,5.167962608880391,2864.8199999999997,0
ORD100995,CUST11809,2025-07-09,Pune,Pune,Nagpur,626.0,Home & Kitchen,7,4.46,Rail,Ecom Express,2091.23,656.32,7.56,2025-07-11,2025-07-18,2025-07-20,Delayed,4.0,No,No,9,2,3.3406230031948883,2747.55,0
ORD104275,CUST11393,2025-08-14,Mumbai,Mumbai,Vijayawada,98.3,Home & Kitchen,5,5.58,Road,Blue Dart,0.0,59.73,6.16,2025-08-16,2025-08-22,2025-08-22,Delivered,5.0,No,No,6,0,0.0,59.73,1
ORD102772,CUST10685,2025-08-21,Mumbai,Mumbai,Chennai,314.4,Electronics,4,6.92,Road,Dtdc,1399.03,334.03,10.04,2025-08-23,2025-08-29,2025-08-29,Delivered,4.0,No,No,6,0,4.44984096692112,1733.06,1
ORD103141,CUST12179,2025-03-11,Bengaluru,Bengaluru,Jaipur,201.7,Books,3,3.64,Road,Xpressbees,1001.03,187.65,4.27,2025-03-13,2025-03-19,2025-03-20,Delayed,3.0,No,No,7,1,4.962964799206743,1188.68,0
ORD103913,CUST10832,2025-04-13,Chennai,Chennai,Kolkata,398.4,Clothing,3,3.68,Road,Dtdc,1780.31,436.04,6.45,2025-04-15,2025-04-21,2025-04-21,Delivered,4.0,No,No,6,0,4.468649598393575,2216.35,1
ORD104104,CUST10160,2025-03-15,Pune,Pune,Chennai,396.1,Home & Kitchen,3,3.41,Road,Blue Dart,1779.95,445.24,6.95,2025-03-18,2025-03-22,2025-03-23,Delayed,2.0,No,No,5,1,4.493688462509467,2225.19,0
ORD101190,CUST12693,2025-04-05,Chennai,Chennai,Jaipur,463.3,Automotive,3,7.49,Air,Blue Dart,4316.18,466.82,6.69,2025-04-07,2025-04-11,2025-04-11,Delivered,5.0,No,No,4,0,9.316166630692855,4783.0,1
ORD104707,CUST12091,2025-09-02,Delhi,Delhi,Indore,107.6,Beauty,6,6.1,Road,Xpressbees,613.33,96.66,10.82,2025-09-05,2025-09-09,2025-09-09,Delivered,5.0,No,No,4,0,5.7000929368029745,709.99,1
ORD101518,CUST10026,2025-07-10,Mumbai,Mumbai,Bhopal,534.5,Electronics,1,0.71,Air,Blue Dart,4706.54,407.86,8.05,2025-07-12,2025-07-16,2025-07-16,Delivered,5.0,No,No,4,0,8.805500467726848,5114.4,1
ORD104335,CUST10517,2025-02-03,Chennai,Chennai,Ahmedabad,231.3,Automotive,7,5.2,Rail,Ecom Express,932.44,182.9,6.56,2025-02-05,2025-02-11,2025-02-11,Delivered,5.0,No,No,6,0,4.0313013402507565,1115.3400000000001,1
ORD103785,CUST10963,2025-04-09,Chennai,Chennai,Hyderabad,664.9,Clothing,1,3.85,Road,Ecom Express,2794.59,676.75,8.04,2025-04-10,2025-04-15,2025-04-15,Delivered,4.0,No,No,5,0,4.203023010979095,3471.34,1
ORD102601,CUST10371,2025-08-13,Hyderabad,Hyderabad,Mumbai,232.8,Books,2,1.62,Air,Ecom Express,2072.55,189.17,7.19,2025-08-14,2025-08-17,2025-08-17,Delivered,5.0,No,No,3,0,8.90270618556701,2261.7200000000003,1
ORD103592,CUST11888,2025-03-10,Hyderabad,Hyderabad,Coimbatore,159.8,Electronics,4,5.05,Air,Xpressbees,1543.13,148.08,6.3,2025-03-12,2025-03-15,2025-03-15,Delivered,4.0,No,No,3,0,9.656633291614519,1691.21,1
ORD104751,CUST10579,2025-07-03,Chennai,Chennai,Kochi,726.1,Grocery,1,8.88,Rail,Ecom Express,2499.55,646.44,8.08,2025-07-05,2025-07-12,2025-07-12,Delivered,5.0,No,No,7,0,3.4424321718771522,3145.9900000000002,1
ORD102089,CUST11204,2025-12-13,Hyderabad,Hyderabad,Visakhapatnam,966.1,Beauty,5,6.69,Air,Xpressbees,8849.78,0.0,9.88,2025-12-17,2025-12-22,2025-12-22,Delivered,4.0,No,No,5,0,9.160314667218715,8849.78,1
ORD100300,CUST12484,2025-06-09,Hyderabad,Hyderabad,Mumbai,28.8,Automotive,4,10.88,Rail,Delhivery,211.32,20.0,9.3,2025-06-11,2025-06-16,2025-06-20,Delayed,4.0,No,No,9,4,7.3374999999999995,231.32,0
ORD103573,CUST10004,2025-05-01,Hyderabad,Hyderabad,Surat,617.3,Home & Kitchen,1,12.33,Road,Delhivery,2901.64,589.23,7.28,2025-05-03,2025-05-09,2025-05-09,Delivered,4.0,No,No,6,0,4.700534586100762,3490.87,1
ORD104210,CUST12394,2025-12-12,Pune,Pune,Indore,762.0,Books,4,0.23,Road,Delhivery,3418.42,622.92,4.48,2025-12-13,2025-12-19,2025-12-24,Delayed,4.0,No,No,11,5,4.486115485564304,4041.34,0
ORD100808,CUST10036,2025-03-05,Delhi,Delhi,Surat,295.8,Books,5,2.66,Express,Delhivery,2225.37,301.47,7.82,2025-03-07,2025-03-11,2025-03-17,Delayed,3.0,No,No,10,6,7.523225152129816,2526.84,0
ORD102088,CUST10371,2025-11-23,Delhi,Delhi,Nagpur,421.1,Home & Kitchen,6,0.77,Express,Ecom Express,2936.93,334.29,10.65,2025-11-26,2025-11-30,2025-11-30,Delivered,5.0,No,No,4,0,6.97442412728568,3271.22,1
ORD104941,CUST10100,2025-04-08,Bengaluru,Bengaluru,Surat,152.3,Electronics,2,13.44,Road,Delhivery,825.24,145.32,4.56,2025-04-09,2025-04-14,2025-04-14,Delivered,5.0,No,No,5,0,5.418516086671044,970.56,1
ORD104590,CUST12627,2025-08-21,Mumbai,Mumbai,Hyderabad,83.7,Automotive,4,4.51,Express,Dtdc,763.76,91.97,10.46,2025-08-24,2025-08-26,2025-08-26,Delivered,4.0,No,No,2,0,9.124970131421744,855.73,1
ORD101979,CUST10472,2025-09-24,Delhi,Delhi,Jaipur,87.4,Electronics,3,8.13,Air,Blue Dart,932.06,108.06,8.97,2025-09-26,2025-09-28,2025-09-28,Delivered,4.0,No,No,2,0,10.664302059496567,1040.12,1
ORD104004,CUST10903,2025-07-04,Bengaluru,Bengaluru,Jaipur,1721.8,Beauty,6,7.08,Road,Blue Dart,7410.32,1224.42,7.36,2025-07-07,2025-07-15,2025-07-15,Delivered,4.0,No,No,8,0,4.3038215820652805,8634.74,1
ORD104555,CUST12165,2025-06-11,Mumbai,Mumbai,Delhi,246.9,Beauty,7,12.14,Road,Shadowfax,1253.21,237.64,10.01,2025-06-13,2025-06-17,2025-06-17,Delivered,5.0,No,No,4,0,5.075779667881734,1490.85,1
ORD101149,CUST11540,2025-05-21,Pune,Pune,Coimbatore,249.7,Grocery,3,4.83,Express,Blue Dart,1888.85,271.42,6.21,2025-05-23,2025-05-26,2025-05-26,Delivered,5.0,No,No,3,0,7.564477372847417,2160.27,1
ORD101671,CUST10396,2025-07-03,Pune,Pune,Delhi,412.7,Automotive,6,4.06,Road,Ecom Express,1818.84,451.57,8.92,2025-07-05,2025-07-10,2025-07-11,Delayed,4.0,No,No,6,1,4.407172280106615,2270.41,0
ORD101544,CUST12738,2025-08-07,Mumbai,Mumbai,Hyderabad,617.1,Grocery,3,10.27,Road,Shadowfax,2838.41,671.25,9.25,2025-08-09,2025-08-14,2025-08-14,Delivered,4.0,No,No,5,0,4.599594879274023,3509.66,1
ORD103026,CUST11373,2025-02-03,Hyderabad,Hyderabad,Indore,1282.6,Books,3,8.85,Air,Delhivery,11721.14,1312.56,2.0,2025-02-04,2025-02-09,2025-02-12,Delayed,3.0,No,No,8,3,9.138577888663653,13033.699999999999,0
ORD102055,CUST11337,2025-05-13,Delhi,Delhi,Chennai,396.2,Automotive,3,4.96,Express,Ecom Express,2929.22,427.72,12.74,2025-05-16,2025-05-22,2025-05-22,Delivered,5.0,No,No,6,0,7.393286219081272,3356.9399999999996,1
ORD102132,CUST11215,2025-07-06,Pune,Pune,Mumbai,459.7,Clothing,7,9.34,Air,Dtdc,4265.57,452.36,7.8,2025-07-08,2025-07-10,2025-07-10,Delivered,5.0,No,No,2,0,9.279029802044812,4717.929999999999,1
ORD100818,CUST11369,2025-05-11,Hyderabad,Hyderabad,Bengaluru,492.9,Home & Kitchen,1,3.8,Air,Dtdc,4422.9,276.31,8.42,2025-05-13,2025-05-15,2025-05-15,Delivered,4.0,No,No,2,0,8.973219720024346,4699.21,1
ORD104069,CUST11907,2025-02-06,Delhi,Delhi,Ahmedabad,923.3,Automotive,1,1.1,Express,Xpressbees,6311.0,926.03,10.32,2025-02-08,2025-02-12,2025-02-12,Delivered,4.0,Yes,No,4,0,6.8352648110040075,7237.03,1
ORD101982,CUST12750,2025-01-18,Chennai,Chennai,Hyderabad,347.9,Home & Kitchen,5,1.04,Road,Dtdc,1482.58,246.19,4.84,2025-01-19,2025-01-25,2025-01-27,Delayed,3.0,No,No,8,2,4.261511928715148,1728.77,0
ORD100628,CUST11060,2025-07-23,Mumbai,Mumbai,Kolkata,345.7,Clothing,2,3.58,Road,Ecom Express,1434.03,368.29,11.9,2025-07-26,2025-08-01,2025-08-01,Delivered,4.0,No,No,6,0,4.148192074052647,1802.32,1
ORD103012,CUST11439,2025-06-12,Pune,Pune,Lucknow,489.6,Books,2,6.26,Express,Ecom Express,3471.39,536.25,10.09,2025-06-14,2025-06-19,2025-06-19,Delivered,5.0,No,No,5,0,7.090257352941176,4007.64,1
ORD103603,CUST10016,2025-09-23,Hyderabad,Hyderabad,Coimbatore,269.8,Home & Kitchen,6,3.61,Air,Shadowfax,2491.16,259.92,8.83,2025-09-26,2025-09-28,2025-09-30,Delayed,5.0,No,No,4,2,9.23335804299481,2751.08,0
ORD102990,CUST10580,2025-10-17,Hyderabad,Hyderabad,Kochi,228.5,Clothing,7,7.26,Road,Shadowfax,1125.77,195.62,5.63,2025-10-19,2025-10-25,2025-10-25,Delivered,4.0,No,No,6,0,4.926783369803063,1321.3899999999999,1
ORD103373,CUST10312,2025-12-23,Hyderabad,Hyderabad,Vijayawada,198.8,Grocery,6,1.59,Road,Dtdc,801.41,208.51,7.9,2025-12-26,2025-12-31,2026-01-03,Delayed,3.0,No,Yes,8,3,4.0312374245472835,1009.92,0
ORD102711,CUST11214,2025-09-25,Mumbai,Mumbai,Vijayawada,70.4,Beauty,7,2.42,Road,Xpressbees,459.92,51.79,13.97,2025-09-29,2025-10-02,2025-10-07,Delayed,4.0,Yes,No,8,5,6.532954545454545,511.71000000000004,0
ORD104206,CUST12478,2025-12-06,Delhi,Delhi,Kochi,296.9,Automotive,5,1.11,Road,Delhivery,1262.06,344.49,9.96,2025-12-09,2025-12-13,2025-12-13,Delivered,5.0,No,No,4,0,4.250791512293702,1606.55,1
ORD103217,CUST11029,2025-04-15,Hyderabad,Hyderabad,Kochi,350.4,Electronics,1,9.8,Air,Ecom Express,3298.49,274.24,4.5,2025-04-17,2025-04-21,2025-04-21,Delivered,5.0,No,No,4,0,9.413498858447488,3572.7299999999996,1
ORD103343,CUST12694,2025-08-29,Chennai,Chennai,Indore,365.4,Automotive,3,3.61,Road,Delhivery,1647.67,355.67,4.83,2025-08-31,2025-09-05,2025-09-05,Delivered,4.0,No,No,5,0,4.5092227695675975,2003.3400000000001,1
ORD104144,CUST12046,2025-01-07,Delhi,Delhi,Coimbatore,521.4,Electronics,6,1.42,Road,Ecom Express,2209.33,615.5,10.11,2025-01-10,2025-01-16,2025-01-21,Delayed,4.0,No,No,11,5,4.237303413885693,2824.83,0
ORD103094,CUST12302,2025-03-29,Bengaluru,Bengaluru,Nagpur,195.1,Clothing,7,5.92,Road,Delhivery,1018.99,111.3,10.14,2025-04-01,2025-04-05,2025-04-05,Delivered,5.0,No,No,4,0,5.222911327524347,1130.29,1
ORD101943,CUST11748,2025-06-22,Hyderabad,Hyderabad,Ahmedabad,441.7,Beauty,7,7.38,Road,Xpressbees,2059.34,308.91,5.35,2025-06-23,2025-06-29,2025-07-01,Delayed,2.0,No,Yes,8,2,4.662304731718361,2368.25,0
ORD104996,CUST12406,2025-11-05,Chennai,Chennai,Mumbai,436.3,Sports,2,2.28,Road,Dtdc,1805.03,405.62,7.45,2025-11-07,2025-11-14,2025-11-14,Delivered,5.0,No,No,7,0,4.137130414852166,2210.65,1
ORD100685,CUST12562,2025-12-07,Delhi,Delhi,Bhopal,242.8,Beauty,2,2.29,Rail,Blue Dart,865.21,172.26,9.05,2025-12-10,2025-12-15,2025-12-15,Delivered,4.0,No,No,5,0,3.5634678747940693,1037.47,1
ORD100043,CUST12209,2025-08-30,Bengaluru,Bengaluru,Coimbatore,224.2,Grocery,7,1.46,Express,Shadowfax,1535.0,124.67,9.02,2025-09-01,2025-09-04,2025-09-04,Delivered,5.0,No,No,3,0,6.846565566458519,1659.67,1
ORD102075,CUST11463,2025-12-29,Bengaluru,Bengaluru,Kochi,216.3,Grocery,7,3.53,Road,Xpressbees,1005.87,299.78,6.34,2025-12-31,2026-01-06,2026-01-06,Delivered,5.0,No,No,6,0,4.650346740638002,1305.65,1
ORD103224,CUST10087,2025-07-07,Chennai,Chennai,Indore,255.2,Clothing,4,1.6,Road,Xpressbees,1161.22,241.3,5.74,2025-07-09,2025-07-13,2025-07-13,Delivered,4.0,No,No,4,0,4.550235109717868,1402.52,1
ORD104154,CUST11846,2025-05-10,Bengaluru,Bengaluru,Mumbai,228.3,Clothing,6,3.04,Road,Ecom Express,1286.94,125.61,9.21,2025-05-11,2025-05-15,2025-05-15,Delivered,4.0,No,No,4,0,5.637056504599212,1412.55,1
ORD102727,CUST11595,2025-02-24,Delhi,Delhi,Jaipur,477.2,Grocery,5,2.42,Rail,Blue Dart,1681.6,317.49,8.25,2025-02-26,2025-03-05,2025-03-07,Delayed,4.0,No,No,9,2,3.523889354568315,1999.09,0
ORD100922,CUST10446,2025-02-25,Chennai,Chennai,Vijayawada,203.0,Clothing,7,6.18,Rail,Xpressbees,689.95,171.55,7.01,2025-03-01,2025-03-08,2025-03-08,Delivered,4.0,No,No,7,0,3.3987684729064043,861.5,1
ORD101125,CUST11259,2025-04-09,Bengaluru,Bengaluru,Ahmedabad,1131.6,Sports,5,4.73,Air,Ecom Express,10482.62,901.35,6.96,2025-04-12,2025-04-16,2025-04-16,Delivered,5.0,No,No,4,0,9.263538352774834,11383.970000000001,1
ORD100380,CUST12343,2025-02-05,Pune,Pune,Lucknow,262.8,Home & Kitchen,5,5.69,Road,Xpressbees,1304.86,289.74,10.84,2025-02-08,2025-02-13,2025-02-13,Delivered,4.0,No,No,5,0,4.965220700152207,1594.6,1
ORD100091,CUST11156,2025-12-02,Chennai,Chennai,Kolkata,251.4,Electronics,5,3.2,Air,Blue Dart,2374.81,159.8,4.62,2025-12-04,2025-12-07,2025-12-07,Delivered,5.0,No,No,3,0,9.446340493237868,2534.61,1
ORD102022,CUST11234,2025-05-11,Bengaluru,Bengaluru,Surat,679.6,Clothing,4,10.9,Rail,Ecom Express,2379.65,549.07,9.71,2025-05-13,2025-05-19,2025-05-19,Delivered,5.0,No,No,6,0,3.5015450264861685,2928.7200000000003,1
ORD104703,CUST11562,2025-06-18,Hyderabad,Hyderabad,Bengaluru,499.1,Grocery,2,6.23,Road,Blue Dart,2156.03,365.63,6.91,2025-06-21,2025-06-26,2025-06-26,Delivered,5.0,No,No,5,0,4.319835704267682,2521.6600000000003,1
ORD102366,CUST11483,2025-08-06,Bengaluru,Bengaluru,Surat,138.3,Beauty,5,17.74,Express,Ecom Express,1358.93,151.02,10.72,2025-08-08,2025-08-11,2025-08-11,Delivered,4.0,No,No,3,0,9.825958062183659,1509.95,1
ORD102137,CUST12233,2025-08-31,Chennai,Chennai,Pune,190.6,Automotive,5,10.08,Road,Xpressbees,895.82,189.15,5.7,2025-09-01,2025-09-05,2025-09-11,Delayed,4.0,No,No,10,6,4.7,1084.97,0
ORD101653,CUST10865,2025-08-11,Hyderabad,Hyderabad,Mumbai,225.9,Automotive,2,9.77,Road,Blue Dart,1150.75,289.2,7.51,2025-08-14,2025-08-20,2025-08-20,Delivered,4.0,No,No,6,0,5.0940681717574146,1439.95,1
ORD103750,CUST10450,2025-03-06,Chennai,Chennai,Vijayawada,263.1,Sports,3,4.51,Road,Ecom Express,1048.51,208.94,6.25,2025-03-08,2025-03-14,2025-03-15,Delayed,3.0,No,No,7,1,3.9852147472443935,1257.45,0
ORD104463,CUST11595,2025-10-10,Bengaluru,Bengaluru,Vijayawada,600.3,Sports,3,2.27,Road,Ecom Express,2633.9,438.57,9.67,2025-10-13,2025-10-19,2025-10-21,Delayed,4.0,No,No,8,2,4.387639513576546,3072.4700000000003,0
ORD100287,CUST10849,2025-09-22,Mumbai,Mumbai,Surat,608.7,Sports,2,5.19,Air,Delhivery,0.0,523.08,10.34,2025-09-25,2025-09-29,2025-09-29,Delivered,5.0,No,No,4,0,0.0,523.08,1
ORD102651,CUST10250,2025-06-02,Pune,Pune,Delhi,494.7,Home & Kitchen,7,2.48,Air,Delhivery,4658.59,460.98,9.48,2025-06-05,2025-06-08,2025-06-08,Delivered,4.0,No,No,3,0,9.417000202142713,5119.57,1
ORD100916,CUST12151,2025-09-03,Pune,Pune,Nagpur,510.2,Electronics,3,1.84,Road,Delhivery,2215.45,401.69,10.78,2025-09-05,2025-09-10,2025-09-10,Delivered,4.0,No,No,5,0,4.342316738533908,2617.14,1
ORD104162,CUST12446,2025-04-10,Chennai,Chennai,Coimbatore,407.9,Electronics,3,5.47,Road,Xpressbees,1823.28,374.42,8.03,2025-04-11,2025-04-14,2025-04-14,Delivered,4.0,No,No,3,0,4.469919097818093,2197.7,1
ORD104390,CUST11074,2025-08-18,Mumbai,Mumbai,Jaipur,1569.2,Clothing,6,0.47,Express,Blue Dart,11063.74,1445.0,9.58,2025-08-20,2025-08-25,2025-08-25,Delivered,4.0,No,No,5,0,7.050560795309711,12508.74,1
ORD103761,CUST10610,2025-04-21,Mumbai,Mumbai,Lucknow,468.0,Home & Kitchen,1,6.05,Road,Blue Dart,1941.96,303.16,8.86,2025-04-24,2025-04-29,2025-04-29,Delivered,4.0,No,No,5,0,4.1494871794871795,2245.12,1
ORD100371,CUST10150,2025-08-02,Bengaluru,Bengaluru,Kochi,583.9,Home & Kitchen,3,7.18,Rail,Shadowfax,2026.4,596.95,7.13,2025-08-05,2025-08-11,2025-08-11,Delivered,5.0,No,No,6,0,3.4704572700804937,2623.3500000000004,1
ORD100573,CUST11331,2025-11-23,Chennai,Chennai,Jaipur,452.9,Beauty,6,9.7,Road,Ecom Express,1984.92,484.11,6.81,2025-11-25,2025-12-01,2025-12-04,Delayed,4.0,No,No,9,3,4.382689335394127,2469.03,0
ORD100032,CUST10075,2025-03-15,Hyderabad,Hyderabad,Kolkata,615.8,Grocery,2,7.45,Air,Ecom Express,5672.13,650.08,6.98,2025-03-16,2025-03-20,2025-03-21,Delayed,3.0,Yes,No,5,1,9.210993829165314,6322.21,0
ORD100989,CUST11780,2025-11-20,Hyderabad,Hyderabad,Bhopal,433.7,Grocery,3,18.89,Rail,Shadowfax,1686.6,430.86,4.31,2025-11-22,2025-11-28,2025-11-28,Delivered,5.0,No,No,6,0,3.8888632695411576,2117.46,1
ORD100485,CUST10672,2025-06-03,Bengaluru,Bengaluru,Chennai,149.0,Automotive,2,7.0,Air,Shadowfax,1424.41,165.06,10.13,2025-06-06,2025-06-08,2025-06-13,Delayed,4.0,No,No,7,5,9.55979865771812,1589.47,0
ORD103645,CUST12227,2025-05-19,Bengaluru,Bengaluru,Jaipur,256.6,Clothing,7,2.56,Road,Delhivery,1233.25,169.81,7.81,2025-05-21,2025-05-25,2025-05-25,Delivered,4.0,No,No,4,0,4.806118472330475,1403.06,1
ORD102886,CUST12417,2025-03-25,Chennai,Chennai,Surat,120.6,Beauty,7,10.22,Road,Dtdc,753.54,133.67,2.9,2025-03-26,2025-03-30,2025-03-30,Delivered,4.0,No,No,4,0,6.248258706467662,887.2099999999999,1
ORD102460,CUST12001,2025-12-25,Chennai,Chennai,Delhi,100.5,Beauty,2,5.12,Rail,Shadowfax,376.43,110.11,4.56,2025-12-26,2026-01-01,2026-01-01,Delivered,4.0,No,No,6,0,3.7455721393034827,486.54,1
ORD103127,CUST10020,2025-12-11,Hyderabad,Hyderabad,Nagpur,300.5,Sports,3,2.02,Road,Xpressbees,1553.64,357.5,11.22,2025-12-13,2025-12-17,2025-12-19,Delayed,4.0,No,No,6,2,5.17018302828619,1911.14,0
ORD104565,CUST10281,2025-07-02,Pune,Pune,Delhi,629.3,Sports,6,17.34,Air,Dtdc,5992.11,568.49,6.72,2025-07-04,2025-07-06,2025-07-06,Delivered,4.0,No,No,2,0,9.521865564913396,6560.599999999999,1
ORD103241,CUST11693,2025-10-13,Delhi,Delhi,Jaipur,370.7,Books,5,4.32,Road,Shadowfax,1691.78,284.79,11.2,2025-10-16,2025-10-22,2025-10-22,Delivered,4.0,No,No,6,0,4.563744267601835,1976.57,1
ORD102286,CUST11465,2025-03-20,Chennai,Chennai,Kochi,231.7,Sports,4,2.33,Road,Blue Dart,899.78,172.79,7.46,2025-03-22,2025-03-27,2025-03-27,Delivered,4.0,No,No,5,0,3.883383685800604,1072.57,1
ORD103646,CUST12099,2025-10-08,Hyderabad,Hyderabad,Coimbatore,623.6,Automotive,2,5.56,Road,Dtdc,2638.23,636.23,9.82,2025-10-11,2025-10-19,2025-10-19,Delivered,4.0,No,No,8,0,4.230644644002566,3274.46,1
ORD100669,CUST10524,2025-01-22,Bengaluru,Bengaluru,Jaipur,445.2,Sports,3,2.31,Air,Xpressbees,3999.09,367.57,7.81,2025-01-24,2025-01-27,2025-01-27,Delivered,4.0,No,No,3,0,8.98268194070081,4366.66,1
ORD102424,CUST10872,2025-06-09,Mumbai,Mumbai,Jaipur,293.9,Clothing,3,4.26,Road,Dtdc,1307.68,0.0,12.7,2025-06-12,2025-06-17,2025-06-17,Delivered,3.0,No,No,5,0,4.449404559373937,1307.68,1
ORD101988,CUST12321,2025-01-06,Hyderabad,Hyderabad,Visakhapatnam,322.0,Home & Kitchen,5,10.29,Road,Delhivery,1636.38,390.81,8.81,2025-01-09,2025-01-15,2025-01-15,Delivered,4.0,No,No,6,0,5.08192546583851,2027.19,1
ORD103307,CUST11476,2025-03-22,Delhi,Delhi,Surat,560.9,Automotive,1,3.3,Road,Xpressbees,2485.7,499.89,10.08,2025-03-24,2025-03-29,2025-04-01,Delayed,3.0,No,No,8,3,4.431627741130326,2985.5899999999997,0
ORD102185,CUST11209,2025-09-24,Delhi,Delhi,Ahmedabad,278.2,Sports,4,1.16,Road,Delhivery,1313.6,259.48,6.89,2025-09-26,2025-10-02,2025-10-02,Delivered,5.0,No,No,6,0,4.721782890007189,1573.08,1
ORD100688,CUST10746,2025-07-18,Pune,Pune,Vijayawada,407.3,Grocery,4,2.85,Rail,Dtdc,1430.53,281.85,9.37,2025-07-20,2025-07-25,2025-07-28,Delayed,4.0,No,No,8,3,3.5122268598084947,1712.38,0
ORD102876,CUST12489,2025-11-15,Mumbai,Mumbai,Chennai,260.9,Beauty,4,4.3,Express,Xpressbees,1888.12,325.44,10.51,2025-11-18,2025-11-21,2025-11-21,Delivered,5.0,No,No,3,0,7.236949022614029,2213.56,1
ORD100816,CUST12433,2025-11-02,Hyderabad,Hyderabad,Delhi,606.3,Sports,2,1.3,Road,Blue Dart,2671.53,645.17,4.63,2025-11-03,2025-11-08,2025-11-08,Delivered,4.0,No,No,5,0,4.406284017812965,3316.7000000000003,1
ORD101378,CUST12415,2025-05-09,Delhi,Delhi,Surat,316.0,Grocery,7,1.05,Express,Ecom Express,2331.01,302.23,14.17,2025-05-12,2025-05-17,2025-05-17,Delivered,4.0,No,No,5,0,7.376613924050633,2633.2400000000002,1
ORD102584,CUST11897,2025-05-20,Chennai,Chennai,Coimbatore,430.9,Books,4,5.29,Road,Xpressbees,1916.85,479.87,7.48,2025-05-22,2025-05-28,2025-05-28,Delivered,4.0,No,No,6,0,4.44847992573683,2396.72,1
ORD100635,CUST12163,2025-10-18,Pune,Pune,Nagpur,44.8,Grocery,1,8.23,Rail,Xpressbees,240.22,38.74,10.54,2025-10-21,2025-10-27,2025-10-27,Delivered,4.0,No,No,6,0,5.3620535714285715,278.96,1
ORD101391,CUST10205,2025-06-01,Pune,Pune,Delhi,286.6,Electronics,1,5.57,Rail,Dtdc,1001.69,256.83,8.54,2025-06-04,2025-06-10,2025-06-10,Delivered,5.0,No,No,6,0,3.4950802512212142,1258.52,1
ORD104075,CUST10067,2025-08-16,Pune,Pune,Hyderabad,436.8,Grocery,1,2.27,Road,Ecom Express,1882.2,414.7,9.27,2025-08-18,2025-08-24,2025-08-24,Delivered,4.0,No,No,6,0,4.309065934065934,2296.9,1
ORD100496,CUST12481,2025-05-28,Pune,Pune,Coimbatore,302.3,Automotive,3,2.98,Air,Ecom Express,2805.25,244.79,6.01,2025-05-30,2025-06-01,2025-06-01,Delivered,4.0,No,No,2,0,9.279689050611974,3050.04,1
ORD103102,CUST11194,2025-02-01,Pune,Pune,Surat,246.6,Books,5,10.05,Road,Dtdc,1214.67,152.37,11.19,2025-02-04,2025-02-09,2025-02-09,Delivered,5.0,No,No,5,0,4.925669099756691,1367.04,1
ORD102935,CUST12340,2025-02-21,Hyderabad,Hyderabad,Indore,206.6,Beauty,1,3.15,Road,Xpressbees,815.01,177.05,4.55,2025-02-23,2025-02-27,2025-02-27,Delivered,4.0,No,No,4,0,3.94486931268151,992.06,1
ORD101760,CUST12778,2025-03-28,Mumbai,Mumbai,Delhi,1017.8,Clothing,4,5.99,Road,Shadowfax,4359.15,1008.97,10.46,2025-03-29,2025-04-04,2025-04-04,Delivered,4.0,No,No,6,0,4.282914128512478,5368.12,1
ORD103417,CUST10538,2025-02-06,Pune,Pune,Coimbatore,212.9,Beauty,1,6.11,Road,Delhivery,1083.94,117.94,9.46,2025-02-09,2025-02-15,2025-02-15,Delivered,4.0,No,No,6,0,5.091310474401127,1201.88,1
ORD104187,CUST11379,2025-02-20,Mumbai,Mumbai,Visakhapatnam,764.7,Grocery,5,4.81,Express,Dtdc,5443.7,564.88,8.99,2025-02-23,2025-02-28,2025-02-28,Delivered,4.0,No,Yes,5,0,7.118739374918268,6008.58,1
ORD101443,CUST12494,2025-11-30,Pune,Pune,Lucknow,276.9,Electronics,3,10.14,Road,Blue Dart,1332.57,213.5,10.8,2025-12-02,2025-12-08,2025-12-08,Delivered,4.0,No,No,6,0,4.812459371614302,1546.07,1
ORD104964,CUST11949,2025-06-23,Hyderabad,Hyderabad,Visakhapatnam,345.0,Clothing,2,1.99,Rail,Xpressbees,1107.93,335.0,6.26,2025-06-25,2025-07-01,2025-07-01,Delivered,4.0,No,No,6,0,3.2113913043478264,1442.93,1
ORD102365,CUST10022,2025-04-08,Mumbai,Mumbai,Kolkata,503.4,Books,6,9.9,Road,Shadowfax,2425.2,538.62,10.08,2025-04-10,2025-04-16,2025-04-16,Delivered,4.0,No,No,6,0,4.817640047675805,2963.8199999999997,1
ORD103932,CUST12060,2025-06-13,Chennai,Chennai,Bhopal,258.6,Clothing,5,5.09,Air,Blue Dart,2575.63,283.77,7.49,2025-06-15,2025-06-18,2025-06-19,Delayed,3.0,No,No,4,1,9.959899458623356,2859.4,0
ORD101819,CUST12729,2025-07-08,Bengaluru,Bengaluru,Nagpur,466.4,Beauty,4,5.57,Rail,Xpressbees,1543.81,456.68,8.69,2025-07-10,2025-07-17,2025-07-17,Delivered,4.0,No,No,7,0,3.3100557461406517,2000.49,1
ORD101247,CUST12468,2025-04-03,Hyderabad,Hyderabad,Nagpur,240.7,Automotive,7,5.02,Rail,Xpressbees,906.21,153.74,5.46,2025-04-05,2025-04-11,2025-04-13,Delayed,4.0,No,No,8,2,3.7648940589945994,1059.95,0
ORD100858,CUST10902,2025-08-01,Mumbai,Mumbai,Chennai,826.3,Books,5,5.26,Road,Ecom Express,3726.94,893.68,11.28,2025-08-03,2025-08-08,2025-08-08,Delivered,5.0,No,No,5,0,4.510395740045989,4620.62,1
ORD102896,CUST12446,2025-02-04,Bengaluru,Bengaluru,Kolkata,228.4,Grocery,2,7.77,Express,Xpressbees,1762.47,216.72,4.43,2025-02-06,2025-02-08,2025-02-08,Delivered,4.0,No,No,2,0,7.716593695271453,1979.19,1
ORD102291,CUST12254,2025-02-01,Hyderabad,Hyderabad,Mumbai,965.1,Grocery,2,4.52,Express,Delhivery,6827.78,956.79,7.07,2025-02-03,2025-02-07,2025-02-07,Delivered,4.0,No,No,4,0,7.074686560978137,7784.57,1
ORD101293,CUST10926,2025-03-10,Pune,Pune,Chennai,579.8,Home & Kitchen,7,1.74,Road,Blue Dart,2511.46,500.0,10.25,2025-03-12,2025-03-18,2025-03-18,Delivered,3.0,No,No,6,0,4.331597102449121,3011.46,1
ORD103117,CUST11004,2025-02-13,Mumbai,Mumbai,Ahmedabad,163.4,Books,5,1.39,Express,Blue Dart,1215.0,92.88,11.34,2025-02-16,2025-02-19,2025-02-19,Delivered,4.0,No,No,3,0,7.435740514075887,1307.88,1
ORD100959,CUST12756,2025-09-23,Bengaluru,Bengaluru,Ahmedabad,404.6,Electronics,6,2.78,Road,Shadowfax,1872.17,274.3,8.44,2025-09-25,2025-09-30,2025-09-30,Delivered,4.0,No,No,5,0,4.627212061295106,2146.4700000000003,1
ORD102889,CUST10135,2025-08-07,Delhi,Delhi,Lucknow,792.3,Automotive,1,1.66,Express,Xpressbees,5643.67,588.6,8.26,2025-08-09,2025-08-14,2025-08-14,Delivered,5.0,No,No,5,0,7.123147797551433,6232.27,1
ORD101308,CUST11865,2025-04-04,Bengaluru,Bengaluru,Nagpur,429.4,Beauty,2,11.56,Air,Xpressbees,4146.21,425.7,8.32,2025-04-08,2025-04-11,2025-04-11,Delivered,5.0,No,No,3,0,9.655822077317188,4571.91,1
ORD100019,CUST12771,2025-04-30,Chennai,Chennai,Lucknow,166.4,Sports,1,0.56,Rail,Blue Dart,467.5,212.49,6.2,2025-05-02,2025-05-09,2025-05-09,Delivered,5.0,No,No,7,0,2.809495192307692,679.99,1
ORD100936,CUST10648,2025-04-18,Chennai,Chennai,Nagpur,351.9,Grocery,3,9.04,Express,Delhivery,2476.32,344.81,7.22,2025-04-20,2025-04-24,2025-04-24,Delivered,4.0,No,No,4,0,7.036999147485082,2821.13,1
ORD104946,CUST10457,2025-12-25,Hyderabad,Hyderabad,Bhopal,1270.2,Home & Kitchen,4,9.85,Rail,Xpressbees,4403.41,832.8,8.3,2025-12-27,2026-01-05,2026-01-05,Delivered,4.0,No,No,9,0,3.4667060305463706,5236.21,1
ORD102837,CUST12064,2025-03-13,Delhi,Delhi,Jaipur,457.4,Electronics,7,6.71,Rail,Ecom Express,1693.3,485.81,7.02,2025-03-14,2025-03-20,2025-03-20,Delivered,5.0,No,No,6,0,3.70201136860516,2179.11,1
ORD101713,CUST12311,2025-09-28,Mumbai,Mumbai,Lucknow,227.3,Books,5,1.56,Road,Ecom Express,1039.99,178.16,11.15,2025-09-30,2025-10-05,2025-10-05,Delivered,3.0,No,No,5,0,4.57540695116586,1218.15,1
ORD104617,CUST12127,2025-12-26,Hyderabad,Hyderabad,Kolkata,300.6,Clothing,3,4.35,Rail,Ecom Express,1003.44,271.15,12.44,2025-12-28,2026-01-03,2026-01-03,Delivered,4.0,No,No,6,0,3.33812375249501,1274.5900000000001,1
ORD103966,CUST10651,2025-06-12,Chennai,Chennai,Mumbai,300.3,Sports,5,6.06,Road,Delhivery,1436.8,270.62,5.62,2025-06-14,2025-06-21,2025-06-21,Delivered,5.0,No,No,7,0,4.784548784548784,1707.42,1
ORD100354,CUST10418,2025-10-01,Mumbai,Mumbai,Ahmedabad,435.1,Home & Kitchen,7,10.33,Air,Shadowfax,4145.59,325.16,14.85,2025-10-04,2025-10-06,2025-10-06,Delivered,4.0,No,No,2,0,9.52790163180878,4470.75,1
ORD104948,CUST10095,2025-12-31,Pune,Pune,Surat,922.8,Home & Kitchen,6,3.15,Road,Shadowfax,3919.62,739.72,6.92,2026-01-02,2026-01-08,2026-01-08,Delivered,4.0,No,No,6,0,4.247529258777633,4659.34,1
ORD100720,CUST12507,2025-07-02,Pune,Pune,Hyderabad,1239.9,Sports,6,10.61,Rail,Shadowfax,4165.68,848.88,4.39,2025-07-03,2025-07-10,2025-07-10,Delivered,5.0,No,No,7,0,3.3596902976046454,5014.56,1
ORD104076,CUST12000,2025-12-17,Delhi,Delhi,Nagpur,704.7,Grocery,5,2.33,Air,Delhivery,6459.79,529.81,10.62,2025-12-20,2025-12-24,2025-12-24,Delivered,4.0,No,Yes,4,0,9.166723428409252,6989.6,1
ORD102468,CUST11678,2025-12-30,Hyderabad,Hyderabad,Bhopal,215.0,Grocery,4,4.73,Rail,Delhivery,746.03,105.43,6.47,2026-01-01,2026-01-05,2026-01-07,Delayed,3.0,No,No,6,2,3.469906976744186,851.46,0
ORD101515,CUST10900,2025-04-02,Hyderabad,Hyderabad,Bhopal,305.8,Home & Kitchen,6,3.6,Rail,Xpressbees,1163.23,249.93,2.87,2025-04-03,2025-04-09,2025-04-09,Delivered,4.0,No,No,6,0,3.8038914323086983,1413.16,1
ORD100643,CUST12670,2025-09-28,Bengaluru,Bengaluru,Ahmedabad,273.0,Home & Kitchen,2,4.11,Air,Ecom Express,2598.18,213.75,8.41,2025-09-29,2025-10-01,2025-10-01,Delivered,5.0,No,No,2,0,9.517142857142856,2811.93,1
ORD102372,CUST12375,2025-02-06,Bengaluru,Bengaluru,Hyderabad,519.5,Sports,7,4.82,Road,Delhivery,2359.46,515.47,6.84,2025-02-09,2025-02-15,2025-02-19,Delayed,3.0,No,No,10,4,4.541790182868143,2874.9300000000003,0
ORD104175,CUST11847,2025-05-21,Bengaluru,Bengaluru,Ahmedabad,337.3,Clothing,7,3.23,Road,Shadowfax,1513.09,196.99,10.04,2025-05-24,2025-05-29,2025-05-29,Delivered,5.0,No,No,5,0,4.485887933590275,1710.08,1
ORD100986,CUST11239,2025-11-14,Bengaluru,Bengaluru,Hyderabad,340.6,Books,7,14.7,Road,Delhivery,1703.52,285.67,8.64,2025-11-16,2025-11-20,2025-11-20,Delivered,5.0,No,No,4,0,5.001526717557251,1989.19,1
ORD102077,CUST11876,2025-09-18,Delhi,Delhi,Kochi,384.1,Electronics,5,9.08,Road,Ecom Express,1776.01,378.02,7.82,2025-09-20,2025-09-26,2025-09-26,Delivered,4.0,No,No,6,0,4.623821921374642,2154.0299999999997,1
ORD102197,CUST10410,2025-04-05,Bengaluru,Bengaluru,Jaipur,347.2,Clothing,7,5.45,Air,Xpressbees,3167.99,338.7,11.42,2025-04-07,2025-04-09,2025-04-09,Delivered,4.0,No,No,2,0,9.124395161290323,3506.6899999999996,1
ORD102667,CUST12515,2025-10-07,Hyderabad,Hyderabad,Hyderabad,285.0,Electronics,5,8.28,Road,Delhivery,1353.44,176.01,7.82,2025-10-09,2025-10-14,2025-10-14,Delivered,4.0,No,No,5,0,4.748912280701755,1529.45,1
ORD103100,CUST12634,2025-10-16,Bengaluru,Bengaluru,Kochi,270.3,Books,3,5.76,Road,Blue Dart,1411.79,149.84,10.23,2025-10-19,2025-10-23,2025-10-23,Delivered,4.0,No,No,4,0,5.223048464668886,1561.6299999999999,1
ORD101385,CUST11560,2025-09-07,Mumbai,Mumbai,Coimbatore,438.6,Home & Kitchen,2,7.97,Express,Delhivery,3179.69,329.95,8.9,2025-09-09,2025-09-13,2025-09-13,Delivered,5.0,No,No,4,0,7.249635202918377,3509.64,1
ORD101105,CUST10869,2025-03-29,Hyderabad,Hyderabad,Chennai,410.3,Grocery,2,8.31,Rail,Delhivery,1541.84,223.97,8.51,2025-03-31,2025-04-07,2025-04-07,Delivered,3.0,No,No,7,0,3.757835729953692,1765.81,1
ORD104332,CUST10235,2025-11-12,Hyderabad,Hyderabad,Indore,38.8,Sports,5,6.33,Rail,Blue Dart,323.74,68.87,6.99,2025-11-14,2025-11-21,2025-11-22,Delayed,4.0,No,No,8,1,8.343814432989692,392.61,0
ORD100778,CUST10016,2025-01-04,Mumbai,Mumbai,Pune,649.5,Electronics,5,22.04,Road,Ecom Express,3106.31,500.47,12.4,2025-01-06,2025-01-11,2025-01-11,Delivered,5.0,No,No,5,0,4.78261739799846,3606.7799999999997,1
ORD102080,CUST12089,2025-05-25,Delhi,Delhi,Surat,443.1,Electronics,1,1.89,Road,Delhivery,1909.62,447.07,10.81,2025-05-28,2025-06-03,2025-06-03,Delivered,5.0,No,No,6,0,4.309681787406905,2356.69,1
ORD100509,CUST10574,2025-01-08,Bengaluru,Bengaluru,Jaipur,90.4,Grocery,7,4.87,Road,Dtdc,495.32,68.07,8.02,2025-01-10,2025-01-16,2025-01-16,Delivered,4.0,No,No,6,0,5.479203539823009,563.39,1
ORD100690,CUST10553,2025-07-13,Hyderabad,Hyderabad,Chennai,270.4,Home & Kitchen,1,7.05,Express,Blue Dart,2018.44,301.23,7.34,2025-07-15,2025-07-18,2025-07-18,Delivered,4.0,No,No,3,0,7.464644970414202,2319.67,1
ORD101608,CUST11808,2025-04-15,Delhi,Delhi,Coimbatore,671.7,Electronics,3,1.48,Air,Delhivery,6154.58,569.58,8.4,2025-04-17,2025-04-20,2025-04-24,Delayed,3.0,No,No,7,4,9.162691677832365,6724.16,0
ORD104533,CUST11842,2025-03-01,Hyderabad,Hyderabad,Bhopal,107.5,Sports,7,3.05,Rail,Dtdc,467.67,72.04,5.64,2025-03-03,2025-03-10,2025-03-10,Delivered,4.0,No,No,7,0,4.350418604651163,539.71,1
ORD103196,CUST11879,2025-08-26,Hyderabad,Hyderabad,Coimbatore,312.5,Beauty,3,9.33,Road,Shadowfax,1350.81,365.51,7.1,2025-08-28,2025-09-02,2025-09-07,Delayed,3.0,No,No,10,5,4.322592,1716.32,0
ORD100748,CUST11714,2025-12-03,Mumbai,Mumbai,Chennai,501.2,Books,7,11.91,Road,Ecom Express,2341.42,455.76,12.7,2025-12-05,2025-12-11,2025-12-11,Delivered,4.0,No,No,6,0,4.671628092577813,2797.1800000000003,1
ORD100803,CUST10303,2025-02-13,Hyderabad,Hyderabad,Hyderabad,106.5,Books,6,9.95,Road,Shadowfax,597.53,157.1,6.8,2025-02-15,2025-02-19,2025-02-20,Delayed,4.0,No,No,5,1,5.610610328638497,754.63,0
ORD102152,CUST12229,2025-06-27,Mumbai,Mumbai,Ahmedabad,209.6,Beauty,5,2.91,Air,Ecom Express,1982.41,101.57,10.85,2025-06-29,2025-07-02,2025-07-02,Delivered,5.0,No,No,3,0,9.458062977099237,2083.98,1
ORD103059,CUST12490,2025-11-03,Bengaluru,Bengaluru,Mumbai,1175.7,Automotive,7,1.56,Road,Dtdc,4977.02,866.35,10.61,2025-11-06,2025-11-13,2025-11-13,Delivered,5.0,No,No,7,0,4.233239772050694,5843.370000000001,1
ORD103025,CUST11612,2025-04-15,Pune,Pune,Coimbatore,240.4,Books,2,1.1,Express,Shadowfax,1712.05,254.41,12.31,2025-04-17,2025-04-21,2025-04-21,Delivered,4.0,No,No,4,0,7.121672212978369,1966.46,1
ORD103892,CUST12063,2025-04-30,Hyderabad,Hyderabad,Indore,623.1,Electronics,1,3.41,Rail,Dtdc,2004.57,552.65,4.73,2025-05-01,2025-05-08,2025-05-08,Delivered,5.0,No,No,7,0,3.2170919595570533,2557.22,1
ORD100080,CUST12137,2025-08-03,Delhi,Delhi,Visakhapatnam,347.4,Sports,5,2.14,Road,Xpressbees,1561.0,350.72,9.75,2025-08-05,2025-08-10,2025-08-14,Delayed,4.0,No,No,9,4,4.493379389752447,1911.72,0
ORD103991,CUST10363,2025-08-11,Mumbai,Mumbai,Bengaluru,529.2,Books,7,8.05,Express,Delhivery,3901.87,607.47,10.21,2025-08-13,2025-08-17,2025-08-17,Delivered,4.0,No,No,4,0,7.373148148148148,4509.34,1
ORD104456,CUST12032,2025-04-19,Bengaluru,Bengaluru,Vijayawada,793.4,Sports,3,1.13,Road,Delhivery,3446.96,700.63,9.04,2025-04-22,2025-04-28,2025-04-28,Delivered,5.0,No,No,6,0,4.344542475422234,4147.59,1
ORD101362,CUST10510,2025-05-28,Hyderabad,Hyderabad,Indore,569.2,Sports,1,6.37,Air,Dtdc,5287.86,499.44,3.4,2025-05-29,2025-06-01,2025-06-04,Delayed,4.0,No,No,6,3,9.289985945186224,5787.299999999999,0
ORD104896,CUST12137,2025-09-20,Mumbai,Mumbai,Pune,501.6,Sports,7,7.23,Road,Xpressbees,2274.91,393.22,8.75,2025-09-22,2025-09-27,2025-09-30,Delayed,3.0,No,No,8,3,4.535307017543859,2668.13,0
ORD102724,CUST10020,2025-01-11,Mumbai,Mumbai,Jaipur,281.0,Grocery,7,6.32,Road,Blue Dart,1573.37,236.17,12.56,2025-01-14,2025-01-18,2025-01-18,Delivered,4.0,No,No,4,0,5.599181494661921,1809.54,1
ORD103152,CUST10576,2025-10-30,Bengaluru,Bengaluru,Vijayawada,334.8,Clothing,1,10.84,Road,Blue Dart,1516.54,315.08,5.59,2025-11-01,2025-11-06,2025-11-06,Delivered,5.0,No,No,5,0,4.52968936678614,1831.62,1
ORD103170,CUST10912,2025-01-20,Chennai,Chennai,Jaipur,351.5,Beauty,3,3.3,Express,Ecom Express,2603.84,357.18,8.75,2025-01-23,2025-01-27,2025-01-29,Delayed,3.0,No,No,6,2,7.4077951635846375,2961.02,0
ORD102578,CUST12132,2025-01-28,Mumbai,Mumbai,Bengaluru,419.1,Electronics,5,2.99,Express,Blue Dart,3131.45,366.15,9.38,2025-01-30,2025-02-04,2025-02-04,Delivered,4.0,No,No,5,0,7.471844428537341,3497.6,1
ORD104447,CUST10610,2025-11-29,Hyderabad,Hyderabad,Coimbatore,411.3,Grocery,6,9.68,Rail,Dtdc,1529.0,321.56,6.37,2025-12-01,2025-12-07,2025-12-07,Delivered,5.0,No,No,6,0,3.7174811573061026,1850.56,1
ORD102359,CUST11493,2025-06-11,Hyderabad,Hyderabad,Delhi,355.1,Books,1,11.73,Air,Ecom Express,3562.21,394.21,10.24,2025-06-13,2025-06-16,2025-06-16,Delivered,4.0,No,No,3,0,10.031568572233173,3956.42,1
ORD103933,CUST12714,2025-02-03,Hyderabad,Hyderabad,Surat,189.4,Grocery,2,0.37,Road,Ecom Express,821.24,180.82,6.88,2025-02-05,2025-02-09,2025-02-12,Delayed,4.0,No,Yes,7,3,4.3360084477296725,1002.06,0
ORD100549,CUST11631,2025-05-28,Chennai,Chennai,Ahmedabad,214.7,Electronics,5,2.93,Road,Blue Dart,1016.72,236.3,6.38,2025-05-29,2025-06-02,2025-06-02,Delivered,4.0,No,No,4,0,4.735537959944108,1253.02,1
ORD104201,CUST10429,2025-02-08,Hyderabad,Hyderabad,Bengaluru,940.9,Electronics,4,5.47,Road,Shadowfax,4126.83,722.15,6.65,2025-02-10,2025-02-17,2025-02-18,Delayed,5.0,No,No,8,1,4.386045275799766,4848.98,0
ORD103551,CUST10620,2025-10-19,Chennai,Chennai,Kochi,353.8,Sports,3,7.15,Rail,Delhivery,1397.06,223.1,6.02,2025-10-21,2025-10-28,2025-10-28,Delivered,5.0,No,No,7,0,3.9487280949689088,1620.1599999999999,1
ORD100096,CUST12328,2025-04-28,Pune,Pune,Chennai,232.9,Automotive,1,10.0,Rail,Delhivery,854.3,189.3,10.24,2025-04-30,2025-05-05,2025-05-05,Delivered,4.0,No,No,5,0,3.6680978960927435,1043.6,1
ORD102100,CUST10314,2025-06-20,Hyderabad,Hyderabad,Delhi,417.2,Sports,7,4.4,Air,Xpressbees,3784.98,396.16,9.29,2025-06-23,2025-06-26,2025-06-26,Delivered,4.0,Yes,No,3,0,9.072339405560882,4181.14,1
ORD100464,CUST10817,2025-11-27,Hyderabad,Hyderabad,Kolkata,443.0,Books,6,5.72,Rail,Ecom Express,1623.14,347.3,8.06,2025-11-29,2025-12-07,2025-12-07,Delivered,3.0,No,No,8,0,3.663972911963883,1970.44,1
ORD101014,CUST11921,2025-12-11,Chennai,Chennai,Vijayawada,153.8,Home & Kitchen,5,4.85,Air,Shadowfax,1415.19,150.57,8.49,2025-12-13,2025-12-15,2025-12-15,Delivered,5.0,No,No,2,0,9.20149544863459,1565.76,1
ORD104129,CUST12704,2025-01-31,Hyderabad,Hyderabad,Kolkata,426.8,Grocery,1,7.78,Air,Shadowfax,0.0,249.89,6.78,2025-02-03,2025-02-06,2025-02-06,Delivered,4.0,No,No,3,0,0.0,249.89,1
ORD104454,CUST11808,2025-09-06,Bengaluru,Bengaluru,Indore,256.8,Clothing,4,2.22,Air,Xpressbees,2337.6,0.0,6.01,2025-09-08,2025-09-10,2025-09-10,Delivered,4.0,No,No,2,0,9.102803738317757,2337.6,1
ORD104607,CUST11875,2025-08-13,Hyderabad,Hyderabad,Bhopal,482.2,Grocery,4,6.37,Rail,Dtdc,1675.24,370.2,6.4,2025-08-15,2025-08-21,2025-08-22,Delayed,4.0,No,No,7,1,3.474160099543758,2045.44,0
ORD102555,CUST11612,2025-07-07,Mumbai,Mumbai,Kolkata,361.1,Electronics,7,4.1,Air,Xpressbees,3431.7,337.86,8.68,2025-07-09,2025-07-12,2025-07-12,Delivered,5.0,No,No,3,0,9.50346164497369,3769.56,1
ORD104567,CUST12008,2025-02-15,Mumbai,Mumbai,Kolkata,88.0,Home & Kitchen,5,9.08,Road,Delhivery,490.45,31.9,9.43,2025-02-17,2025-02-22,2025-02-22,Delivered,4.0,No,No,5,0,5.5732954545454545,522.35,1
ORD102524,CUST10682,2025-08-16,Hyderabad,Hyderabad,Coimbatore,566.9,Home & Kitchen,2,2.52,Express,Dtdc,4171.97,644.41,5.12,2025-08-18,2025-08-22,2025-08-22,Delivered,4.0,No,No,4,0,7.359269712471336,4816.38,1
ORD101730,CUST12518,2025-03-05,Mumbai,Mumbai,Ahmedabad,737.9,Sports,3,3.28,Air,Dtdc,6639.26,676.24,12.54,2025-03-07,2025-03-11,2025-03-11,Delivered,4.0,No,No,4,0,8.997506437186612,7315.5,1
ORD104510,CUST10284,2025-09-10,Mumbai,Mumbai,Pune,842.3,Automotive,6,7.34,Air,Shadowfax,7700.82,842.26,7.57,2025-09-12,2025-09-16,2025-09-16,Delivered,5.0,No,No,4,0,9.142609521548142,8543.08,1
ORD103925,CUST10159,2025-02-25,Hyderabad,Hyderabad,Visakhapatnam,118.5,Sports,4,7.33,Road,Blue Dart,663.46,123.05,6.12,2025-02-28,2025-03-05,2025-03-05,Delivered,5.0,No,No,5,0,5.598818565400844,786.51,1
ORD101604,CUST10842,2025-08-21,Delhi,Delhi,Mumbai,573.0,Automotive,4,4.15,Express,Ecom Express,4222.31,461.39,8.21,2025-08-23,2025-08-27,2025-08-28,Delayed,4.0,No,No,5,1,7.368778359511344,4683.700000000001,0
ORD104442,CUST10550,2025-06-27,Bengaluru,Bengaluru,Jaipur,317.1,Automotive,6,1.64,Road,Ecom Express,1240.95,326.86,8.61,2025-06-28,2025-07-03,2025-07-03,Delivered,4.0,No,No,5,0,3.9134342478713338,1567.81,1
ORD102005,CUST11912,2025-05-31,Chennai,Chennai,Jaipur,333.1,Grocery,5,2.56,Rail,Shadowfax,1142.94,362.31,7.42,2025-06-03,2025-06-09,2025-06-09,Delivered,4.0,No,No,6,0,3.431221855298709,1505.25,1
ORD101689,CUST10062,2025-06-07,Chennai,Chennai,Delhi,708.4,Home & Kitchen,5,2.05,Road,Dtdc,3002.91,519.71,12.61,2025-06-11,2025-06-18,2025-06-18,Delivered,5.0,No,No,7,0,4.239003387916432,3522.62,1
ORD102383,CUST11161,2025-04-08,Bengaluru,Bengaluru,Vijayawada,161.1,Beauty,1,7.7,Rail,Blue Dart,610.3,117.47,8.35,2025-04-10,2025-04-15,2025-04-18,Delayed,3.0,No,No,8,3,3.7883302296710117,727.77,0
ORD104266,CUST10050,2025-09-20,Pune,Pune,Mumbai,232.4,Electronics,3,3.38,Air,Xpressbees,2268.96,238.03,9.64,2025-09-23,2025-09-26,2025-09-26,Delivered,4.0,No,No,3,0,9.7631669535284,2506.9900000000002,1
ORD101859,CUST11020,2025-06-27,Hyderabad,Hyderabad,Vijayawada,113.3,Grocery,4,12.71,Road,Xpressbees,657.57,64.08,9.28,2025-06-30,2025-07-05,2025-07-09,Delayed,4.0,No,No,9,4,5.8037952338923215,721.6500000000001,0
ORD103860,CUST10116,2025-05-27,Chennai,Chennai,Hyderabad,794.4,Books,6,4.53,Road,Xpressbees,3391.22,523.44,6.23,2025-05-28,2025-06-04,2025-06-09,Delayed,2.0,Yes,No,12,5,4.268907351460221,3914.66,0
ORD102157,CUST12402,2025-04-21,Bengaluru,Bengaluru,Indore,197.4,Beauty,5,2.5,Road,Dtdc,852.86,229.15,5.27,2025-04-23,2025-04-29,2025-05-02,Delayed,2.0,No,No,9,3,4.320466058763931,1082.01,0
ORD101376,CUST10656,2025-11-13,Pune,Pune,Kolkata,304.8,Clothing,4,3.6,Rail,Delhivery,1018.84,386.48,8.38,2025-11-15,2025-11-21,2025-11-23,Delayed,3.0,No,No,8,2,3.3426509186351705,1405.3200000000002,0
ORD104481,CUST12349,2025-12-22,Hyderabad,Hyderabad,Ahmedabad,371.8,Beauty,1,6.13,Air,Dtdc,3313.59,394.21,4.6,2025-12-24,2025-12-27,2025-12-27,Delivered,5.0,No,No,3,0,8.912291554599246,3707.8,1
ORD103823,CUST11421,2025-08-30,Chennai,Chennai,Surat,446.2,Sports,4,2.36,Rail,Shadowfax,1566.33,399.23,9.77,2025-09-02,2025-09-09,2025-09-09,Delivered,4.0,No,No,7,0,3.5103765127745405,1965.56,1
ORD103615,CUST12631,2025-08-09,Mumbai,Mumbai,Kolkata,53.9,Sports,4,2.15,Road,Xpressbees,366.49,49.25,10.97,2025-08-11,2025-08-15,2025-08-21,Delayed,3.0,No,No,10,6,6.799443413729128,415.74,0
ORD101232,CUST10325,2025-03-07,Delhi,Delhi,Mumbai,251.0,Sports,3,6.08,Road,Shadowfax,1158.35,265.21,8.62,2025-03-10,2025-03-16,2025-03-19,Delayed,3.0,No,No,9,3,4.6149402390438246,1423.56,0
ORD101907,CUST12524,2025-05-22,Pune,Pune,Coimbatore,410.7,Home & Kitchen,1,2.92,Road,Xpressbees,1802.43,431.81,10.03,2025-05-24,2025-05-29,2025-05-29,Delivered,5.0,No,No,5,0,4.388677867056246,2234.2400000000002,1
ORD104509,CUST12654,2025-11-06,Hyderabad,Hyderabad,Kochi,619.4,Clothing,7,1.08,Rail,Blue Dart,2030.11,623.9,8.56,2025-11-08,2025-11-13,2025-11-13,Delivered,3.0,No,No,5,0,3.2775427833387147,2654.0099999999998,1
ORD102895,CUST11065,2025-12-21,Mumbai,Mumbai,Bengaluru,240.7,Sports,6,2.47,Rail,Blue Dart,964.67,198.72,12.13,2025-12-24,2025-12-29,2025-12-29,Delivered,4.0,No,No,5,0,4.007769007062734,1163.3899999999999,1
ORD102522,CUST12620,2025-10-02,Delhi,Delhi,Coimbatore,388.8,Books,7,1.68,Road,Shadowfax,1758.13,299.4,12.01,2025-10-05,2025-10-11,2025-10-11,Delivered,4.0,No,No,6,0,4.521939300411523,2057.53,1
ORD103580,CUST11357,2025-11-26,Chennai,Chennai,Bhopal,214.0,Electronics,2,15.46,Express,Delhivery,1780.25,197.98,3.93,2025-11-27,2025-12-01,2025-12-01,Delivered,3.0,No,No,4,0,8.31892523364486,1978.23,1
ORD100263,CUST10939,2025-06-09,Mumbai,Mumbai,Nagpur,819.9,Books,1,5.6,Air,Ecom Express,7451.4,783.05,14.13,2025-06-12,2025-06-17,2025-06-17,Delivered,3.0,No,No,5,0,9.088181485547018,8234.449999999999,1
ORD101837,CUST12460,2025-01-20,Chennai,Chennai,Coimbatore,904.5,Sports,3,3.78,Air,Dtdc,8262.66,619.3,6.52,2025-01-21,2025-01-24,2025-01-30,Delayed,4.0,No,No,9,6,9.135058043117745,8881.96,0
ORD101773,CUST10071,2025-03-12,Pune,Pune,Indore,104.0,Home & Kitchen,1,7.9,Road,Ecom Express,383.37,55.22,10.67,2025-03-14,2025-03-19,2025-03-21,Delayed,3.0,No,No,7,2,3.6862500000000002,438.59000000000003,0
ORD101902,CUST11571,2025-08-20,Hyderabad,Hyderabad,Mumbai,291.4,Electronics,5,4.9,Air,Xpressbees,2778.16,311.41,7.13,2025-08-22,2025-08-25,2025-08-25,Delivered,5.0,No,No,3,0,9.533836650652026,3089.5699999999997,1
ORD100204,CUST11484,2025-02-08,Pune,Pune,Nagpur,641.2,Clothing,5,12.3,Air,Ecom Express,6056.36,451.49,8.33,2025-02-11,2025-02-15,2025-02-15,Delivered,5.0,No,No,4,0,9.445352464129755,6507.849999999999,1
ORD102517,CUST11150,2025-10-23,Hyderabad,Hyderabad,Coimbatore,413.5,Sports,5,5.65,Road,Ecom Express,1906.22,384.01,4.44,2025-10-25,2025-10-31,2025-10-31,Delivered,4.0,No,No,6,0,4.609963724304716,2290.23,1
ORD100651,CUST10112,2025-09-14,Chennai,Chennai,Kochi,135.9,Automotive,2,6.74,Express,Ecom Express,1082.99,84.89,5.71,2025-09-15,2025-09-18,2025-09-20,Delayed,3.0,No,No,5,2,7.969021339220014,1167.88,0
ORD103206,CUST11639,2025-07-05,Delhi,Delhi,Bengaluru,191.3,Books,4,0.43,Road,Shadowfax,0.0,164.33,7.97,2025-07-07,2025-07-11,2025-07-11,Delivered,4.0,No,No,4,0,0.0,164.33,1
ORD100171,CUST10689,2025-09-13,Pune,Pune,Delhi,296.9,Sports,3,14.28,Express,Blue Dart,2306.35,235.76,7.51,2025-09-15,2025-09-17,2025-09-17,Delivered,5.0,No,No,2,0,7.7681037386325364,2542.1099999999997,1
ORD104690,CUST12731,2025-01-23,Pune,Pune,Jaipur,598.8,Sports,1,3.67,Road,Ecom Express,2577.47,700.66,10.82,2025-01-26,2025-01-31,2025-01-31,Delivered,4.0,No,No,5,0,4.3043921175684705,3278.1299999999997,1
ORD104001,CUST10442,2025-12-15,Chennai,Chennai,Jaipur,635.9,Home & Kitchen,1,10.62,Road,Ecom Express,2882.64,765.9,6.46,2025-12-17,2025-12-24,2025-12-25,Delayed,3.0,No,No,8,1,4.5331655920742255,3648.54,0
ORD104351,CUST12035,2025-12-19,Chennai,Chennai,Nagpur,543.4,Home & Kitchen,1,5.79,Rail,Delhivery,1738.8,613.77,8.12,2025-12-22,2025-12-28,2025-12-28,Delivered,4.0,No,No,6,0,3.1998527788001474,2352.5699999999997,1
ORD100627,CUST10037,2025-02-21,Mumbai,Mumbai,Vijayawada,390.2,Books,7,3.34,Express,Delhivery,2900.62,313.32,8.51,2025-02-23,2025-02-28,2025-02-28,Delivered,4.0,No,No,5,0,7.433675038441825,3213.94,1
ORD102324,CUST11118,2025-05-09,Chennai,Chennai,Lucknow,421.2,Clothing,2,7.08,Rail,Blue Dart,1401.28,304.44,9.95,2025-05-11,2025-05-17,2025-05-17,Delivered,5.0,No,No,6,0,3.32687559354226,1705.72,1
ORD103110,CUST11254,2025-02-01,Pune,Pune,Indore,393.1,Electronics,1,2.35,Road,Shadowfax,1583.08,422.85,8.96,2025-02-03,2025-02-08,2025-02-09,Delayed,2.0,No,Yes,6,1,4.027168659374205,2005.9299999999998,0
ORD101131,CUST10051,2025-05-17,Hyderabad,Hyderabad,Surat,223.8,Automotive,7,1.52,Air,Blue Dart,0.0,226.23,4.84,2025-05-18,2025-05-20,2025-05-20,Delivered,5.0,No,No,2,0,0.0,226.23,1
ORD104033,CUST10166,2025-10-04,Bengaluru,Bengaluru,Surat,110.1,Beauty,5,6.32,Road,Shadowfax,666.27,99.12,9.99,2025-10-07,2025-10-13,2025-10-13,Delivered,5.0,No,No,6,0,6.0514986376021795,765.39,1
ORD102335,CUST10623,2025-01-20,Delhi,Delhi,Vijayawada,182.7,Beauty,5,9.47,Road,Delhivery,915.56,115.95,10.98,2025-01-22,2025-01-29,2025-01-29,Delivered,5.0,No,No,7,0,5.011275314723591,1031.51,1
ORD102300,CUST12161,2025-09-21,Delhi,Delhi,Chennai,190.6,Automotive,4,13.17,Road,Shadowfax,1122.69,226.17,11.67,2025-09-24,2025-09-29,2025-09-29,Delivered,4.0,No,No,5,0,5.890293809024135,1348.8600000000001,1
ORD103058,CUST11652,2025-10-30,Pune,Pune,Indore,779.8,Sports,6,7.56,Road,Xpressbees,3462.83,761.03,5.35,2025-10-31,2025-11-06,2025-11-06,Delivered,5.0,Yes,No,6,0,4.440664272890485,4223.86,1
ORD102732,CUST11671,2025-06-18,Mumbai,Mumbai,Surat,250.4,Automotive,7,7.44,Road,Delhivery,1328.29,255.7,10.78,2025-06-22,2025-06-26,2025-06-28,Delayed,4.0,No,No,6,2,5.304672523961661,1583.99,0
ORD101973,CUST10834,2025-08-19,Pune,Pune,Chennai,765.3,Home & Kitchen,6,10.01,Road,Xpressbees,3546.38,857.74,8.31,2025-08-22,2025-08-28,2025-08-30,Delayed,3.0,No,No,8,2,4.633973605122175,4404.12,0
ORD101954,CUST12049,2025-12-07,Hyderabad,Hyderabad,Bhopal,187.4,Clothing,6,4.31,Road,Xpressbees,982.11,240.51,6.72,2025-12-09,2025-12-14,2025-12-14,Delivered,5.0,Yes,No,5,0,5.2407150480256135,1222.62,1
ORD102792,CUST10839,2025-03-27,Bengaluru,Bengaluru,Nagpur,324.1,Clothing,3,1.42,Express,Shadowfax,2260.95,234.84,5.98,2025-03-29,2025-04-01,2025-04-01,Delivered,3.0,No,No,3,0,6.976087627275531,2495.79,1
ORD100981,CUST10635,2025-02-03,Bengaluru,Bengaluru,Hyderabad,803.5,Electronics,4,4.62,Road,Ecom Express,0.0,614.99,9.06,2025-02-06,2025-02-12,2025-02-12,Delivered,5.0,No,No,6,0,0.0,614.99,1
ORD102447,CUST11005,2025-05-27,Pune,Pune,Bengaluru,104.4,Electronics,4,4.15,Road,Delhivery,600.3,82.07,7.69,2025-05-30,2025-06-04,2025-06-04,Delivered,5.0,No,No,5,0,5.749999999999999,682.3699999999999,1
ORD101162,CUST10743,2025-05-18,Bengaluru,Bengaluru,Kolkata,566.1,Grocery,5,0.31,Road,Xpressbees,2511.3,592.29,6.73,2025-05-20,2025-05-27,2025-05-27,Delivered,5.0,No,No,7,0,4.436142024377319,3103.59,1
ORD102210,CUST12598,2025-07-11,Hyderabad,Hyderabad,Coimbatore,260.5,Books,2,8.59,Road,Delhivery,1244.71,139.02,5.11,2025-07-13,2025-07-19,2025-07-19,Delivered,5.0,No,No,6,0,4.778157389635317,1383.73,1
ORD100953,CUST12614,2025-10-03,Bengaluru,Bengaluru,Surat,417.1,Automotive,1,3.37,Rail,Dtdc,1458.15,435.17,7.22,2025-10-05,2025-10-12,2025-10-12,Delivered,3.0,No,No,7,0,3.4959242387916567,1893.3200000000002,1
ORD103135,CUST12522,2025-05-29,Bengaluru,Bengaluru,Visakhapatnam,248.4,Sports,7,10.04,Express,Blue Dart,2014.63,278.81,9.38,2025-05-31,2025-06-03,2025-06-03,Delivered,4.0,No,No,3,0,8.110426731078904,2293.44,1
ORD100141,CUST11339,2025-01-22,Mumbai,Mumbai,Indore,905.4,Sports,1,6.0,Road,Xpressbees,3991.1,966.7,11.57,2025-01-25,2025-01-31,2025-01-31,Delivered,5.0,No,No,6,0,4.408106914071129,4957.8,1
ORD100830,CUST10622,2025-11-29,Chennai,Chennai,Visakhapatnam,242.9,Clothing,2,2.36,Road,Dtdc,950.67,273.67,7.6,2025-12-01,2025-12-05,2025-12-05,Delivered,4.0,No,No,4,0,3.9138328530259363,1224.34,1
ORD104561,CUST10445,2025-09-17,Mumbai,Mumbai,Delhi,515.0,Automotive,5,2.37,Rail,Blue Dart,1749.62,554.79,7.55,2025-09-18,2025-09-25,2025-09-27,Delayed,4.0,No,No,9,2,3.3973203883495144,2304.41,0
ORD100170,CUST10321,2025-07-17,Delhi,Delhi,Mumbai,194.4,Clothing,4,0.92,Rail,Ecom Express,717.3,174.87,7.6,2025-07-19,2025-07-25,2025-07-31,Delayed,3.0,No,No,12,6,3.6898148148148144,892.17,0
ORD100529,CUST11628,2025-12-25,Hyderabad,Hyderabad,Lucknow,46.5,Home & Kitchen,2,3.95,Road,Blue Dart,354.22,55.37,3.25,2025-12-27,2026-01-01,2026-01-01,Delivered,5.0,No,No,5,0,7.617634408602151,409.59000000000003,1
ORD103262,CUST10720,2025-11-29,Chennai,Chennai,Hyderabad,315.1,Books,7,10.83,Road,Blue Dart,1507.37,292.42,4.22,2025-12-01,2025-12-07,2025-12-07,Delivered,5.0,No,No,6,0,4.78378292605522,1799.79,1
ORD102216,CUST10863,2025-02-25,Mumbai,Mumbai,Pune,233.4,Books,5,3.21,Express,Ecom Express,1645.32,219.85,13.82,2025-03-01,2025-03-03,2025-03-03,Delivered,5.0,No,No,2,0,7.049357326478149,1865.1699999999998,1
ORD101577,CUST10175,2025-04-07,Delhi,Delhi,Indore,266.8,Books,6,5.41,Road,Shadowfax,1231.7,299.29,13.25,2025-04-10,2025-04-17,2025-04-17,Delivered,4.0,No,No,7,0,4.616566716641679,1530.99,1
ORD102020,CUST10642,2025-12-08,Hyderabad,Hyderabad,Jaipur,215.4,Beauty,1,11.27,Express,Ecom Express,1686.29,199.12,8.48,2025-12-10,2025-12-12,2025-12-12,Delivered,4.0,No,No,2,0,7.828644382544104,1885.4099999999999,1
ORD102179,CUST12335,2025-01-15,Chennai,Chennai,Jaipur,340.7,Clothing,2,10.65,Road,Dtdc,1762.0,387.47,8.59,2025-01-17,2025-01-22,2025-01-22,Delivered,5.0,No,No,5,0,5.171705312591723,2149.4700000000003,1
ORD101430,CUST10043,2025-05-02,Pune,Pune,Kolkata,194.9,Home & Kitchen,1,2.44,Road,Ecom Express,886.34,150.05,9.02,2025-05-04,2025-05-08,2025-05-08,Delivered,5.0,No,No,4,0,4.547665469471524,1036.39,1
ORD100766,CUST11428,2025-05-20,Pune,Pune,Kochi,138.4,Grocery,2,1.13,Road,Ecom Express,558.41,108.83,10.96,2025-05-23,2025-05-27,2025-05-27,Delivered,5.0,No,No,4,0,4.034754335260115,667.24,1
ORD100961,CUST11281,2025-07-05,Hyderabad,Hyderabad,Delhi,121.3,Grocery,7,10.6,Air,Delhivery,1347.22,165.91,2.58,2025-07-07,2025-07-09,2025-07-09,Delivered,4.0,No,No,2,0,11.10651277823578,1513.13,1
ORD104259,CUST12568,2025-12-15,Pune,Pune,Visakhapatnam,1626.9,Clothing,1,4.01,Road,Dtdc,7022.1,1143.22,8.16,2025-12-18,2025-12-26,2025-12-27,Delayed,4.0,No,Yes,9,1,4.3162456205052555,8165.320000000001,0
ORD104429,CUST10032,2025-12-01,Hyderabad,Hyderabad,Bengaluru,410.1,Electronics,6,6.94,Rail,Xpressbees,1563.43,422.77,7.46,2025-12-03,2025-12-09,2025-12-09,Delivered,3.0,No,No,6,0,3.812314069739088,1986.2,1
ORD101408,CUST12787,2025-12-21,Bengaluru,Bengaluru,Kolkata,364.3,Home & Kitchen,3,3.75,Rail,Dtdc,1212.98,345.32,12.55,2025-12-24,2025-12-29,2025-12-29,Delivered,5.0,No,No,5,0,3.329618446335438,1558.3,1
ORD100594,CUST10825,2025-06-30,Pune,Pune,Indore,295.6,Grocery,2,9.13,Air,Ecom Express,2821.8,316.93,9.9,2025-07-03,2025-07-05,2025-07-05,Delivered,5.0,No,No,2,0,9.546008119079838,3138.73,1
ORD102703,CUST10053,2025-04-05,Hyderabad,Hyderabad,Coimbatore,396.1,Automotive,5,6.19,Road,Delhivery,1793.45,433.79,6.69,2025-04-08,2025-04-11,2025-04-11,Delivered,4.0,No,No,3,0,4.527770764958344,2227.2400000000002,1
ORD103000,CUST10248,2025-07-19,Chennai,Chennai,Delhi,594.6,Clothing,2,2.38,Rail,Dtdc,1906.09,457.52,7.91,2025-07-22,2025-07-29,2025-07-29,Delivered,5.0,No,No,7,0,3.205667675748402,2363.6099999999997,1
ORD100649,CUST12468,2025-03-13,Hyderabad,Hyderabad,Kochi,263.1,Automotive,7,4.23,Air,Ecom Express,2549.67,230.85,5.96,2025-03-15,2025-03-18,2025-03-18,Delivered,4.0,No,No,3,0,9.690877993158495,2780.52,1
ORD103157,CUST10328,2025-06-10,Pune,Pune,Bengaluru,401.9,Grocery,6,2.55,Air,Ecom Express,3763.91,293.48,12.41,2025-06-13,2025-06-16,2025-06-17,Delayed,3.0,No,No,4,1,9.365289873102762,4057.39,0
ORD101464,CUST12090,2025-01-12,Chennai,Chennai,Surat,75.4,Sports,1,9.29,Express,Delhivery,632.62,83.07,8.8,2025-01-14,2025-01-17,2025-01-17,Delivered,5.0,No,No,3,0,8.390185676392573,715.69,1
ORD100318,CUST11947,2025-05-30,Mumbai,Mumbai,Kochi,901.6,Beauty,6,3.31,Express,Ecom Express,6477.26,1007.07,7.5,2025-06-01,2025-06-07,2025-06-07,Delivered,5.0,No,No,6,0,7.184183673469388,7484.33,1
ORD103994,CUST12484,2025-03-27,Hyderabad,Hyderabad,Kochi,388.3,Electronics,5,5.86,Air,Blue Dart,3589.2,238.75,7.27,2025-03-29,2025-04-01,2025-04-01,Delivered,4.0,No,No,3,0,9.243368529487508,3827.95,1
ORD103868,CUST10415,2025-12-17,Delhi,Delhi,Pune,316.7,Clothing,4,10.52,Road,Delhivery,1626.94,346.71,10.56,2025-12-19,2025-12-24,2025-12-24,Delivered,4.0,No,Yes,5,0,5.137164508999053,1973.65,1
ORD103054,CUST10486,2025-11-06,Delhi,Delhi,Visakhapatnam,1101.6,Grocery,7,1.6,Air,Delhivery,9923.36,881.7,10.49,2025-11-09,2025-11-13,2025-11-14,Delayed,4.0,No,No,5,1,9.0081336238199,10805.060000000001,0
ORD101189,CUST11036,2025-12-10,Hyderabad,Hyderabad,Surat,1065.1,Beauty,4,2.26,Road,Blue Dart,4485.55,1181.9,4.29,2025-12-12,2025-12-20,2025-12-24,Delayed,4.0,No,Yes,12,4,4.211388602009202,5667.450000000001,0
ORD101890,CUST10717,2025-03-06,Bengaluru,Bengaluru,Indore,476.0,Clothing,3,3.12,Road,Dtdc,2065.82,366.4,7.37,2025-03-08,2025-03-13,2025-03-13,Delivered,4.0,No,No,5,0,4.339957983193278,2432.2200000000003,1
ORD100094,CUST12477,2025-01-25,Delhi,Delhi,Pune,149.3,Clothing,4,3.61,Road,Ecom Express,642.99,167.55,12.13,2025-01-28,2025-02-03,2025-02-03,Delivered,5.0,No,No,6,0,4.30669792364367,810.54,1
ORD101663,CUST10761,2025-10-16,Chennai,Chennai,Jaipur,144.8,Electronics,7,3.98,Rail,Dtdc,605.19,177.7,8.71,2025-10-18,2025-10-24,2025-10-24,Delivered,4.0,No,No,6,0,4.179488950276244,782.8900000000001,1
ORD103996,CUST11091,2025-08-08,Delhi,Delhi,Ahmedabad,199.6,Sports,1,2.66,Road,Blue Dart,900.45,153.3,13.55,2025-08-11,2025-08-17,2025-08-17,Delivered,5.0,No,No,6,0,4.511272545090181,1053.75,1
ORD104098,CUST11182,2025-01-31,Mumbai,Mumbai,Nagpur,378.3,Sports,7,4.52,Road,Blue Dart,1722.51,279.95,11.28,2025-02-03,2025-02-09,2025-02-09,Delivered,5.0,No,No,6,0,4.553291038858049,2002.46,1
ORD100794,CUST10886,2025-10-20,Pune,Pune,Lucknow,94.0,Automotive,4,0.35,Express,Ecom Express,657.16,95.36,11.42,2025-10-23,2025-10-27,2025-10-27,Delivered,4.0,No,No,4,0,6.991063829787234,752.52,1
ORD104766,CUST10714,2025-09-07,Pune,Pune,Surat,349.2,Electronics,4,14.56,Rail,Delhivery,1372.84,279.72,11.48,2025-09-10,2025-09-16,2025-09-16,Delivered,4.0,No,No,6,0,3.931386025200458,1652.56,1
ORD101916,CUST10761,2025-11-14,Mumbai,Mumbai,Surat,207.6,Home & Kitchen,7,3.29,Express,Delhivery,1672.86,160.44,12.13,2025-11-18,2025-11-22,2025-11-22,Delivered,5.0,No,No,4,0,8.058092485549132,1833.3,1
ORD104752,CUST12199,2025-01-03,Bengaluru,Bengaluru,Lucknow,944.1,Sports,5,12.22,Air,Blue Dart,8666.1,1073.01,9.63,2025-01-06,2025-01-10,2025-01-10,Delivered,4.0,No,No,4,0,9.179218303145854,9739.11,1
ORD103125,CUST10769,2025-07-12,Pune,Pune,Visakhapatnam,449.9,Books,4,4.66,Road,Xpressbees,2019.36,429.26,10.74,2025-07-14,2025-07-21,2025-07-21,Delivered,5.0,No,No,7,0,4.48846410313403,2448.62,1
ORD104558,CUST11077,2025-02-02,Hyderabad,Hyderabad,Nagpur,157.8,Clothing,7,6.91,Road,Delhivery,834.9,140.3,6.91,2025-02-04,2025-02-09,2025-02-09,Delivered,5.0,No,No,5,0,5.2908745247148286,975.2,1
ORD104831,CUST10017,2025-12-26,Pune,Pune,Chennai,717.0,Beauty,2,12.18,Road,Delhivery,3254.83,838.97,10.0,2025-12-29,2026-01-03,2026-01-03,Delivered,4.0,No,No,5,0,4.5395118549511855,4093.8,1
ORD104391,CUST10475,2025-11-03,Bengaluru,Bengaluru,Nagpur,341.3,Books,7,9.08,Rail,Ecom Express,1460.89,228.56,10.51,2025-11-05,2025-11-10,2025-11-10,Delivered,5.0,No,No,5,0,4.28036917667741,1689.45,1
ORD101539,CUST11178,2025-04-03,Pune,Pune,Surat,239.3,Automotive,6,7.09,Rail,Blue Dart,964.81,177.94,8.62,2025-04-05,2025-04-12,2025-04-12,Delivered,4.0,No,No,7,0,4.0318010865022975,1142.75,1
ORD100020,CUST11169,2025-07-29,Mumbai,Mumbai,Visakhapatnam,505.4,Books,2,3.46,Road,Dtdc,2167.85,298.96,9.15,2025-07-31,2025-08-05,2025-08-05,Delivered,5.0,No,No,5,0,4.289374752671152,2466.81,1
ORD104697,CUST11636,2025-02-18,Chennai,Chennai,Mumbai,1365.4,Automotive,4,4.57,Road,Xpressbees,5795.01,1463.45,6.02,2025-02-20,2025-03-01,2025-03-01,Delivered,5.0,No,No,9,0,4.244184854255163,7258.46,1
ORD100947,CUST12094,2025-08-20,Hyderabad,Hyderabad,Lucknow,214.2,Clothing,5,0.68,Road,Delhivery,935.5,130.07,5.74,2025-08-22,2025-08-28,2025-08-28,Delivered,5.0,No,No,6,0,4.367413632119515,1065.57,1
ORD103006,CUST12392,2025-10-12,Hyderabad,Hyderabad,Indore,276.0,Grocery,4,4.09,Express,Xpressbees,2215.9,319.6,6.43,2025-10-14,2025-10-17,2025-10-17,Delivered,4.0,No,No,3,0,8.028623188405797,2535.5,1
ORD104486,CUST10941,2025-10-31,Hyderabad,Hyderabad,Vijayawada,412.5,Beauty,2,3.23,Rail,Dtdc,1454.99,300.41,8.34,2025-11-02,2025-11-08,2025-11-08,Delivered,5.0,No,No,6,0,3.527248484848485,1755.4,1
ORD100456,CUST10115,2025-04-26,Bengaluru,Bengaluru,Delhi,357.2,Sports,5,9.71,Express,Xpressbees,2679.52,267.66,9.55,2025-04-29,2025-05-02,2025-05-03,Delayed,3.0,No,No,4,1,7.5014557670772675,2947.18,0
ORD100902,CUST10046,2025-10-06,Delhi,Delhi,Lucknow,540.9,Electronics,5,2.3,Road,Dtdc,2420.67,443.32,7.17,2025-10-08,2025-10-15,2025-10-15,Delivered,5.0,No,No,7,0,4.47526344980588,2863.9900000000002,1
ORD100465,CUST11071,2025-07-01,Pune,Pune,Ahmedabad,454.2,Beauty,5,3.21,Road,Xpressbees,2070.25,364.18,12.14,2025-07-03,2025-07-08,2025-07-08,Delivered,4.0,No,No,5,0,4.558014090708939,2434.43,1
ORD100167,CUST11275,2025-03-21,Bengaluru,Bengaluru,Kolkata,86.1,Home & Kitchen,6,11.79,Road,Blue Dart,616.01,112.66,5.62,2025-03-23,2025-03-29,2025-03-29,Delivered,5.0,No,No,6,0,7.154587688734031,728.67,1
ORD103392,CUST11969,2025-03-09,Mumbai,Mumbai,Visakhapatnam,427.6,Beauty,5,9.02,Road,Dtdc,1931.69,440.88,8.14,2025-03-12,2025-03-17,2025-03-17,Delivered,5.0,No,No,5,0,4.5175163704396635,2372.57,1
ORD101075,CUST12324,2025-01-19,Bengaluru,Bengaluru,Visakhapatnam,153.0,Automotive,1,8.05,Air,Xpressbees,1587.86,170.66,9.83,2025-01-22,2025-01-25,2025-01-29,Delayed,4.0,No,No,7,4,10.378169934640523,1758.52,0
ORD103871,CUST12620,2025-11-13,Bengaluru,Bengaluru,Visakhapatnam,222.8,Books,2,14.86,Air,Dtdc,2327.71,213.9,9.71,2025-11-14,2025-11-17,2025-11-17,Delivered,5.0,No,No,3,0,10.447531418312387,2541.61,1
ORD102330,CUST12372,2025-12-31,Chennai,Chennai,Pune,472.8,Beauty,1,3.64,Rail,Delhivery,1582.55,441.29,4.17,2026-01-01,2026-01-07,2026-01-14,Delayed,4.0,No,No,13,7,3.3471869712351943,2023.84,0
ORD102478,CUST11671,2025-03-17,Chennai,Chennai,Coimbatore,225.3,Sports,7,0.35,Road,Ecom Express,1026.34,145.38,3.46,2025-03-18,2025-03-23,2025-03-23,Delivered,4.0,No,No,5,0,4.555437194851309,1171.7199999999998,1
ORD103243,CUST11310,2025-02-11,Mumbai,Mumbai,Kolkata,270.3,Clothing,2,7.09,Road,Xpressbees,1342.77,210.24,10.21,2025-02-14,2025-02-19,2025-02-19,Delivered,4.0,No,No,5,0,4.9677025527192,1553.01,1
ORD101238,CUST10882,2025-12-01,Hyderabad,Hyderabad,Kochi,72.6,Clothing,6,8.95,Rail,Delhivery,553.12,20.0,4.76,2025-12-03,2025-12-09,2025-12-09,Delivered,4.0,No,No,6,0,7.618732782369147,573.12,1
ORD101968,CUST10402,2025-07-25,Chennai,Chennai,Delhi,249.1,Books,4,3.68,Air,Ecom Express,2431.38,273.08,8.64,2025-07-27,2025-07-29,2025-07-29,Delivered,4.0,No,No,2,0,9.760658370132477,2704.46,1
ORD103682,CUST10625,2025-12-02,Pune,Pune,Ahmedabad,703.6,Books,5,0.61,Express,Ecom Express,4993.89,682.99,10.86,2025-12-05,2025-12-09,2025-12-09,Delivered,5.0,No,No,4,0,7.097626492325185,5676.88,1
ORD101963,CUST12163,2025-04-13,Delhi,Delhi,Bengaluru,431.7,Automotive,4,3.71,Air,Xpressbees,4029.56,467.35,9.61,2025-04-16,2025-04-18,2025-04-18,Delivered,5.0,No,No,2,0,9.334167245772527,4496.91,1
ORD100596,CUST10139,2025-10-06,Chennai,Chennai,Mumbai,1066.4,Automotive,7,2.85,Rail,Shadowfax,3589.16,1100.81,4.53,2025-10-08,2025-10-16,2025-10-16,Delivered,4.0,No,No,8,0,3.365678919729932,4689.969999999999,1
ORD102994,CUST11128,2025-08-31,Pune,Pune,Surat,456.7,Electronics,1,1.66,Rail,Delhivery,1558.23,347.42,8.34,2025-09-02,2025-09-09,2025-09-09,Delivered,5.0,Yes,No,7,0,3.411933435515656,1905.65,1
ORD104564,CUST11289,2025-11-06,Mumbai,Mumbai,Vijayawada,556.8,Books,4,2.03,Road,Dtdc,2407.53,537.06,13.46,2025-11-08,2025-11-14,2025-11-20,Delayed,3.0,No,No,12,6,4.323868534482759,2944.59,0
ORD103469,CUST11285,2025-01-05,Hyderabad,Hyderabad,Jaipur,477.4,Sports,7,5.23,Road,Blue Dart,2025.82,390.21,6.86,2025-01-07,2025-01-13,2025-01-13,Delivered,4.0,No,No,6,0,4.243443653121073,2416.0299999999997,1
ORD103310,CUST11058,2025-08-20,Chennai,Chennai,Mumbai,287.7,Grocery,7,3.81,Road,Shadowfax,1417.23,330.53,7.25,2025-08-23,2025-08-29,2025-08-29,Delivered,3.0,No,No,6,0,4.92606882168926,1747.76,1
ORD100385,CUST10590,2025-09-24,Mumbai,Mumbai,Coimbatore,656.6,Sports,5,0.4,Road,Shadowfax,2695.91,469.46,11.33,2025-09-25,2025-10-01,2025-10-03,Delayed,3.0,No,No,8,2,4.105863539445629,3165.37,0
ORD101322,CUST11802,2025-08-11,Delhi,Delhi,Lucknow,822.0,Automotive,6,3.74,Road,Blue Dart,3563.45,779.71,9.44,2025-08-13,2025-08-20,2025-08-20,Delivered,4.0,No,No,7,0,4.335097323600973,4343.16,1
ORD103545,CUST11671,2025-08-07,Chennai,Chennai,Indore,193.2,Electronics,2,4.24,Road,Shadowfax,0.0,103.89,5.21,2025-08-09,2025-08-14,2025-08-14,Delivered,4.0,No,No,5,0,0.0,103.89,1
ORD100721,CUST11730,2025-08-22,Delhi,Delhi,Lucknow,467.9,Home & Kitchen,7,9.21,Road,Delhivery,2318.65,403.97,7.57,2025-08-25,2025-08-30,2025-09-02,Delayed,3.0,No,No,8,3,4.95543919640949,2722.62,0
ORD104146,CUST12524,2025-12-30,Bengaluru,Bengaluru,Kochi,382.0,Electronics,7,1.89,Rail,Shadowfax,1333.09,254.47,2.0,2025-12-31,2026-01-05,2026-01-05,Delivered,4.0,No,No,5,0,3.489764397905759,1587.56,1
ORD101233,CUST11202,2025-11-08,Bengaluru,Bengaluru,Indore,240.5,Electronics,1,4.92,Express,Dtdc,1754.77,264.59,7.15,2025-11-11,2025-11-14,2025-11-14,Delivered,4.0,No,No,3,0,7.2963409563409565,2019.36,1
ORD103346,CUST12730,2025-10-03,Hyderabad,Hyderabad,Ahmedabad,133.7,Grocery,1,12.9,Road,Shadowfax,757.46,95.29,9.1,2025-10-04,2025-10-09,2025-10-09,Delivered,5.0,No,Yes,5,0,5.665370231862379,852.75,1
ORD100097,CUST11051,2025-10-06,Pune,Pune,Delhi,888.8,Automotive,4,3.4,Road,Blue Dart,3827.02,659.86,8.01,2025-10-08,2025-10-15,2025-10-15,Delivered,5.0,No,No,7,0,4.305828082808281,4486.88,1
ORD101570,CUST12522,2025-09-19,Bengaluru,Bengaluru,Bhopal,579.4,Grocery,6,6.01,Road,Shadowfax,2684.09,625.07,9.14,2025-09-21,2025-09-25,2025-09-25,Delivered,5.0,No,No,4,0,4.632533655505696,3309.1600000000003,1
ORD102220,CUST11264,2025-04-27,Hyderabad,Hyderabad,Kolkata,216.3,Beauty,1,1.21,Express,Ecom Express,1575.5,166.21,10.4,2025-04-29,2025-05-03,2025-05-06,Delayed,3.0,No,No,7,3,7.283865002311604,1741.71,0
ORD102224,CUST10574,2025-09-02,Bengaluru,Bengaluru,Hyderabad,168.4,Electronics,5,6.2,Road,Blue Dart,905.93,114.67,8.75,2025-09-05,2025-09-09,2025-09-09,Delivered,4.0,No,No,4,0,5.379631828978622,1020.5999999999999,1
ORD101490,CUST11668,2025-05-03,Pune,Pune,Jaipur,594.1,Grocery,1,5.19,Road,Shadowfax,2664.66,457.85,8.9,2025-05-05,2025-05-10,2025-05-15,Delayed,4.0,No,No,10,5,4.4852045110250796,3122.5099999999998,0
ORD104900,CUST11345,2025-03-27,Pune,Pune,Kolkata,177.7,Beauty,6,5.47,Air,Shadowfax,1678.94,37.08,11.49,2025-03-31,2025-04-03,2025-04-03,Delivered,5.0,No,No,3,0,9.448171074845245,1716.02,1
ORD102095,CUST11296,2025-06-28,Delhi,Delhi,Indore,98.5,Automotive,7,5.61,Road,Dtdc,621.59,0.0,8.89,2025-06-29,2025-07-04,2025-07-04,Delivered,4.0,No,No,5,0,6.3105583756345185,621.59,1
ORD100363,CUST12188,2025-03-08,Mumbai,Mumbai,Jaipur,669.4,Sports,5,6.35,Rail,Delhivery,2216.1,580.52,13.58,2025-03-11,2025-03-18,2025-03-20,Delayed,4.0,No,No,9,2,3.3105766357932476,2796.62,0
ORD103212,CUST10676,2025-11-23,Bengaluru,Bengaluru,Surat,762.5,Books,4,8.21,Road,Ecom Express,3348.58,740.17,3.74,2025-11-24,2025-11-29,2025-11-29,Delivered,5.0,No,No,5,0,4.391580327868852,4088.75,1
ORD100360,CUST10662,2025-06-20,Delhi,Delhi,Visakhapatnam,753.3,Electronics,5,3.57,Road,Delhivery,3353.17,772.34,12.52,2025-06-23,2025-06-30,2025-06-30,Delivered,5.0,No,No,7,0,4.451307579981416,4125.51,1
ORD104768,CUST12027,2025-07-05,Mumbai,Mumbai,Pune,1269.0,Clothing,3,4.48,Air,Xpressbees,11607.66,931.63,13.52,2025-07-09,2025-07-14,2025-07-15,Delayed,4.0,Yes,No,6,1,9.14709219858156,12539.289999999999,0
ORD102003,CUST10408,2025-04-30,Bengaluru,Bengaluru,Coimbatore,481.4,Clothing,2,0.51,Road,Dtdc,2124.21,389.42,7.84,2025-05-02,2025-05-07,2025-05-09,Delayed,4.0,No,No,7,2,4.412567511425011,2513.63,0
ORD100616,CUST11252,2025-05-26,Mumbai,Mumbai,Chennai,122.4,Clothing,7,12.56,Air,Dtdc,1422.78,90.41,8.76,2025-05-29,2025-05-31,2025-05-31,Delivered,5.0,No,No,2,0,11.624019607843136,1513.19,1
ORD102900,CUST12763,2025-02-25,Delhi,Delhi,Ahmedabad,728.0,Grocery,2,2.42,Rail,Blue Dart,0.0,623.79,10.4,2025-02-28,2025-03-08,2025-03-08,Delivered,4.0,No,Yes,8,0,0.0,623.79,1
ORD100454,CUST10577,2025-06-20,Hyderabad,Hyderabad,Coimbatore,616.3,Clothing,3,6.43,Air,Shadowfax,5592.18,510.55,6.67,2025-06-22,2025-06-26,2025-06-26,Delivered,5.0,No,No,4,0,9.073795229595977,6102.7300000000005,1
ORD103356,CUST10905,2025-12-04,Pune,Pune,Chennai,132.6,Grocery,5,4.05,Road,Shadowfax,760.75,92.03,7.97,2025-12-06,2025-12-10,2025-12-13,Delayed,2.0,No,No,7,3,5.737179487179487,852.78,0
ORD101504,CUST12265,2025-03-16,Mumbai,Mumbai,Jaipur,296.2,Clothing,2,1.82,Road,Shadowfax,1286.56,203.87,12.08,2025-03-19,2025-03-24,2025-03-24,Delivered,4.0,No,No,5,0,4.343551654287643,1490.4299999999998,1
ORD103845,CUST12227,2025-04-21,Chennai,Chennai,Bhopal,221.7,Clothing,4,2.3,Rail,Delhivery,825.78,236.85,8.87,2025-04-24,2025-04-29,2025-05-01,Delayed,4.0,No,No,7,2,3.724763193504736,1062.6299999999999,0
ORD102749,CUST11200,2025-07-24,Delhi,Delhi,Bengaluru,360.4,Clothing,3,7.02,Express,Shadowfax,2714.15,313.38,10.55,2025-07-27,2025-07-29,2025-07-29,Delivered,5.0,No,No,2,0,7.530937846836848,3027.53,1
ORD101095,CUST11192,2025-11-24,Pune,Pune,Bengaluru,377.7,Clothing,4,8.65,Road,Delhivery,1727.53,354.69,5.86,2025-11-26,2025-11-30,2025-12-04,Delayed,4.0,Yes,No,8,4,4.573815197246492,2082.22,0
ORD103330,CUST12614,2025-09-17,Pune,Pune,Kochi,392.5,Grocery,1,4.72,Road,Blue Dart,1689.71,421.04,12.71,2025-09-20,2025-09-26,2025-09-26,Delivered,5.0,No,No,6,0,4.304993630573248,2110.75,1
ORD100898,CUST12116,2025-03-02,Pune,Pune,Surat,543.0,Sports,7,14.4,Road,Blue Dart,2563.07,348.99,11.16,2025-03-05,2025-03-10,2025-03-10,Delivered,4.0,No,No,5,0,4.720202578268877,2912.0600000000004,1
ORD104977,CUST10882,2025-04-21,Pune,Pune,Kochi,989.4,Books,1,1.53,Rail,Shadowfax,3276.34,977.43,9.59,2025-04-24,2025-05-01,2025-05-03,Delayed,3.0,No,No,9,2,3.311441277541945,4253.77,0
ORD103046,CUST12658,2025-06-13,Hyderabad,Hyderabad,Visakhapatnam,786.3,Clothing,3,10.28,Rail,Ecom Express,2616.71,528.75,8.74,2025-06-15,2025-06-21,2025-06-21,Delivered,5.0,No,No,6,0,3.3278774004832763,3145.46,1
ORD100431,CUST11753,2025-04-18,Pune,Pune,Jaipur,168.9,Grocery,4,4.28,Road,Delhivery,874.49,213.31,9.65,2025-04-21,2025-04-26,2025-04-26,Delivered,5.0,No,No,5,0,5.177560686796921,1087.8,1
ORD104414,CUST10878,2025-12-26,Bengaluru,Bengaluru,Bhopal,185.9,Books,2,5.8,Road,Delhivery,933.19,242.08,11.7,2025-12-29,2026-01-03,2026-01-09,Delayed,4.0,No,No,11,6,5.019849381387843,1175.27,0
ORD102361,CUST10842,2025-04-11,Pune,Pune,Ahmedabad,188.7,Books,3,1.12,Road,Shadowfax,737.46,163.73,6.89,2025-04-14,2025-04-19,2025-04-19,Delivered,5.0,No,No,5,0,3.9081081081081086,901.19,1
ORD104539,CUST10907,2025-08-09,Pune,Pune,Mumbai,338.5,Electronics,5,2.87,Road,Blue Dart,1562.75,270.17,9.27,2025-08-12,2025-08-18,2025-08-18,Delivered,4.0,No,No,6,0,4.616691285081241,1832.92,1
ORD101717,CUST10267,2025-07-01,Mumbai,Mumbai,Jaipur,674.3,Beauty,1,7.81,Air,Shadowfax,6221.58,485.09,10.79,2025-07-04,2025-07-07,2025-07-09,Delayed,4.0,No,No,5,2,9.226724010084533,6706.67,0
ORD100978,CUST10241,2025-01-22,Pune,Pune,Bhopal,655.6,Clothing,4,3.19,Express,Xpressbees,4591.74,599.38,9.86,2025-01-24,2025-01-28,2025-01-28,Delivered,3.0,No,No,4,0,7.0038743136058565,5191.12,1
ORD100665,CUST10401,2025-11-20,Hyderabad,Hyderabad,Mumbai,170.5,Books,1,11.02,Road,Blue Dart,777.82,201.17,8.58,2025-11-21,2025-11-26,2025-11-26,Delivered,4.0,No,No,5,0,4.561994134897361,978.99,1
ORD101040,CUST11656,2025-07-04,Bengaluru,Bengaluru,Bhopal,205.3,Automotive,7,1.81,Road,Shadowfax,1124.09,242.9,7.8,2025-07-07,2025-07-11,2025-07-13,Delayed,4.0,No,No,6,2,5.475353141743789,1366.99,0
ORD102013,CUST11733,2025-03-22,Bengaluru,Bengaluru,Chennai,630.8,Grocery,4,2.25,Express,Ecom Express,4556.66,509.76,7.56,2025-03-24,2025-03-28,2025-04-02,Delayed,4.0,No,No,9,5,7.223620798985416,5066.42,0
ORD100168,CUST10455,2025-04-18,Mumbai,Mumbai,Surat,294.4,Automotive,7,1.64,Air,Xpressbees,2670.67,332.55,12.41,2025-04-21,2025-04-23,2025-04-25,Delayed,3.0,No,No,4,2,9.071569293478262,3003.2200000000003,0
ORD100620,CUST12154,2025-11-26,Hyderabad,Hyderabad,Kochi,96.9,Electronics,7,3.15,Rail,Dtdc,518.31,74.57,6.24,2025-11-28,2025-12-03,2025-12-03,Delivered,4.0,No,No,5,0,5.34891640866873,592.8799999999999,1
ORD101255,CUST10392,2025-06-23,Delhi,Delhi,Nagpur,173.2,Automotive,2,6.03,Road,Shadowfax,871.02,203.23,8.77,2025-06-26,2025-07-01,2025-07-01,Delivered,5.0,No,No,5,0,5.028983833718245,1074.25,1
ORD104672,CUST12274,2025-09-03,Bengaluru,Bengaluru,Ahmedabad,115.7,Books,4,4.36,Road,Dtdc,689.16,69.5,6.11,2025-09-05,2025-09-10,2025-09-10,Delivered,5.0,No,No,5,0,5.956439066551425,758.66,1
ORD100684,CUST10051,2025-02-12,Bengaluru,Bengaluru,Chennai,235.3,Home & Kitchen,1,2.51,Road,Xpressbees,1141.89,176.68,10.66,2025-02-14,2025-02-18,2025-02-18,Delivered,4.0,No,No,4,0,4.8529111772205695,1318.5700000000002,1
ORD104089,CUST10734,2025-09-27,Hyderabad,Hyderabad,Bhopal,376.8,Books,6,1.03,Road,Xpressbees,1695.17,430.56,2.0,2025-09-28,2025-10-03,2025-10-05,Delayed,5.0,No,No,7,2,4.49885881104034,2125.73,0
ORD103910,CUST10463,2025-09-24,Delhi,Delhi,Bengaluru,254.3,Sports,7,7.6,Road,Shadowfax,1241.12,252.41,10.69,2025-09-26,2025-09-30,2025-10-01,Delayed,4.0,No,No,5,1,4.88053480141565,1493.53,0
ORD100462,CUST10253,2025-10-25,Hyderabad,Hyderabad,Lucknow,224.0,Books,2,1.88,Express,Xpressbees,1625.53,150.44,9.28,2025-10-28,2025-10-31,2025-10-31,Delivered,4.0,No,No,3,0,7.256830357142857,1775.97,1
ORD101185,CUST11113,2025-08-25,Hyderabad,Hyderabad,Indore,544.6,Sports,6,5.0,Road,Shadowfax,2547.73,429.68,8.4,2025-08-28,2025-09-02,2025-09-02,Delivered,4.0,No,No,5,0,4.678167462357694,2977.41,1
ORD104056,CUST11518,2025-04-04,Chennai,Chennai,Delhi,103.6,Home & Kitchen,2,1.68,Rail,Delhivery,390.24,86.36,7.61,2025-04-06,2025-04-12,2025-04-12,Delivered,4.0,No,No,6,0,3.766795366795367,476.6,1
ORD101045,CUST11828,2025-01-15,Pune,Pune,Bhopal,262.1,Automotive,1,6.4,Road,Shadowfax,1343.68,202.4,12.0,2025-01-19,2025-01-24,2025-01-24,Delivered,4.0,No,No,5,0,5.126592903471957,1546.0800000000002,1
ORD103445,CUST12053,2025-04-03,Mumbai,Mumbai,Delhi,156.7,Beauty,6,7.57,Express,Shadowfax,1380.86,131.14,9.17,2025-04-04,2025-04-07,2025-04-07,Delivered,4.0,No,No,3,0,8.812125079770261,1512.0,1
ORD100951,CUST12124,2025-11-24,Pune,Pune,Bhopal,330.4,Automotive,3,0.61,Road,Dtdc,1475.86,246.34,9.26,2025-11-27,2025-12-02,2025-12-06,Delayed,3.0,No,No,9,4,4.466888619854721,1722.1999999999998,0
ORD101858,CUST11907,2025-02-21,Pune,Pune,Surat,234.7,Automotive,5,2.17,Air,Dtdc,2252.85,236.45,13.28,2025-02-25,2025-02-26,2025-02-26,Delivered,4.0,No,No,1,0,9.59884959522795,2489.2999999999997,1
ORD102661,CUST10353,2025-12-09,Bengaluru,Bengaluru,Surat,505.9,Clothing,2,4.6,Air,Delhivery,4519.63,387.45,7.54,2025-12-12,2025-12-15,2025-12-15,Delivered,4.0,No,No,3,0,8.93384067997628,4907.08,1
ORD101991,CUST11907,2025-03-02,Pune,Pune,Visakhapatnam,327.8,Sports,3,10.01,Express,Ecom Express,2462.93,293.64,8.31,2025-03-04,2025-03-07,2025-03-07,Delivered,5.0,No,No,3,0,7.513514338010982,2756.5699999999997,1
ORD104527,CUST10776,2025-09-12,Hyderabad,Hyderabad,Kolkata,252.1,Sports,1,7.34,Air,Delhivery,2377.81,187.28,4.69,2025-09-14,2025-09-16,2025-09-16,Delivered,5.0,No,No,2,0,9.432011106703689,2565.09,1
ORD101436,CUST10785,2025-04-25,Mumbai,Mumbai,Kolkata,131.4,Books,2,10.76,Express,Shadowfax,1147.21,104.19,11.08,2025-04-28,2025-05-01,2025-05-01,Delivered,5.0,No,No,3,0,8.730669710806698,1251.4,1
ORD101849,CUST12756,2025-06-07,Bengaluru,Bengaluru,Hyderabad,63.8,Beauty,1,8.26,Road,Ecom Express,402.67,118.52,9.8,2025-06-10,2025-06-15,2025-06-15,Delivered,4.0,No,No,5,0,6.311442006269593,521.19,1
ORD104274,CUST10557,2025-07-16,Pune,Pune,Jaipur,668.7,Books,4,11.94,Air,Delhivery,6280.29,606.33,12.67,2025-07-17,2025-07-21,2025-07-21,Delivered,5.0,No,No,4,0,9.39179004037685,6886.62,1
ORD102373,CUST10740,2025-12-17,Pune,Pune,Kochi,303.0,Clothing,6,4.24,Express,Dtdc,2309.56,326.97,9.63,2025-12-20,2025-12-23,2025-12-27,Delayed,4.0,No,No,7,4,7.622310231023103,2636.5299999999997,0
ORD104808,CUST11721,2025-03-20,Delhi,Delhi,Surat,210.3,Beauty,5,6.36,Air,Dtdc,2000.5,128.45,8.71,2025-03-21,2025-03-23,2025-03-23,Delivered,5.0,No,No,2,0,9.512601046124583,2128.95,1
ORD102643,CUST12393,2025-12-31,Hyderabad,Hyderabad,Vijayawada,458.5,Grocery,2,4.31,Rail,Blue Dart,1613.53,427.48,10.32,2026-01-03,2026-01-10,2026-01-10,Delivered,4.0,Yes,No,7,0,3.5191494002181023,2041.01,1
ORD102526,CUST10267,2025-11-27,Pune,Pune,Coimbatore,294.6,Books,5,4.18,Road,Blue Dart,1344.82,345.38,7.58,2025-11-30,2025-12-05,2025-12-05,Delivered,5.0,No,No,5,0,4.564901561439239,1690.1999999999998,1
ORD104627,CUST12265,2025-08-25,Chennai,Chennai,Coimbatore,129.9,Home & Kitchen,3,14.93,Rail,Xpressbees,715.3,83.6,5.18,2025-08-27,2025-09-02,2025-09-02,Delivered,4.0,No,No,6,0,5.5065434949961505,798.9,1
ORD102943,CUST12049,2025-12-04,Delhi,Delhi,Indore,355.3,Automotive,4,4.35,Express,Ecom Express,2556.3,236.51,11.28,2025-12-06,2025-12-07,2025-12-07,Delivered,4.0,No,No,1,0,7.194764987334647,2792.8100000000004,1
ORD102333,CUST12490,2025-05-28,Hyderabad,Hyderabad,Vijayawada,1080.9,Sports,4,3.9,Road,Dtdc,4514.16,929.3,6.65,2025-05-30,2025-06-06,2025-06-06,Delivered,5.0,No,No,7,0,4.176297529836247,5443.46,1
ORD104020,CUST10193,2025-11-08,Mumbai,Mumbai,Kolkata,349.6,Books,1,9.21,Road,Blue Dart,1474.69,282.69,10.62,2025-11-10,2025-11-15,2025-11-15,Delivered,4.0,No,No,5,0,4.218220823798627,1757.38,1
ORD104853,CUST12026,2025-10-31,Pune,Pune,Chennai,692.7,Sports,5,8.28,Express,Blue Dart,5111.81,639.87,7.2,2025-11-02,2025-11-06,2025-11-06,Delivered,5.0,No,No,4,0,7.379543814060921,5751.68,1
ORD100566,CUST10591,2025-07-18,Bengaluru,Bengaluru,Indore,164.7,Books,1,11.92,Air,Blue Dart,1649.38,180.15,8.11,2025-07-20,2025-07-22,2025-07-23,Delayed,3.0,No,Yes,3,1,10.014450516089862,1829.5300000000002,0
ORD102702,CUST11967,2025-09-14,Delhi,Delhi,Visakhapatnam,606.0,Home & Kitchen,4,5.56,Air,Dtdc,5567.37,590.52,10.64,2025-09-16,2025-09-20,2025-09-20,Delivered,5.0,No,No,4,0,9.187079207920792,6157.889999999999,1
ORD102754,CUST12024,2025-12-17,Hyderabad,Hyderabad,Lucknow,145.1,Home & Kitchen,2,3.25,Rail,Xpressbees,476.14,159.83,6.86,2025-12-19,2025-12-25,2025-12-25,Delivered,4.0,No,No,6,0,3.281461061337009,635.97,1
ORD102164,CUST12694,2025-01-31,Bengaluru,Bengaluru,Indore,658.6,Home & Kitchen,2,3.27,Road,Xpressbees,2843.87,584.61,9.1,2025-02-02,2025-02-09,2025-02-09,Delivered,5.0,No,No,7,0,4.3180534467051315,3428.48,1
ORD103970,CUST12653,2025-03-14,Chennai,Chennai,Hyderabad,429.0,Books,5,2.26,Rail,Blue Dart,1367.98,493.81,7.18,2025-03-16,2025-03-21,2025-03-23,Delayed,3.0,No,No,7,2,3.1887645687645687,1861.79,0
ORD103354,CUST12688,2025-03-08,Hyderabad,Hyderabad,Delhi,768.7,Grocery,4,9.21,Road,Xpressbees,3432.02,677.22,5.42,2025-03-10,2025-03-17,2025-03-17,Delivered,5.0,No,No,7,0,4.464706647586834,4109.24,1
ORD104197,CUST10254,2025-06-14,Bengaluru,Bengaluru,Chennai,355.5,Home & Kitchen,2,9.08,Road,Delhivery,1630.25,249.46,7.16,2025-06-17,2025-06-21,2025-06-21,Delivered,4.0,No,No,4,0,4.585794655414909,1879.71,1
ORD103319,CUST11561,2025-06-20,Mumbai,Mumbai,Hyderabad,184.1,Clothing,4,5.75,Air,Dtdc,1841.99,194.96,12.07,2025-06-22,2025-06-24,2025-06-24,Delivered,4.0,No,No,2,0,10.005377512221619,2036.95,1
ORD104053,CUST12037,2025-12-26,Pune,Pune,Visakhapatnam,535.8,Home & Kitchen,4,0.45,Road,Shadowfax,2410.41,433.84,7.09,2025-12-28,2026-01-03,2026-01-03,Delivered,4.0,No,No,6,0,4.498712206047032,2844.25,1
ORD101618,CUST12708,2025-04-13,Bengaluru,Bengaluru,Chennai,420.5,Books,2,5.0,Road,Dtdc,1873.17,347.27,7.86,2025-04-16,2025-04-22,2025-04-24,Delayed,4.0,No,No,8,2,4.454625445897741,2220.44,0
ORD102464,CUST10731,2025-10-10,Chennai,Chennai,Pune,63.7,Books,3,5.74,Road,Blue Dart,478.16,74.94,7.16,2025-10-12,2025-10-16,2025-10-16,Delivered,4.0,No,Yes,4,0,7.506436420722135,553.1,1
ORD101831,CUST12690,2025-06-26,Delhi,Delhi,Nagpur,375.2,Grocery,6,12.68,Road,Delhivery,1586.79,335.97,10.36,2025-06-27,2025-07-02,2025-07-02,Delivered,4.0,No,No,5,0,4.229184434968017,1922.76,1
ORD102974,CUST10539,2025-06-18,Bengaluru,Bengaluru,Indore,237.6,Electronics,4,19.45,Express,Ecom Express,2127.74,144.08,6.99,2025-06-20,2025-06-23,2025-06-23,Delivered,5.0,No,No,3,0,8.95513468013468,2271.8199999999997,1
ORD104592,CUST11804,2025-07-21,Bengaluru,Bengaluru,Coimbatore,135.7,Books,1,5.4,Road,Ecom Express,633.23,151.99,9.71,2025-07-23,2025-07-28,2025-08-01,Delayed,3.0,Yes,No,9,4,4.666396462785557,785.22,0
ORD104560,CUST12451,2025-06-03,Hyderabad,Hyderabad,Ahmedabad,66.9,Grocery,7,11.48,Express,Xpressbees,680.69,49.43,4.76,2025-06-06,2025-06-10,2025-06-10,Delivered,4.0,No,No,4,0,10.17473841554559,730.12,1
ORD101404,CUST10941,2025-09-13,Mumbai,Mumbai,Kochi,906.4,Clothing,6,1.29,Express,Shadowfax,6322.34,889.79,12.64,2025-09-16,2025-09-21,2025-09-21,Delivered,5.0,No,No,5,0,6.975220653133275,7212.13,1
ORD103166,CUST11120,2025-03-11,Hyderabad,Hyderabad,Bengaluru,394.3,Books,1,2.25,Road,Delhivery,1611.6,399.47,4.57,2025-03-13,2025-03-18,2025-03-18,Delivered,4.0,No,No,5,0,4.087243215825513,2011.07,1
ORD103651,CUST12734,2025-06-17,Bengaluru,Bengaluru,Kochi,178.6,Clothing,3,8.31,Express,Xpressbees,1425.59,131.69,5.91,2025-06-19,2025-06-21,2025-06-21,Delivered,5.0,No,No,2,0,7.982026875699888,1557.28,1
ORD100890,CUST10489,2025-03-25,Bengaluru,Bengaluru,Surat,754.1,Clothing,3,5.28,Road,Blue Dart,3190.89,569.75,9.73,2025-03-27,2025-04-02,2025-04-02,Delivered,5.0,No,No,6,0,4.231388410025195,3760.64,1
ORD102380,CUST10142,2025-11-08,Delhi,Delhi,Pune,847.0,Home & Kitchen,6,4.55,Road,Delhivery,3730.35,736.76,7.49,2025-11-10,2025-11-18,2025-11-21,Delayed,3.0,Yes,No,11,3,4.404191263282172,4467.11,0
ORD102523,CUST12745,2025-12-06,Delhi,Delhi,Pune,708.5,Automotive,2,2.22,Air,Blue Dart,6503.77,636.26,10.74,2025-12-08,2025-12-11,2025-12-11,Delivered,4.0,No,No,3,0,9.179633027522936,7140.030000000001,1
ORD100410,CUST11855,2025-05-28,Hyderabad,Hyderabad,Indore,83.8,Beauty,4,12.04,Road,Xpressbees,540.16,129.13,8.59,2025-06-01,2025-06-06,2025-06-06,Delivered,4.0,No,No,5,0,6.44582338902148,669.29,1
ORD101015,CUST10970,2025-02-18,Hyderabad,Hyderabad,Pune,984.0,Electronics,5,8.76,Road,Dtdc,4211.95,912.3,4.34,2025-02-19,2025-02-26,2025-02-26,Delivered,4.0,No,No,7,0,4.2804369918699186,5124.25,1
ORD100760,CUST10324,2025-11-09,Hyderabad,Hyderabad,Surat,718.4,Grocery,3,6.56,Air,Blue Dart,6636.33,699.22,4.7,2025-11-11,2025-11-16,2025-11-16,Delivered,4.0,No,No,5,0,9.23765311804009,7335.55,1
ORD100012,CUST11049,2025-04-18,Pune,Pune,Ahmedabad,558.6,Electronics,4,12.78,Road,Dtdc,2557.65,348.96,8.7,2025-04-20,2025-04-26,2025-04-27,Delayed,3.0,No,No,7,1,4.5786788399570355,2906.61,0
ORD104340,CUST10368,2025-05-26,Bengaluru,Bengaluru,Chennai,436.6,Home & Kitchen,1,10.88,Rail,Ecom Express,1747.54,429.22,8.4,2025-05-29,2025-06-06,2025-06-06,Delivered,4.0,No,No,8,0,4.002611085661933,2176.76,1
ORD101957,CUST11307,2025-11-24,Mumbai,Mumbai,Pune,342.8,Electronics,4,10.69,Road,Delhivery,1625.88,402.05,8.66,2025-11-26,2025-12-02,2025-12-02,Delivered,4.0,No,No,6,0,4.74294049008168,2027.93,1
ORD100715,CUST11167,2025-05-12,Hyderabad,Hyderabad,Bhopal,410.7,Grocery,6,2.17,Road,Dtdc,1736.29,401.12,7.93,2025-05-14,2025-05-20,2025-05-20,Delivered,4.0,No,No,6,0,4.22763574385196,2137.41,1
ORD101457,CUST11349,2025-12-07,Chennai,Chennai,Indore,228.6,Books,4,1.14,Rail,Blue Dart,902.85,195.43,8.28,2025-12-10,2025-12-16,2025-12-16,Delivered,4.0,No,No,6,0,3.9494750656167983,1098.28,1
ORD102414,CUST11860,2025-02-21,Hyderabad,Hyderabad,Surat,553.6,Sports,7,2.44,Road,Xpressbees,2373.17,445.59,4.85,2025-02-24,2025-03-03,2025-03-05,Delayed,4.0,No,No,9,2,4.286795520231214,2818.76,0
ORD100224,CUST11825,2025-08-23,Chennai,Chennai,Coimbatore,170.3,Grocery,6,1.87,Rail,Ecom Express,668.54,148.99,10.44,2025-08-25,2025-08-31,2025-08-31,Delivered,5.0,No,No,6,0,3.925660598943041,817.53,1
ORD104897,CUST11236,2025-06-08,Chennai,Chennai,Indore,954.4,Grocery,3,0.43,Road,Dtdc,4049.06,905.36,5.33,2025-06-09,2025-06-16,2025-06-16,Delivered,4.0,No,No,7,0,4.242518860016765,4954.42,1
ORD104833,CUST11071,2025-08-12,Pune,Pune,Kochi,914.5,Books,7,17.23,Express,Dtdc,6868.74,802.47,7.06,2025-08-13,2025-08-18,2025-08-23,Delayed,3.0,No,No,10,5,7.510924002186987,7671.21,0
ORD103099,CUST10186,2025-04-18,Delhi,Delhi,Kochi,234.9,Electronics,2,8.35,Road,Delhivery,1187.41,210.4,9.2,2025-04-21,2025-04-27,2025-04-27,Delivered,5.0,No,No,6,0,5.054959557258408,1397.8100000000002,1
ORD103918,CUST10627,2025-07-18,Hyderabad,Hyderabad,Nagpur,561.4,Automotive,6,7.09,Air,Shadowfax,5199.4,620.44,6.64,2025-07-19,2025-07-21,2025-07-21,Delivered,4.0,No,No,2,0,9.261489134307089,5819.84,1
ORD101159,CUST12521,2025-04-21,Pune,Pune,Nagpur,676.0,Clothing,3,3.29,Air,Delhivery,6293.96,527.52,10.5,2025-04-24,2025-04-26,2025-04-26,Delivered,4.0,No,No,2,0,9.310591715976331,6821.48,1
ORD100904,CUST12240,2025-01-21,Mumbai,Mumbai,Jaipur,557.0,Grocery,3,5.64,Road,Delhivery,2573.59,594.11,10.7,2025-01-23,2025-01-29,2025-01-29,Delivered,4.0,No,No,6,0,4.620448833034112,3167.7000000000003,1
ORD103623,CUST12534,2025-01-12,Mumbai,Mumbai,Chennai,587.3,Home & Kitchen,2,3.1,Road,Xpressbees,2389.85,652.61,11.2,2025-01-15,2025-01-22,2025-01-22,Delivered,5.0,No,No,7,0,4.069215051932573,3042.46,1
ORD101170,CUST10458,2025-10-12,Hyderabad,Hyderabad,Visakhapatnam,448.1,Grocery,7,0.2,Road,Dtdc,1919.86,439.81,6.12,2025-10-14,2025-10-20,2025-10-20,Delivered,4.0,No,No,6,0,4.284445436286543,2359.67,1
ORD101698,CUST11693,2025-03-28,Delhi,Delhi,Hyderabad,346.5,Sports,5,3.57,Road,Xpressbees,1592.85,347.95,6.59,2025-03-30,2025-04-05,2025-04-08,Delayed,3.0,No,No,9,3,4.596969696969697,1940.8,0
ORD104550,CUST12643,2025-07-25,Delhi,Delhi,Kochi,332.7,Books,1,3.62,Rail,Dtdc,1150.72,294.04,11.95,2025-07-28,2025-08-03,2025-08-05,Delayed,3.0,Yes,No,8,2,3.4587315900210402,1444.76,0
ORD103357,CUST10967,2025-12-13,Bengaluru,Bengaluru,Hyderabad,337.5,Grocery,2,4.76,Road,Blue Dart,1394.55,324.75,9.38,2025-12-15,2025-12-19,2025-12-19,Delivered,5.0,No,Yes,4,0,4.132,1719.3,1
ORD104958,CUST10082,2025-06-17,Bengaluru,Bengaluru,Indore,238.8,Grocery,3,18.03,Rail,Xpressbees,949.04,146.97,6.99,2025-06-20,2025-06-26,2025-06-27,Delayed,3.0,No,No,7,1,3.9742043551088773,1096.01,0
ORD102190,CUST11513,2025-09-16,Hyderabad,Hyderabad,Kochi,229.4,Books,7,1.17,Road,Xpressbees,1148.28,177.85,5.72,2025-09-18,2025-09-23,2025-09-28,Delayed,3.0,Yes,No,10,5,5.005579773321709,1326.1299999999999,0
ORD104738,CUST11715,2025-02-18,Chennai,Chennai,Pune,1467.3,Books,4,3.59,Road,Xpressbees,6243.05,1447.91,3.69,2025-02-20,2025-02-27,2025-02-27,Delivered,4.0,No,No,7,0,4.254787705309071,7690.96,1
ORD103300,CUST12120,2025-11-03,Pune,Pune,Delhi,231.9,Grocery,6,5.37,Rail,Delhivery,1049.43,198.06,13.58,2025-11-06,2025-11-12,2025-11-12,Delivered,4.0,No,No,6,0,4.525355756791721,1247.49,1
ORD104405,CUST10340,2025-01-02,Hyderabad,Hyderabad,Visakhapatnam,299.6,Sports,7,3.0,Road,Xpressbees,1327.09,305.82,5.75,2025-01-05,2025-01-10,2025-01-12,Delayed,4.0,No,No,7,2,4.4295393858477965,1632.9099999999999,0
ORD100432,CUST10553,2025-06-17,Chennai,Chennai,Bhopal,504.0,Automotive,5,4.32,Road,Xpressbees,2133.14,355.28,6.35,2025-06-19,2025-06-26,2025-06-26,Delivered,5.0,No,No,7,0,4.232420634920635,2488.42,1
ORD101231,CUST12144,2025-10-22,Bengaluru,Bengaluru,Jaipur,139.4,Books,4,4.35,Road,Delhivery,734.21,101.15,7.22,2025-10-23,2025-10-27,2025-10-27,Delivered,5.0,No,No,4,0,5.2669296987087515,835.36,1
ORD104588,CUST11442,2025-10-09,Chennai,Chennai,Kolkata,699.2,Electronics,5,4.3,Road,Dtdc,3015.31,653.07,7.67,2025-10-12,2025-10-18,2025-10-20,Delayed,4.0,No,No,8,2,4.312514302059496,3668.38,0
ORD102207,CUST11571,2025-09-04,Hyderabad,Hyderabad,Surat,419.9,Sports,5,1.46,Road,Xpressbees,1693.31,454.03,9.95,2025-09-06,2025-09-12,2025-09-12,Delivered,4.0,No,No,6,0,4.032650631102643,2147.34,1
ORD102129,CUST10605,2025-07-10,Delhi,Delhi,Ahmedabad,83.6,Grocery,6,3.91,Road,Xpressbees,591.71,93.47,9.73,2025-07-12,2025-07-17,2025-07-17,Delivered,4.0,No,No,5,0,7.07787081339713,685.1800000000001,1
ORD100999,CUST12585,2025-10-17,Mumbai,Mumbai,Indore,258.9,Electronics,4,1.15,Road,Delhivery,1139.21,192.25,9.96,2025-10-20,2025-10-25,2025-10-26,Delayed,4.0,No,Yes,6,1,4.400193124758594,1331.46,0
ORD104819,CUST10936,2025-06-01,Chennai,Chennai,Bhopal,244.6,Grocery,4,1.36,Road,Shadowfax,1111.65,189.8,2.76,2025-06-03,2025-06-08,2025-06-14,Delayed,3.0,No,No,11,6,4.54476696647588,1301.45,0
ORD101224,CUST10324,2025-05-31,Bengaluru,Bengaluru,Coimbatore,270.2,Automotive,3,10.31,Air,Shadowfax,2650.69,272.27,10.69,2025-06-02,2025-06-04,2025-06-05,Delayed,4.0,No,No,3,1,9.810103626943006,2922.96,0
ORD100625,CUST11877,2025-10-18,Bengaluru,Bengaluru,Hyderabad,518.0,Beauty,5,4.29,Road,Blue Dart,2311.52,616.64,11.57,2025-10-21,2025-10-27,2025-10-29,Delayed,3.0,No,No,8,2,4.462393822393822,2928.16,0
ORD103147,CUST10465,2025-10-27,Bengaluru,Bengaluru,Unknown,296.6,Books,3,6.47,Rail,Delhivery,1037.81,295.9,10.32,2025-10-29,2025-11-03,2025-11-05,Delayed,4.0,No,No,7,2,3.4990222521915033,1333.71,0
ORD103649,CUST11742,2025-08-15,Chennai,Chennai,Hyderabad,190.0,Automotive,2,7.0,Road,Ecom Express,929.2,147.03,7.51,2025-08-17,2025-08-21,2025-08-21,Delivered,4.0,No,No,4,0,4.890526315789474,1076.23,1
ORD100261,CUST12417,2025-01-06,Mumbai,Mumbai,Nagpur,146.2,Electronics,6,7.76,Road,Xpressbees,755.91,184.74,10.03,2025-01-08,2025-01-14,2025-01-17,Delayed,2.0,No,No,9,3,5.1703830369357044,940.65,0
ORD101237,CUST12402,2025-06-14,Chennai,Chennai,Jaipur,83.9,Home & Kitchen,1,1.54,Rail,Shadowfax,407.47,73.49,7.2,2025-06-16,2025-06-23,2025-06-23,Delivered,5.0,No,No,7,0,4.856615017878426,480.96000000000004,1
ORD104523,CUST10997,2025-02-22,Hyderabad,Hyderabad,Coimbatore,349.1,Electronics,5,4.79,Express,Xpressbees,2577.7,270.71,9.51,2025-02-25,2025-02-28,2025-03-03,Delayed,4.0,No,No,6,3,7.3838441707247195,2848.41,0
ORD101966,CUST12362,2025-12-04,Hyderabad,Hyderabad,Kochi,87.7,Grocery,2,11.98,Road,Delhivery,627.29,60.32,6.49,2025-12-06,2025-12-10,2025-12-17,Delayed,3.0,No,No,11,7,7.152679589509692,687.61,0
ORD103309,CUST11365,2025-02-01,Chennai,Chennai,Vijayawada,312.4,Automotive,6,8.33,Express,Blue Dart,2394.07,352.63,8.85,2025-02-03,2025-02-07,2025-02-09,Delayed,3.0,No,No,6,2,7.663476312419975,2746.7000000000003,0
ORD103880,CUST11027,2025-04-01,Delhi,Delhi,Surat,416.1,Home & Kitchen,6,14.15,Air,Delhivery,3977.02,453.98,10.15,2025-04-04,2025-04-07,2025-04-07,Delivered,4.0,No,No,3,0,9.557846671473204,4431.0,1
ORD100870,CUST12589,2025-04-29,Delhi,Delhi,Visakhapatnam,383.2,Home & Kitchen,3,10.81,Rail,Dtdc,1439.31,400.75,8.09,2025-05-02,2025-05-08,2025-05-08,Delivered,5.0,No,No,6,0,3.756028183716075,1840.06,1
ORD103017,CUST12549,2025-04-24,Hyderabad,Hyderabad,Mumbai,174.3,Books,3,4.69,Express,Blue Dart,1345.99,173.72,2.39,2025-04-26,2025-04-30,2025-04-30,Delivered,5.0,No,No,4,0,7.722260470453241,1519.71,1
ORD104857,CUST11784,2025-12-15,Pune,Pune,Jaipur,986.2,Sports,3,17.85,Rail,Shadowfax,3444.15,943.94,9.66,2025-12-17,2025-12-26,2025-12-27,Delayed,3.0,No,No,10,1,3.492344352058406,4388.09,0
ORD101333,CUST12552,2025-06-04,Bengaluru,Bengaluru,Kochi,368.8,Automotive,7,2.74,Road,Dtdc,1695.55,422.42,10.53,2025-06-07,2025-06-12,2025-06-12,Delivered,5.0,No,No,5,0,4.59747830802603,2117.97,1
ORD101113,CUST12252,2025-01-15,Hyderabad,Hyderabad,Jaipur,264.5,Clothing,1,1.19,Road,Delhivery,1087.86,305.45,8.67,2025-01-17,2025-01-22,2025-01-22,Delivered,4.0,No,No,5,0,4.11289224952741,1393.31,1
ORD101657,CUST11481,2025-02-23,Mumbai,Mumbai,Chennai,131.7,Sports,3,8.19,Road,Delhivery,582.01,125.3,8.75,2025-02-24,2025-03-01,2025-03-01,Delivered,5.0,No,No,5,0,4.419210326499621,707.31,1
ORD100253,CUST11046,2025-04-26,Pune,Pune,Visakhapatnam,190.9,Beauty,2,7.75,Rail,Blue Dart,756.98,146.78,8.62,2025-04-28,2025-05-06,2025-05-06,Delivered,4.0,No,No,8,0,3.9653221581980094,903.76,1
ORD104484,CUST11648,2025-11-05,Delhi,Delhi,Coimbatore,511.9,Grocery,4,4.01,Air,Ecom Express,0.0,326.64,8.19,2025-11-07,2025-11-10,2025-11-10,Delivered,4.0,No,No,3,0,0.0,326.64,1
ORD102122,CUST10480,2025-11-01,Delhi,Delhi,Bhopal,533.9,Sports,7,6.69,Air,Ecom Express,5026.64,584.91,3.8,2025-11-03,2025-11-06,2025-11-06,Delivered,5.0,No,No,3,0,9.414946619217083,5611.55,1
ORD100736,CUST12490,2025-12-18,Bengaluru,Bengaluru,Bhopal,654.9,Beauty,4,2.59,Road,Dtdc,2731.9,718.22,4.29,2025-12-19,2025-12-24,2025-12-24,Delivered,4.0,No,No,5,0,4.17147656130707,3450.12,1
ORD102777,CUST11749,2025-08-23,Mumbai,Mumbai,Kochi,963.5,Automotive,5,1.67,Road,Shadowfax,4158.1,657.34,10.18,2025-08-25,2025-09-02,2025-09-08,Delayed,4.0,No,No,14,6,4.315620134924754,4815.4400000000005,0
ORD102139,CUST11873,2025-01-12,Mumbai,Mumbai,Jaipur,68.8,Beauty,4,3.08,Road,Delhivery,364.1,90.29,12.25,2025-01-15,2025-01-21,2025-01-21,Delivered,5.0,No,No,6,0,5.292151162790698,454.39000000000004,1
ORD102135,CUST10470,2025-01-31,Delhi,Delhi,Bhopal,876.9,Automotive,1,11.2,Road,Shadowfax,3835.02,596.32,5.92,2025-02-02,2025-02-09,2025-02-09,Delivered,5.0,No,No,7,0,4.373383510092371,4431.34,1
ORD101587,CUST10445,2025-05-15,Hyderabad,Hyderabad,Pune,305.5,Beauty,7,3.76,Rail,Ecom Express,1138.52,313.49,11.28,2025-05-18,2025-05-24,2025-05-24,Delivered,5.0,No,No,6,0,3.7267430441898526,1452.01,1
ORD100990,CUST11149,2025-12-26,Pune,Pune,Bhopal,117.2,Electronics,6,6.29,Rail,Xpressbees,525.32,167.86,11.14,2025-12-28,2026-01-03,2026-01-03,Delivered,4.0,No,No,6,0,4.4822525597269625,693.1800000000001,1
ORD104725,CUST11854,2025-12-17,Hyderabad,Hyderabad,Coimbatore,140.4,Electronics,4,1.78,Air,Delhivery,1494.64,90.86,9.1,2025-12-19,2025-12-21,2025-12-21,Delivered,5.0,No,No,2,0,10.645584045584046,1585.5,1
ORD102880,CUST12235,2025-06-01,Pune,Pune,Indore,194.2,Books,4,3.03,Rail,Shadowfax,688.49,148.31,10.32,2025-06-03,2025-06-08,2025-06-08,Delivered,4.0,No,No,5,0,3.5452626158599383,836.8,1
ORD104640,CUST12327,2025-08-17,Pune,Pune,Coimbatore,1239.7,Sports,4,12.08,Rail,Ecom Express,4132.38,997.57,10.19,2025-08-20,2025-08-29,2025-08-30,Delayed,4.0,No,No,10,1,3.333370976849238,5129.95,0
ORD104610,CUST10235,2025-07-14,Bengaluru,Bengaluru,Surat,709.4,Automotive,6,1.17,Rail,Delhivery,2372.16,651.01,7.55,2025-07-16,2025-07-23,2025-07-23,Delivered,4.0,No,No,7,0,3.3438962503524103,3023.17,1
ORD102729,CUST12022,2025-12-26,Chennai,Chennai,Coimbatore,228.6,Home & Kitchen,5,2.12,Road,Blue Dart,1083.55,227.81,5.98,2025-12-28,2026-01-01,2026-01-01,Delivered,4.0,No,No,4,0,4.739938757655293,1311.36,1
ORD104114,CUST10307,2025-07-04,Bengaluru,Bengaluru,Delhi,295.0,Electronics,7,11.26,Road,Delhivery,1467.54,332.59,6.34,2025-07-06,2025-07-11,2025-07-14,Delayed,4.0,No,No,8,3,4.974711864406779,1800.1299999999999,0
ORD104375,CUST12569,2025-11-04,Bengaluru,Bengaluru,Coimbatore,275.5,Grocery,6,7.0,Express,Dtdc,2269.97,367.38,8.74,2025-11-06,2025-11-11,2025-11-11,Delivered,5.0,No,No,5,0,8.2394555353902,2637.35,1
ORD100560,CUST10363,2025-08-11,Mumbai,Mumbai,Surat,392.3,Beauty,2,5.21,Road,Xpressbees,1810.09,410.08,9.86,2025-08-13,2025-08-19,2025-08-19,Delivered,4.0,No,No,6,0,4.614045373438694,2220.17,1
ORD101323,CUST10004,2025-07-14,Delhi,Delhi,Coimbatore,196.2,Grocery,4,5.97,Air,Ecom Express,1828.88,127.51,10.24,2025-07-15,2025-07-18,2025-07-20,Delayed,4.0,No,No,5,2,9.321508664627931,1956.39,0
ORD100475,CUST10120,2025-03-07,Bengaluru,Bengaluru,Coimbatore,1127.5,Sports,4,2.86,Express,Ecom Express,8034.6,1161.81,4.76,2025-03-08,2025-03-14,2025-03-14,Delivered,5.0,No,Yes,6,0,7.126031042128603,9196.41,1
ORD100692,CUST10966,2025-04-05,Pune,Pune,Coimbatore,281.3,Beauty,1,4.59,Air,Shadowfax,2677.09,215.57,9.3,2025-04-07,2025-04-10,2025-04-10,Delivered,5.0,No,No,3,0,9.51685033771774,2892.6600000000003,1
ORD100837,CUST11647,2025-04-22,Chennai,Chennai,Pune,477.8,Home & Kitchen,6,3.27,Express,Blue Dart,3525.09,516.1,7.77,2025-04-25,2025-04-29,2025-05-06,Delayed,4.0,No,No,11,7,7.377752197572206,4041.19,0
ORD100940,CUST10079,2025-03-24,Bengaluru,Bengaluru,Kolkata,639.6,Books,3,0.2,Road,Delhivery,2819.7,637.77,8.55,2025-03-26,2025-04-01,2025-04-01,Delivered,4.0,No,No,6,0,4.408536585365853,3457.47,1
ORD104254,CUST12587,2025-09-18,Chennai,Chennai,Mumbai,721.0,Grocery,4,4.14,Air,Dtdc,6473.99,507.85,8.22,2025-09-20,2025-09-24,2025-09-24,Delivered,5.0,No,No,4,0,8.979181692094313,6981.84,1
ORD101621,CUST11431,2025-08-11,Hyderabad,Hyderabad,Kochi,300.7,Automotive,1,1.63,Road,Blue Dart,1277.28,248.64,6.15,2025-08-13,2025-08-18,2025-08-21,Delayed,5.0,No,No,8,3,4.247688726305288,1525.92,0
ORD103223,CUST10410,2025-12-18,Chennai,Chennai,Kolkata,336.0,Automotive,3,5.41,Rail,Dtdc,1121.22,370.58,9.47,2025-12-20,2025-12-27,2025-12-27,Delivered,4.0,No,No,7,0,3.3369642857142856,1491.8,1
ORD104164,CUST10415,2025-05-11,Mumbai,Mumbai,Visakhapatnam,563.1,Automotive,3,5.58,Road,Shadowfax,2608.94,430.92,14.19,2025-05-15,2025-05-20,2025-05-20,Delivered,5.0,No,No,5,0,4.633173503818149,3039.86,1
ORD102559,CUST11484,2025-01-25,Hyderabad,Hyderabad,Pune,147.7,Grocery,3,5.78,Road,Dtdc,766.12,64.86,7.03,2025-01-28,2025-02-01,2025-02-01,Delivered,5.0,No,No,4,0,5.187000677048071,830.98,1
ORD102697,CUST11915,2025-05-25,Hyderabad,Hyderabad,Chennai,84.2,Beauty,7,10.96,Road,Xpressbees,563.77,78.81,5.67,2025-05-27,2025-06-01,2025-06-01,Delivered,5.0,No,No,5,0,6.695605700712589,642.5799999999999,1
ORD100967,CUST10505,2025-05-01,Pune,Pune,Delhi,314.1,Beauty,6,10.0,Express,Ecom Express,2470.13,256.59,7.66,2025-05-03,2025-05-07,2025-05-07,Delivered,5.0,No,No,4,0,7.864151544094237,2726.7200000000003,1
ORD103268,CUST12171,2025-03-16,Bengaluru,Bengaluru,Pune,437.2,Automotive,7,4.69,Rail,Shadowfax,1589.97,405.04,8.6,2025-03-19,2025-03-26,2025-03-26,Delivered,5.0,No,No,7,0,3.636710887465691,1995.01,1
ORD103825,CUST12141,2025-03-16,Bengaluru,Bengaluru,Surat,422.3,Beauty,3,8.9,Road,Dtdc,1916.94,331.79,9.68,2025-03-18,2025-03-24,2025-03-24,Delivered,4.0,No,No,6,0,4.539284868576841,2248.73,1
ORD102737,CUST11057,2025-09-11,Hyderabad,Hyderabad,Surat,553.7,Clothing,1,3.86,Road,Delhivery,2349.7,372.89,5.57,2025-09-13,2025-09-18,2025-09-24,Delayed,4.0,No,No,11,6,4.243633736680512,2722.5899999999997,0
ORD100544,CUST10760,2025-06-22,Chennai,Chennai,Mumbai,254.6,Automotive,6,8.9,Road,Delhivery,1331.38,248.32,4.1,2025-06-24,2025-06-28,2025-06-28,Delivered,4.0,No,No,4,0,5.2293008641005505,1579.7,1
ORD103104,CUST12677,2025-06-24,Delhi,Delhi,Delhi,238.2,Electronics,6,5.85,Road,Xpressbees,1074.97,219.79,10.53,2025-06-26,2025-07-01,2025-07-01,Delivered,4.0,No,No,5,0,4.512888329135181,1294.76,1
ORD103015,CUST12141,2025-12-07,Chennai,Chennai,Ahmedabad,162.9,Clothing,7,2.81,Road,Shadowfax,883.72,122.27,5.15,2025-12-08,2025-12-13,2025-12-13,Delivered,3.0,No,No,5,0,5.4249232658072435,1005.99,1
ORD102619,CUST11128,2025-02-12,Bengaluru,Bengaluru,Nagpur,351.4,Books,1,9.0,Air,Xpressbees,3451.04,393.22,11.04,2025-02-15,2025-02-19,2025-02-19,Delivered,4.0,No,No,4,0,9.820830961866818,3844.26,1
ORD101214,CUST12237,2025-08-11,Pune,Pune,Bhopal,64.2,Sports,4,12.6,Road,Blue Dart,469.13,27.57,10.8,2025-08-13,2025-08-19,2025-08-19,Delivered,4.0,No,No,6,0,7.3073208722741425,496.7,1
ORD100672,CUST12619,2025-11-01,Delhi,Delhi,Indore,111.8,Home & Kitchen,5,10.99,Air,Shadowfax,1254.72,92.69,9.58,2025-11-04,2025-11-06,2025-11-06,Delivered,5.0,No,No,2,0,11.222898032200359,1347.41,1
ORD104534,CUST10395,2025-12-25,Mumbai,Mumbai,Indore,255.4,Books,6,10.06,Air,Ecom Express,2528.27,281.39,6.37,2025-12-28,2026-01-01,2026-01-01,Delivered,4.0,No,No,4,0,9.89925606891151,2809.66,1
ORD104581,CUST12372,2025-12-05,Hyderabad,Hyderabad,Nagpur,454.7,Grocery,7,2.12,Road,Dtdc,1917.53,501.52,7.1,2025-12-07,2025-12-12,2025-12-14,Delayed,3.0,No,No,7,2,4.217132175060479,2419.05,0
ORD104569,CUST11138,2025-02-27,Bengaluru,Bengaluru,Chennai,344.8,Automotive,2,4.59,Air,Blue Dart,3258.72,307.5,6.24,2025-02-28,2025-03-03,2025-03-03,Delivered,4.0,No,No,3,0,9.451044083526682,3566.22,1
ORD104754,CUST12490,2025-08-23,Mumbai,Mumbai,Coimbatore,261.0,Beauty,5,1.05,Express,Delhivery,1811.56,217.29,11.45,2025-08-25,2025-08-27,2025-08-27,Delivered,4.0,No,No,2,0,6.940842911877394,2028.85,1
ORD102318,CUST11810,2025-07-01,Hyderabad,Hyderabad,Vijayawada,597.3,Automotive,2,10.53,Road,Delhivery,2719.56,486.86,6.24,2025-07-04,2025-07-10,2025-07-14,Delayed,3.0,No,No,10,4,4.553088900050226,3206.42,0
ORD103349,CUST10080,2025-10-15,Pune,Pune,Kolkata,202.5,Clothing,1,2.72,Air,Blue Dart,1812.96,229.98,12.42,2025-10-17,2025-10-21,2025-10-21,Delivered,5.0,No,No,4,0,8.95288888888889,2042.94,1
ORD100713,CUST12216,2025-07-04,Mumbai,Mumbai,Chennai,488.0,Clothing,2,5.99,Air,Ecom Express,4563.97,544.65,10.77,2025-07-07,2025-07-10,2025-07-10,Delivered,4.0,No,No,3,0,9.352397540983606,5108.62,1
ORD102019,CUST11559,2025-10-21,Pune,Pune,Jaipur,226.7,Books,7,4.09,Air,Blue Dart,2286.49,152.37,8.93,2025-10-24,2025-10-26,2025-10-26,Delivered,5.0,No,No,2,0,10.085972651080723,2438.8599999999997,1
ORD100655,CUST11203,2025-05-23,Hyderabad,Hyderabad,Bengaluru,225.4,Beauty,3,6.82,Rail,Ecom Express,926.5,188.27,7.21,2025-05-26,2025-06-01,2025-06-05,Delayed,2.0,No,No,10,4,4.1104702750665485,1114.77,0
ORD104115,CUST11434,2025-06-26,Pune,Pune,Bhopal,56.4,Beauty,3,17.36,Rail,Delhivery,514.56,20.0,9.49,2025-06-29,2025-07-03,2025-07-03,Delivered,4.0,No,No,4,0,9.123404255319148,534.56,1
ORD104622,CUST12524,2025-01-25,Bengaluru,Bengaluru,Kochi,249.1,Books,3,1.11,Express,Ecom Express,1756.2,225.4,4.99,2025-01-27,2025-01-31,2025-01-31,Delivered,4.0,No,No,4,0,7.050180650341229,1981.6000000000001,1
ORD101466,CUST11330,2025-06-04,Delhi,Delhi,Bhopal,212.2,Automotive,3,4.07,Express,Ecom Express,1627.25,119.5,8.18,2025-06-06,2025-06-09,2025-06-09,Delivered,4.0,No,No,3,0,7.668473138548539,1746.75,1
ORD101637,CUST10093,2025-02-19,Chennai,Chennai,Bhopal,39.7,Books,4,3.35,Air,Dtdc,524.94,20.0,9.96,2025-02-21,2025-02-22,2025-02-22,Delivered,4.0,No,No,1,0,13.222670025188917,544.94,1
ORD103197,CUST12637,2025-05-26,Delhi,Delhi,Kochi,628.2,Books,1,1.39,Express,Ecom Express,4365.68,401.11,8.47,2025-05-28,2025-06-02,2025-06-02,Delivered,3.0,No,No,5,0,6.949506526583891,4766.79,1
ORD101282,CUST11721,2025-11-11,Mumbai,Mumbai,Bengaluru,312.7,Books,4,6.33,Road,Blue Dart,1507.12,304.73,13.32,2025-11-15,2025-11-20,2025-11-20,Delivered,4.0,No,No,5,0,4.819699392388871,1811.85,1
ORD104571,CUST11039,2025-07-06,Hyderabad,Hyderabad,Visakhapatnam,335.9,Grocery,7,6.14,Road,Blue Dart,1497.85,397.48,10.55,2025-07-08,2025-07-12,2025-07-12,Delivered,4.0,No,No,4,0,4.459214051801132,1895.33,1
ORD103652,CUST11927,2025-12-07,Hyderabad,Hyderabad,Chennai,431.9,Beauty,4,2.86,Road,Dtdc,1904.17,253.77,6.38,2025-12-08,2025-12-14,2025-12-17,Delayed,2.0,No,No,9,3,4.4088214864551984,2157.94,0
ORD104520,CUST11503,2025-06-07,Chennai,Chennai,Bhopal,266.5,Books,4,2.72,Air,Ecom Express,2350.81,206.63,5.91,2025-06-09,2025-06-11,2025-06-11,Delivered,5.0,No,No,2,0,8.821050656660413,2557.44,1
ORD104280,CUST12005,2025-02-01,Delhi,Delhi,Unknown,287.1,Clothing,2,1.1,Road,Dtdc,1217.62,288.25,5.36,2025-02-03,2025-02-07,2025-02-08,Delayed,4.0,No,Yes,5,1,4.241100661790316,1505.87,0
ORD100028,CUST10107,2025-02-12,Hyderabad,Hyderabad,Pune,293.8,Clothing,5,1.99,Road,Delhivery,1344.35,301.43,5.63,2025-02-14,2025-02-19,2025-02-21,Delayed,4.0,No,No,7,2,4.57573179033356,1645.78,0
ORD104236,CUST10783,2025-11-28,Hyderabad,Hyderabad,Visakhapatnam,297.8,Sports,1,5.9,Air,Xpressbees,2842.92,292.14,6.64,2025-11-30,2025-12-03,2025-12-03,Delivered,4.0,No,No,3,0,9.546406984553391,3135.06,1
ORD100773,CUST10569,2025-04-21,Hyderabad,Hyderabad,Pune,239.8,Grocery,3,4.95,Air,Delhivery,2278.17,238.03,4.92,2025-04-23,2025-04-26,2025-04-28,Delayed,4.0,No,No,5,2,9.500291909924938,2516.2000000000003,0
ORD104691,CUST11525,2025-05-04,Delhi,Delhi,Jaipur,491.2,Sports,6,2.44,Road,Ecom Express,2195.84,491.93,9.81,2025-05-07,2025-05-13,2025-05-13,Delivered,4.0,No,No,6,0,4.470358306188926,2687.77,1
ORD100589,CUST11414,2025-07-19,Chennai,Chennai,Surat,440.5,Electronics,7,2.39,Rail,Shadowfax,1472.5,497.06,3.66,2025-07-22,2025-07-29,2025-07-31,Delayed,4.0,No,No,9,2,3.3427922814982973,1969.56,0
ORD101136,CUST11480,2025-06-05,Mumbai,Mumbai,Pune,258.7,Home & Kitchen,5,5.91,Rail,Ecom Express,944.83,179.4,9.36,2025-06-08,2025-06-15,2025-06-17,Delayed,3.0,No,No,9,2,3.6522226517201393,1124.23,0
ORD101640,CUST10665,2025-10-01,Hyderabad,Hyderabad,Pune,374.8,Clothing,4,17.89,Road,Xpressbees,1773.99,266.59,7.05,2025-10-03,2025-10-08,2025-10-11,Delayed,4.0,No,No,8,3,4.733164354322305,2040.58,0
ORD101318,CUST10421,2025-01-18,Hyderabad,Hyderabad,Vijayawada,625.2,Books,7,10.87,Rail,Delhivery,2275.55,570.42,8.25,2025-01-20,2025-01-27,2025-01-27,Delivered,5.0,No,No,7,0,3.639715291106846,2845.9700000000003,1
ORD102666,CUST10969,2025-11-25,Hyderabad,Hyderabad,Kochi,292.8,Books,7,6.72,Road,Xpressbees,1517.91,312.38,7.71,2025-11-28,2025-12-03,2025-12-06,Delayed,3.0,No,No,8,3,5.184118852459016,1830.29,0
ORD104920,CUST11755,2025-07-18,Mumbai,Mumbai,Bhopal,424.4,Electronics,5,0.25,Road,Xpressbees,1868.19,327.38,10.92,2025-07-21,2025-07-25,2025-07-25,Delivered,4.0,No,No,4,0,4.401955702167767,2195.57,1
ORD101179,CUST11579,2025-08-22,Bengaluru,Bengaluru,Nagpur,685.9,Electronics,4,16.63,Rail,Delhivery,2507.47,443.89,7.18,2025-08-23,2025-08-30,2025-08-30,Delivered,5.0,No,Yes,7,0,3.6557369878991106,2951.3599999999997,1
ORD103076,CUST10147,2025-06-27,Bengaluru,Bengaluru,Vijayawada,764.2,Grocery,3,16.11,Rail,Blue Dart,2680.47,525.7,5.36,2025-06-30,2025-07-06,2025-07-06,Delivered,4.0,No,No,6,0,3.5075503794818106,3206.17,1
ORD104118,CUST11773,2025-03-31,Hyderabad,Hyderabad,Visakhapatnam,529.2,Sports,4,2.81,Road,Xpressbees,2227.16,546.82,5.65,2025-04-03,2025-04-10,2025-04-10,Delivered,5.0,No,No,7,0,4.20854119425548,2773.98,1
ORD101552,CUST12705,2025-08-30,Bengaluru,Bengaluru,Bhopal,541.8,Automotive,5,0.79,Road,Shadowfax,2402.38,662.67,10.68,2025-09-02,2025-09-07,2025-09-07,Delivered,5.0,No,No,5,0,4.4340716131413815,3065.05,1
ORD104171,CUST11902,2025-04-21,Mumbai,Mumbai,Bengaluru,949.9,Beauty,4,8.35,Road,Shadowfax,4289.44,951.6,10.44,2025-04-23,2025-04-29,2025-04-29,Delivered,5.0,No,No,6,0,4.51567533424571,5241.04,1
ORD101833,CUST10287,2025-04-12,Delhi,Delhi,Surat,160.2,Books,5,7.52,Road,Ecom Express,756.74,152.21,11.12,2025-04-15,2025-04-21,2025-04-21,Delivered,4.0,No,No,6,0,4.723720349563046,908.95,1
ORD103884,CUST11527,2025-01-06,Pune,Pune,Hyderabad,911.1,Automotive,3,5.33,Express,Dtdc,6673.86,563.28,7.71,2025-01-08,2025-01-12,2025-01-12,Delivered,5.0,No,No,4,0,7.325057622653934,7237.139999999999,1
ORD102706,CUST10658,2025-08-27,Hyderabad,Hyderabad,Ahmedabad,250.7,Books,7,7.02,Road,Ecom Express,1318.1,222.24,8.07,2025-08-30,2025-09-04,2025-09-04,Delivered,4.0,No,No,5,0,5.257678500199441,1540.34,1
ORD100880,CUST12518,2025-01-27,Bengaluru,Bengaluru,Vijayawada,248.1,Automotive,6,21.32,Air,Ecom Express,2625.1,203.42,10.29,2025-01-30,2025-02-01,2025-02-01,Delivered,5.0,No,No,2,0,10.580814187827489,2828.52,1
ORD104873,CUST10657,2025-04-18,Bengaluru,Bengaluru,Delhi,209.1,Beauty,2,5.54,Road,Xpressbees,1091.34,187.24,7.76,2025-04-20,2025-04-24,2025-04-24,Delivered,4.0,No,No,4,0,5.21922525107604,1278.58,1
ORD100147,CUST12068,2025-01-06,Bengaluru,Bengaluru,Coimbatore,142.0,Clothing,7,3.79,Rail,Blue Dart,528.92,133.51,8.79,2025-01-08,2025-01-13,2025-01-13,Delivered,4.0,No,No,5,0,3.724788732394366,662.43,1
ORD104337,CUST10201,2025-08-27,Bengaluru,Bengaluru,Mumbai,403.5,Grocery,3,4.89,Rail,Shadowfax,1453.23,480.71,8.6,2025-08-29,2025-09-04,2025-09-04,Delivered,5.0,No,No,6,0,3.601561338289963,1933.94,1
ORD102242,CUST10511,2025-04-16,Bengaluru,Bengaluru,Jaipur,476.5,Electronics,1,10.83,Road,Shadowfax,2165.85,339.47,12.69,2025-04-19,2025-04-23,2025-04-23,Delivered,3.0,No,No,4,0,4.545330535152151,2505.3199999999997,1
ORD100107,CUST10792,2025-04-21,Bengaluru,Bengaluru,Ahmedabad,231.0,Sports,6,3.52,Road,Ecom Express,1098.24,215.14,9.49,2025-04-24,2025-04-29,2025-04-29,Delivered,5.0,No,No,5,0,4.7542857142857144,1313.38,1
ORD102992,CUST10446,2025-08-26,Chennai,Chennai,Kochi,596.6,Automotive,7,9.52,Air,Dtdc,5551.09,618.52,8.1,2025-08-28,2025-09-01,2025-09-01,Delivered,4.0,Yes,No,4,0,9.304542406972846,6169.610000000001,1
ORD102264,CUST12499,2025-03-19,Chennai,Chennai,Surat,262.0,Electronics,2,2.61,Road,Dtdc,1206.0,200.06,8.96,2025-03-22,2025-03-28,2025-03-28,Delivered,4.0,No,No,6,0,4.603053435114504,1406.06,1
ORD101085,CUST11461,2025-10-19,Hyderabad,Hyderabad,Visakhapatnam,136.4,Electronics,1,6.79,Express,Delhivery,1141.2,125.72,3.09,2025-10-20,2025-10-23,2025-10-25,Delayed,4.0,No,No,5,2,8.366568914956012,1266.92,0
ORD104127,CUST11426,2025-06-30,Pune,Pune,Hyderabad,299.7,Beauty,6,10.04,Rail,Delhivery,1217.41,217.51,12.89,2025-07-03,2025-07-10,2025-07-10,Delivered,3.0,No,No,7,0,4.062095428762096,1434.92,1
ORD101119,CUST11797,2025-09-17,Mumbai,Mumbai,Kolkata,310.6,Clothing,3,3.24,Air,Delhivery,2932.8,267.58,8.42,2025-09-18,2025-09-21,2025-09-21,Delivered,4.0,No,No,3,0,9.442369607211848,3200.38,1
ORD101925,CUST10511,2025-04-24,Hyderabad,Hyderabad,Bhopal,929.8,Sports,7,3.68,Road,Ecom Express,4127.85,582.71,4.59,2025-04-26,2025-05-02,2025-05-02,Delivered,4.0,No,No,6,0,4.439503118950313,4710.56,1
ORD100617,CUST10618,2025-08-06,Pune,Pune,Delhi,69.7,Sports,4,2.97,Rail,Ecom Express,188.31,20.0,8.12,2025-08-09,2025-08-14,2025-08-14,Delivered,5.0,No,No,5,0,2.7017216642754662,208.31,1
ORD104318,CUST12542,2025-10-11,Chennai,Chennai,Hyderabad,605.5,Electronics,6,6.6,Air,Shadowfax,5633.88,531.78,6.24,2025-10-13,2025-10-16,2025-10-16,Delivered,5.0,No,No,3,0,9.304508670520232,6165.66,1
ORD103576,CUST11763,2025-11-05,Pune,Pune,Bhopal,307.5,Clothing,2,4.74,Air,Shadowfax,2793.6,248.56,6.27,2025-11-07,2025-11-09,2025-11-09,Delivered,5.0,No,No,2,0,9.084878048780487,3042.16,1
ORD101486,CUST11336,2025-07-09,Pune,Pune,Bengaluru,530.2,Beauty,7,1.89,Express,Delhivery,3847.49,484.14,12.23,2025-07-12,2025-07-16,2025-07-20,Delayed,3.0,No,No,8,4,7.256676725763862,4331.63,0
ORD101215,CUST11042,2025-01-20,Mumbai,Mumbai,Bhopal,139.6,Books,1,4.34,Express,Blue Dart,1204.2,158.84,11.44,2025-01-22,2025-01-23,2025-01-23,Delivered,5.0,No,No,1,0,8.626074498567336,1363.04,1
ORD100691,CUST12358,2025-06-21,Hyderabad,Hyderabad,Ahmedabad,314.6,Grocery,7,2.88,Road,Blue Dart,1525.06,310.99,7.62,2025-06-22,2025-06-28,2025-06-28,Delivered,4.0,No,No,6,0,4.847616020343293,1836.05,1
ORD101183,CUST11982,2025-01-03,Hyderabad,Hyderabad,Indore,317.3,Electronics,4,7.35,Rail,Delhivery,1171.91,349.33,5.4,2025-01-06,2025-01-13,2025-01-13,Delivered,4.0,No,No,7,0,3.693381657737157,1521.24,1
ORD103028,CUST12281,2025-05-08,Bengaluru,Bengaluru,Hyderabad,169.5,Electronics,6,1.46,Rail,Shadowfax,733.05,190.95,6.04,2025-05-10,2025-05-14,2025-05-14,Delivered,4.0,No,No,4,0,4.324778761061947,924.0,1
ORD103163,CUST10229,2025-11-15,Mumbai,Mumbai,Bengaluru,119.5,Home & Kitchen,7,4.94,Express,Delhivery,989.75,65.07,9.61,2025-11-18,2025-11-22,2025-11-22,Delivered,4.0,No,Yes,4,0,8.282426778242678,1054.82,1
ORD100686,CUST10947,2025-01-15,Chennai,Chennai,Surat,161.5,Books,4,3.31,Road,Ecom Express,778.82,128.73,9.08,2025-01-17,2025-01-21,2025-01-21,Delivered,4.0,No,No,4,0,4.822414860681115,907.5500000000001,1
ORD103297,CUST12159,2025-06-25,Bengaluru,Bengaluru,Coimbatore,406.5,Sports,2,3.63,Rail,Ecom Express,1425.41,365.44,9.22,2025-06-27,2025-07-03,2025-07-03,Delivered,5.0,No,No,6,0,3.5065436654366544,1790.8500000000001,1
ORD102888,CUST11520,2025-01-24,Hyderabad,Hyderabad,Coimbatore,238.4,Sports,3,3.46,Air,Shadowfax,2259.17,214.45,7.5,2025-01-26,2025-01-30,2025-01-30,Delivered,4.0,No,No,4,0,9.47638422818792,2473.62,1
ORD103431,CUST10819,2025-05-14,Bengaluru,Bengaluru,Delhi,114.5,Beauty,5,1.56,Rail,Blue Dart,378.74,71.36,8.41,2025-05-16,2025-05-21,2025-05-21,Delivered,5.0,No,No,5,0,3.3077729257641924,450.1,1
ORD103327,CUST11316,2025-05-03,Delhi,Delhi,Lucknow,121.2,Automotive,3,2.57,Road,Ecom Express,485.59,93.15,11.05,2025-05-05,2025-05-10,2025-05-11,Delayed,4.0,No,No,6,1,4.006518151815182,578.74,0
ORD104117,CUST11955,2025-12-20,Pune,Pune,Vijayawada,543.0,Grocery,3,1.73,Air,Blue Dart,4949.42,530.54,10.93,2025-12-23,2025-12-28,2025-12-28,Delivered,4.0,No,No,5,0,9.114953959484346,5479.96,1
ORD102398,CUST12744,2025-09-30,Bengaluru,Bengaluru,Kolkata,763.9,Electronics,6,2.7,Road,Shadowfax,3462.51,643.76,12.57,2025-10-02,2025-10-08,2025-10-08,Delivered,4.0,No,No,6,0,4.5326744338264175,4106.27,1
ORD104026,CUST10877,2025-10-29,Hyderabad,Hyderabad,Pune,739.7,Books,6,3.55,Air,Blue Dart,6772.46,855.99,5.04,2025-10-31,2025-11-02,2025-11-02,Delivered,5.0,No,No,2,0,9.155684737055562,7628.45,1
ORD103917,CUST11407,2025-12-09,Hyderabad,Hyderabad,Visakhapatnam,123.2,Beauty,5,16.54,Road,Delhivery,702.37,154.25,6.78,2025-12-10,2025-12-17,2025-12-17,Delivered,5.0,No,No,7,0,5.701055194805194,856.62,1
ORD102241,CUST11526,2025-05-09,Hyderabad,Hyderabad,Mumbai,178.5,Grocery,7,5.8,Road,Blue Dart,954.37,172.72,9.76,2025-05-11,2025-05-13,2025-05-13,Delivered,3.0,No,No,2,0,5.346610644257703,1127.09,1
ORD101284,CUST11692,2025-03-29,Chennai,Chennai,Kochi,877.6,Electronics,2,16.36,Road,Shadowfax,3938.39,971.75,10.62,2025-04-01,2025-04-07,2025-04-07,Delivered,4.0,No,No,6,0,4.487682315405651,4910.139999999999,1
ORD103789,CUST10156,2025-12-16,Pune,Pune,Nagpur,226.4,Grocery,1,1.56,Rail,Delhivery,772.82,133.05,6.45,2025-12-17,2025-12-22,2025-12-22,Delivered,5.0,No,No,5,0,3.413515901060071,905.8700000000001,1
ORD103689,CUST11629,2025-10-20,Hyderabad,Hyderabad,Jaipur,192.0,Beauty,2,6.34,Road,Dtdc,1100.58,197.54,8.72,2025-10-22,2025-10-26,2025-10-26,Delivered,4.0,No,No,4,0,5.732187499999999,1298.12,1
ORD103897,CUST12307,2025-07-13,Delhi,Delhi,Lucknow,672.7,Home & Kitchen,3,18.1,Rail,Ecom Express,2345.18,751.09,10.32,2025-07-16,2025-07-23,2025-07-23,Delivered,5.0,No,No,7,0,3.48621971160993,3096.27,1
ORD101222,CUST11437,2025-02-28,Chennai,Chennai,Bengaluru,227.6,Sports,4,4.98,Rail,Delhivery,809.99,183.91,6.6,2025-03-03,2025-03-09,2025-03-09,Delivered,4.0,Yes,No,6,0,3.5588312829525486,993.9,1
ORD103595,CUST12268,2025-06-10,Pune,Pune,Visakhapatnam,422.8,Sports,3,8.52,Rail,Delhivery,1705.84,270.52,4.75,2025-06-13,2025-06-19,2025-06-19,Delivered,5.0,No,No,6,0,4.034626300851466,1976.36,1
ORD104874,CUST12012,2025-09-23,Mumbai,Mumbai,Pune,354.3,Home & Kitchen,5,3.51,Express,Shadowfax,2608.89,384.81,10.37,2025-09-26,2025-10-01,2025-10-01,Delivered,4.0,No,No,5,0,7.363505503810329,2993.7,1
ORD104068,CUST12530,2025-09-05,Bengaluru,Bengaluru,Nagpur,52.2,Home & Kitchen,5,4.77,Road,Delhivery,238.73,20.0,6.3,2025-09-08,2025-09-13,2025-09-16,Delayed,4.0,No,No,8,3,4.573371647509578,258.73,0
ORD104137,CUST12757,2025-01-09,Hyderabad,Hyderabad,Kochi,163.0,Automotive,4,5.7,Road,Delhivery,823.29,158.01,7.04,2025-01-11,2025-01-15,2025-01-15,Delivered,5.0,No,No,4,0,5.050858895705521,981.3,1
ORD102289,CUST10927,2025-05-07,Bengaluru,Bengaluru,Lucknow,444.7,Automotive,5,11.76,Road,Xpressbees,1962.92,389.66,11.11,2025-05-09,2025-05-15,2025-05-20,Delayed,3.0,No,No,11,5,4.4140319316393075,2352.58,0
ORD104244,CUST10595,2025-06-20,Mumbai,Mumbai,Vijayawada,348.7,Sports,7,4.02,Road,Ecom Express,1459.26,375.98,8.15,2025-06-22,2025-06-28,2025-06-30,Delayed,5.0,No,No,8,2,4.184858044164038,1835.24,0
ORD101948,CUST11005,2025-03-17,Hyderabad,Hyderabad,Kolkata,291.0,Clothing,4,3.48,Road,Ecom Express,1229.14,282.95,8.93,2025-03-19,2025-03-25,2025-03-25,Delivered,4.0,No,No,6,0,4.223848797250859,1512.0900000000001,1
ORD102292,CUST11085,2025-05-05,Delhi,Delhi,Surat,421.4,Sports,3,11.49,Road,Dtdc,2098.87,386.84,0.0,2025-05-07,2025-05-13,2025-05-13,Delivered,4.0,No,No,6,0,4.980707166587565,2485.71,1
ORD102613,CUST11245,2025-01-08,Pune,Pune,Jaipur,301.3,Sports,3,0.94,Rail,Delhivery,991.87,237.85,9.84,2025-01-10,2025-01-15,2025-01-15,Delivered,4.0,No,No,5,0,3.2919681380683703,1229.72,1
ORD101627,CUST11244,2025-05-22,Hyderabad,Hyderabad,Lucknow,151.2,Electronics,4,4.38,Express,Xpressbees,1208.98,105.17,4.42,2025-05-24,2025-05-27,2025-05-27,Delivered,4.0,No,No,3,0,7.995899470899472,1314.15,1
ORD104010,CUST11684,2025-11-15,Chennai,Chennai,Ahmedabad,780.0,Electronics,1,4.97,Road,Blue Dart,3316.52,561.27,7.45,2025-11-17,2025-11-23,2025-11-27,Delayed,3.0,No,No,10,4,4.251948717948718,3877.79,0
ORD100820,CUST12446,2025-01-29,Mumbai,Mumbai,Delhi,671.5,Electronics,6,1.86,Rail,Blue Dart,0.0,699.09,8.85,2025-02-01,2025-02-08,2025-02-10,Delayed,3.0,No,No,9,2,0.0,699.09,0
ORD104184,CUST12439,2025-06-10,Hyderabad,Hyderabad,Surat,393.5,Home & Kitchen,7,0.87,Rail,Xpressbees,1543.5,395.41,4.82,2025-06-11,2025-06-17,2025-06-17,Delivered,4.0,No,No,6,0,3.9224904701397714,1938.91,1
ORD101745,CUST10337,2025-05-03,Chennai,Chennai,Visakhapatnam,141.6,Beauty,4,2.1,Air,Delhivery,1249.04,196.46,7.88,2025-05-06,2025-05-08,2025-05-08,Delivered,4.0,No,No,2,0,8.82090395480226,1445.5,1
ORD104478,CUST10770,2025-07-13,Bengaluru,Bengaluru,Nagpur,190.9,Grocery,1,6.24,Express,Ecom Express,1527.68,92.66,8.02,2025-07-16,2025-07-18,2025-07-24,Delayed,4.0,No,No,8,6,8.00251440544788,1620.3400000000001,0
ORD101497,CUST10875,2025-06-01,Mumbai,Mumbai,Lucknow,428.5,Home & Kitchen,4,2.97,Road,Blue Dart,1843.7,404.88,5.02,2025-06-03,2025-06-10,2025-06-10,Delivered,4.0,No,No,7,0,4.3026837806301055,2248.58,1
ORD100822,CUST10058,2025-12-14,Pune,Pune,Kolkata,369.8,Grocery,4,0.39,Air,Blue Dart,3372.69,370.67,5.36,2025-12-15,2025-12-17,2025-12-17,Delivered,5.0,No,No,2,0,9.120308274743104,3743.36,1
ORD104111,CUST10121,2025-04-28,Hyderabad,Hyderabad,Bengaluru,199.8,Grocery,4,1.1,Rail,Blue Dart,736.8,154.78,4.21,2025-04-29,2025-05-06,2025-05-06,Delivered,5.0,No,No,7,0,3.687687687687687,891.5799999999999,1
ORD102322,CUST10442,2025-02-10,Hyderabad,Hyderabad,Delhi,271.7,Electronics,2,3.57,Air,Xpressbees,2526.05,270.36,8.87,2025-02-12,2025-02-14,2025-02-16,Delayed,3.0,No,No,4,2,9.297202797202798,2796.4100000000003,0
ORD101093,CUST10171,2025-12-03,Bengaluru,Bengaluru,Nagpur,555.5,Home & Kitchen,3,14.76,Rail,Ecom Express,2059.25,431.95,11.16,2025-12-06,2025-12-11,2025-12-11,Delivered,5.0,No,No,5,0,3.707020702070207,2491.2,1
ORD103308,CUST11814,2025-11-23,Chennai,Chennai,Mumbai,614.7,Grocery,3,5.17,Road,Ecom Express,2749.2,578.19,2.0,2025-11-24,2025-11-30,2025-11-30,Delivered,5.0,No,No,6,0,4.472425573450463,3327.39,1
ORD104202,CUST11934,2025-10-06,Chennai,Chennai,Indore,94.3,Automotive,2,3.74,Road,Delhivery,533.1,145.86,8.11,2025-10-08,2025-10-12,2025-10-12,Delivered,5.0,Yes,No,4,0,5.653234358430542,678.96,1
ORD104899,CUST10501,2025-02-21,Delhi,Delhi,Bhopal,646.5,Automotive,1,1.62,Rail,Ecom Express,2122.34,614.01,8.37,2025-02-23,2025-03-02,2025-03-04,Delayed,4.0,No,No,9,2,3.282815158546017,2736.3500000000004,0
ORD104717,CUST11402,2025-01-05,Hyderabad,Hyderabad,Vijayawada,231.6,Sports,3,2.34,Road,Delhivery,1106.22,138.81,5.76,2025-01-07,2025-01-12,2025-01-15,Delayed,4.0,No,No,8,3,4.776424870466322,1245.03,0
ORD103827,CUST11853,2025-07-04,Mumbai,Mumbai,Visakhapatnam,201.4,Sports,2,2.31,Road,Xpressbees,910.32,134.86,8.1,2025-07-06,2025-07-11,2025-07-11,Delivered,5.0,Yes,Yes,5,0,4.519960278053625,1045.18,1
ORD102266,CUST10033,2025-03-07,Delhi,Delhi,Mumbai,858.1,Beauty,5,7.1,Road,Shadowfax,3932.3,722.48,7.41,2025-03-10,2025-03-16,2025-03-18,Delayed,4.0,No,No,8,2,4.5825661344831605,4654.780000000001,0
ORD103485,CUST12644,2025-05-22,Mumbai,Mumbai,Indore,178.7,Books,5,5.91,Road,Dtdc,871.0,142.15,7.37,2025-05-23,2025-05-29,2025-05-30,Delayed,4.0,Yes,Yes,7,1,4.874090654728596,1013.15,0
ORD103928,CUST10571,2025-05-07,Bengaluru,Bengaluru,Visakhapatnam,332.9,Books,6,6.82,Express,Ecom Express,2477.71,232.96,4.41,2025-05-09,2025-05-12,2025-05-12,Delivered,5.0,No,No,3,0,7.442805647341545,2710.67,1
ORD103435,CUST11012,2025-07-23,Chennai,Chennai,Kolkata,551.6,Beauty,1,1.06,Road,Dtdc,2309.73,581.48,8.35,2025-07-25,2025-07-31,2025-07-31,Delivered,5.0,No,No,6,0,4.187327773749093,2891.21,1
ORD103205,CUST10534,2025-11-24,Bengaluru,Bengaluru,Kolkata,254.6,Electronics,3,5.33,Express,Blue Dart,1996.72,268.55,6.16,2025-11-25,2025-11-28,2025-11-28,Delivered,5.0,No,No,3,0,7.842576590730558,2265.27,1
ORD101936,CUST11735,2025-04-24,Bengaluru,Bengaluru,Vijayawada,1117.6,Electronics,3,4.99,Road,Blue Dart,4910.0,1130.39,7.76,2025-04-27,2025-05-05,2025-05-05,Delivered,4.0,No,No,8,0,4.393342877594846,6040.39,1
ORD100187,CUST10554,2025-01-03,Bengaluru,Bengaluru,Mumbai,121.0,Sports,1,1.16,Road,Blue Dart,484.6,66.02,8.15,2025-01-06,2025-01-10,2025-01-10,Delivered,4.0,No,No,4,0,4.00495867768595,550.62,1
ORD102025,CUST11727,2025-01-04,Pune,Pune,Lucknow,253.3,Sports,4,5.12,Air,Xpressbees,2459.78,257.94,9.84,2025-01-07,2025-01-09,2025-01-09,Delivered,4.0,No,No,2,0,9.710935649427556,2717.7200000000003,1
ORD103839,CUST11380,2025-12-12,Mumbai,Mumbai,Indore,429.2,Books,6,9.01,Air,Xpressbees,4125.46,417.28,11.02,2025-12-15,2025-12-19,2025-12-19,Delivered,5.0,No,No,4,0,9.611975768872322,4542.74,1
ORD101349,CUST10546,2025-02-10,Pune,Pune,Vijayawada,940.7,Home & Kitchen,6,7.08,Air,Xpressbees,8725.76,1072.89,9.65,2025-02-12,2025-02-16,2025-02-16,Delivered,4.0,No,No,4,0,9.275815881790155,9798.65,1
ORD100754,CUST11638,2025-08-21,Pune,Pune,Surat,513.0,Home & Kitchen,3,0.51,Road,Ecom Express,2212.11,291.85,9.12,2025-08-22,2025-08-29,2025-08-29,Delivered,4.0,No,No,7,0,4.312105263157895,2503.96,1
ORD100751,CUST11463,2025-12-10,Hyderabad,Hyderabad,Bhopal,168.2,Beauty,1,2.91,Rail,Blue Dart,453.33,166.05,7.3,2025-12-12,2025-12-19,2025-12-19,Delivered,4.0,No,No,7,0,2.6951843043995245,619.38,1
ORD100703,CUST11978,2025-01-19,Mumbai,Mumbai,Hyderabad,303.8,Beauty,4,2.51,Rail,Dtdc,1072.22,340.23,9.44,2025-01-22,2025-01-28,2025-01-28,Delivered,5.0,No,No,6,0,3.52936142198815,1412.45,1
ORD104110,CUST12423,2025-06-22,Pune,Pune,Chennai,325.6,Automotive,1,4.88,Road,Delhivery,1537.54,282.27,11.47,2025-06-24,2025-07-01,2025-07-01,Delivered,4.0,No,No,7,0,4.722174447174447,1819.81,1
ORD102798,CUST11189,2025-08-19,Bengaluru,Bengaluru,Bhopal,115.0,Grocery,6,4.38,Road,Blue Dart,523.58,0.0,5.14,2025-08-21,2025-08-26,2025-08-30,Delayed,4.0,No,No,9,4,4.552869565217391,523.58,0
ORD102358,CUST11117,2025-01-02,Bengaluru,Bengaluru,Ahmedabad,273.7,Automotive,1,3.27,Road,Ecom Express,1272.52,228.05,9.46,2025-01-04,2025-01-10,2025-01-11,Delayed,5.0,No,No,7,1,4.64932407745707,1500.57,0
ORD104939,CUST10646,2025-09-16,Chennai,Chennai,Unknown,839.1,Sports,2,8.91,Air,Dtdc,7867.11,756.8,2.0,2025-09-17,2025-09-20,2025-09-23,Delayed,4.0,No,No,6,3,9.375652484805148,8623.91,0
ORD104099,CUST12295,2025-01-12,Bengaluru,Bengaluru,Mumbai,72.3,Books,1,6.62,Rail,Dtdc,415.14,37.65,7.84,2025-01-14,2025-01-21,2025-01-27,Delayed,5.0,No,No,13,6,5.741908713692946,452.78999999999996,0
ORD104893,CUST10470,2025-10-04,Mumbai,Mumbai,Coimbatore,215.3,Books,4,6.36,Road,Ecom Express,1077.86,241.0,13.0,2025-10-07,2025-10-12,2025-10-12,Delivered,3.0,No,No,5,0,5.006316767301439,1318.86,1
ORD103370,CUST11858,2025-08-24,Pune,Pune,Bengaluru,397.8,Books,6,2.43,Road,Dtdc,1808.73,363.62,7.92,2025-08-26,2025-09-01,2025-09-04,Delayed,3.0,No,No,9,3,4.54683257918552,2172.35,0
ORD100525,CUST11436,2025-04-21,Pune,Pune,Surat,1127.7,Beauty,4,1.77,Road,Shadowfax,4781.86,862.35,13.0,2025-04-24,2025-04-30,2025-04-30,Delivered,5.0,No,No,6,0,4.240365345393278,5644.21,1
ORD103552,CUST12790,2025-01-16,Hyderabad,Hyderabad,Coimbatore,472.3,Books,4,6.51,Road,Delhivery,2325.3,453.72,6.92,2025-01-18,2025-01-24,2025-01-24,Delivered,5.0,No,No,6,0,4.9233538005504975,2779.0200000000004,1
ORD101667,CUST12572,2025-11-10,Bengaluru,Bengaluru,Vijayawada,224.5,Beauty,5,0.7,Express,Blue Dart,1678.71,214.35,7.09,2025-11-13,2025-11-16,2025-11-16,Delivered,4.0,No,Yes,3,0,7.477550111358575,1893.06,1
ORD101835,CUST10200,2025-12-19,Hyderabad,Hyderabad,Surat,482.3,Beauty,3,7.75,Road,Blue Dart,2191.18,525.11,4.39,2025-12-21,2025-12-28,2025-12-30,Delayed,4.0,No,No,9,2,4.543188886585113,2716.29,0
ORD104342,CUST10047,2025-06-06,Hyderabad,Hyderabad,Nagpur,516.9,Electronics,1,2.04,Rail,Dtdc,1661.28,529.24,6.41,2025-06-08,2025-06-14,2025-06-14,Delivered,4.0,No,No,6,0,3.213929193267557,2190.52,1
ORD103754,CUST10387,2025-10-01,Bengaluru,Bengaluru,Kochi,222.0,Books,3,2.35,Road,Shadowfax,1159.95,0.0,7.21,2025-10-03,2025-10-07,2025-10-11,Delayed,4.0,No,No,8,4,5.2250000000000005,1159.95,0
ORD104749,CUST10939,2025-06-07,Pune,Pune,Coimbatore,1402.5,Automotive,1,2.81,Road,Delhivery,6018.27,1284.35,11.28,2025-06-09,2025-06-18,2025-06-18,Delivered,5.0,No,No,9,0,4.291101604278075,7302.620000000001,1
ORD101648,CUST12519,2025-08-09,Chennai,Chennai,Ahmedabad,103.1,Electronics,1,2.16,Road,Ecom Express,416.04,51.86,3.6,2025-08-12,2025-08-17,2025-08-17,Delivered,5.0,No,No,5,0,4.035305528612997,467.90000000000003,1
ORD102593,CUST11496,2025-02-13,Delhi,Delhi,Nagpur,221.4,Home & Kitchen,1,0.47,Road,Xpressbees,893.6,274.58,8.41,2025-02-14,2025-02-19,2025-02-19,Delivered,5.0,No,No,5,0,4.03613369467028,1168.18,1
ORD103267,CUST10197,2025-05-16,Bengaluru,Bengaluru,Nagpur,188.5,Automotive,1,4.18,Express,Blue Dart,1440.05,182.42,6.93,2025-05-19,2025-05-21,2025-05-23,Delayed,4.0,No,No,4,2,7.639522546419098,1622.47,0
ORD102349,CUST12267,2025-05-16,Bengaluru,Bengaluru,Pune,60.1,Books,4,6.59,Road,Dtdc,430.85,71.71,8.19,2025-05-18,2025-05-23,2025-05-27,Delayed,4.0,No,No,9,4,7.168885191347754,502.56,0
ORD104606,CUST11779,2025-09-17,Bengaluru,Bengaluru,Jaipur,280.2,Books,4,2.91,Air,Blue Dart,2723.49,224.48,8.27,2025-09-19,2025-09-23,2025-09-23,Delivered,5.0,No,No,4,0,9.719807280513919,2947.97,1
ORD103269,CUST10717,2025-05-18,Hyderabad,Hyderabad,Vijayawada,672.7,Beauty,5,9.69,Road,Ecom Express,2969.55,511.79,8.86,2025-05-20,2025-05-25,2025-05-25,Delivered,4.0,No,No,5,0,4.414374907090828,3481.34,1
ORD102622,CUST10220,2025-03-22,Bengaluru,Bengaluru,Vijayawada,578.6,Sports,4,7.45,Road,Ecom Express,2697.35,584.72,6.37,2025-03-24,2025-03-31,2025-03-31,Delivered,5.0,No,No,7,0,4.66185620463187,3282.0699999999997,1
ORD103972,CUST10687,2025-05-25,Hyderabad,Hyderabad,Jaipur,377.3,Grocery,7,6.56,Road,Ecom Express,1762.01,359.72,10.22,2025-05-28,2025-06-01,2025-06-05,Delayed,5.0,No,No,8,4,4.67005035780546,2121.73,0
ORD100851,CUST10181,2025-10-21,Delhi,Delhi,Ahmedabad,270.5,Grocery,6,5.41,Air,Xpressbees,2706.04,246.65,12.13,2025-10-25,2025-10-27,2025-10-27,Delivered,4.0,No,No,2,0,10.003844731977818,2952.69,1
ORD102023,CUST10280,2025-03-25,Hyderabad,Hyderabad,Bengaluru,237.2,Beauty,1,13.04,Rail,Delhivery,911.47,254.16,5.76,2025-03-26,2025-03-31,2025-03-31,Delivered,4.0,No,No,5,0,3.842622259696459,1165.63,1
ORD101600,CUST12120,2025-06-10,Hyderabad,Hyderabad,Delhi,376.1,Home & Kitchen,4,3.52,Express,Ecom Express,2652.98,437.15,2.74,2025-06-11,2025-06-14,2025-06-14,Delivered,4.0,No,No,3,0,7.053921829300718,3090.13,1
ORD104399,CUST10345,2025-10-12,Chennai,Chennai,Kolkata,694.9,Automotive,6,8.31,Road,Blue Dart,3028.56,575.24,12.45,2025-10-14,2025-10-20,2025-10-21,Delayed,4.0,No,No,7,1,4.35826737660095,3603.8,0
ORD100577,CUST11968,2025-02-16,Chennai,Chennai,Coimbatore,926.2,Beauty,2,2.31,Express,Blue Dart,6559.97,806.16,11.83,2025-02-18,2025-02-23,2025-02-23,Delivered,4.0,No,No,5,0,7.082671129345713,7366.13,1
ORD104387,CUST11190,2025-12-15,Hyderabad,Hyderabad,Vijayawada,277.9,Electronics,5,1.07,Road,Delhivery,1224.28,197.37,2.0,2025-12-16,2025-12-22,2025-12-23,Delayed,4.0,No,No,7,1,4.405469593378913,1421.65,0
ORD104807,CUST11713,2025-08-25,Delhi,Delhi,Pune,487.0,Home & Kitchen,2,4.77,Express,Dtdc,3596.05,544.57,9.15,2025-08-27,2025-09-01,2025-09-01,Delivered,4.0,No,No,5,0,7.384086242299795,4140.62,1
ORD103409,CUST11754,2025-09-20,Pune,Pune,Chennai,611.4,Automotive,5,8.17,Road,Blue Dart,2663.87,561.84,9.16,2025-09-22,2025-09-28,2025-09-28,Delivered,5.0,No,No,6,0,4.357000327118089,3225.71,1
ORD100785,CUST12070,2025-08-17,Mumbai,Mumbai,Indore,919.3,Home & Kitchen,2,5.88,Road,Shadowfax,4069.53,1044.18,10.3,2025-08-19,2025-08-26,2025-08-26,Delivered,4.0,No,No,7,0,4.426770368758839,5113.71,1
ORD101536,CUST10987,2025-01-08,Pune,Pune,Chennai,409.3,Grocery,4,10.01,Rail,Ecom Express,1570.14,306.25,6.39,2025-01-10,2025-01-16,2025-01-16,Delivered,5.0,No,No,6,0,3.8361592963596385,1876.39,1
ORD101076,CUST10172,2025-05-10,Hyderabad,Hyderabad,Bhopal,105.4,Electronics,5,5.37,Air,Ecom Express,1101.16,63.08,4.76,2025-05-11,2025-05-13,2025-05-13,Delivered,4.0,No,No,2,0,10.447438330170778,1164.24,1
ORD102158,CUST10169,2025-02-26,Bengaluru,Bengaluru,Kochi,275.5,Books,4,4.99,Rail,Blue Dart,988.64,287.97,8.72,2025-02-28,2025-03-07,2025-03-07,Delivered,4.0,No,No,7,0,3.588529945553539,1276.6100000000001,1
ORD101477,CUST12561,2025-12-17,Hyderabad,Hyderabad,Coimbatore,270.2,Home & Kitchen,7,3.69,Road,Xpressbees,1283.96,199.81,7.05,2025-12-20,2025-12-25,2025-12-29,Delayed,3.0,No,No,9,4,4.7518874907475945,1483.77,0
ORD103844,CUST11160,2025-09-07,Chennai,Chennai,Indore,424.8,Beauty,4,6.36,Road,Xpressbees,1965.75,411.3,10.8,2025-09-10,2025-09-15,2025-09-15,Delivered,5.0,No,No,5,0,4.627471751412429,2377.05,1
ORD100100,CUST11590,2025-05-02,Chennai,Chennai,Kolkata,1144.2,Sports,5,7.08,Road,Delhivery,5064.27,1037.59,7.17,2025-05-03,2025-05-09,2025-05-09,Delivered,4.0,No,No,6,0,4.426035658101731,6101.860000000001,1
ORD101327,CUST10246,2025-08-21,Mumbai,Mumbai,Hyderabad,307.1,Books,3,2.95,Air,Blue Dart,2771.29,291.08,12.59,2025-08-24,2025-08-29,2025-08-29,Delivered,4.0,No,No,5,0,9.024063822859002,3062.37,1
ORD104579,CUST11265,2025-10-08,Bengaluru,Bengaluru,Ahmedabad,323.0,Beauty,4,10.23,Road,Xpressbees,1584.58,374.57,10.86,2025-10-10,2025-10-15,2025-10-15,Delivered,4.0,No,No,5,0,4.905820433436532,1959.1499999999999,1
ORD104811,CUST12142,2025-12-16,Pune,Pune,Vijayawada,212.8,Electronics,2,13.08,Express,Delhivery,1736.11,144.31,9.6,2025-12-19,2025-12-22,2025-12-22,Delivered,4.0,No,No,3,0,8.158411654135337,1880.4199999999998,1
ORD100853,CUST11927,2025-07-03,Bengaluru,Bengaluru,Chennai,139.3,Clothing,2,9.52,Road,Ecom Express,755.99,64.36,9.2,2025-07-06,2025-07-11,2025-07-11,Delivered,4.0,No,No,5,0,5.427063890882986,820.35,1
ORD103606,CUST11262,2025-06-18,Delhi,Delhi,Ahmedabad,96.5,Beauty,3,6.26,Road,Shadowfax,374.88,85.65,9.24,2025-06-20,2025-06-25,2025-06-28,Delayed,4.0,No,No,8,3,3.8847668393782384,460.53,0
ORD103500,CUST12135,2025-03-02,Chennai,Chennai,Bengaluru,241.0,Home & Kitchen,4,0.41,Air,Shadowfax,2163.57,191.45,6.0,2025-03-04,2025-03-07,2025-03-07,Delivered,3.0,No,No,3,0,8.97746887966805,2355.02,1
ORD102039,CUST10270,2025-01-23,Chennai,Chennai,Nagpur,85.9,Home & Kitchen,4,9.31,Road,Xpressbees,612.35,54.45,10.3,2025-01-26,2025-01-29,2025-02-03,Delayed,4.0,No,No,8,5,7.128637951105937,666.8000000000001,0
ORD100357,CUST11200,2025-08-09,Bengaluru,Bengaluru,Ahmedabad,332.1,Books,6,4.41,Air,Delhivery,3159.32,337.76,5.0,2025-08-11,2025-08-14,2025-08-16,Delayed,3.0,No,Yes,5,2,9.513158687142427,3497.08,0
ORD103402,CUST11800,2025-04-18,Chennai,Chennai,Coimbatore,171.7,Home & Kitchen,4,2.76,Express,Dtdc,1317.05,52.82,6.38,2025-04-20,2025-04-24,2025-04-27,Delayed,5.0,Yes,No,7,3,7.670646476412347,1369.87,0
ORD100964,CUST12409,2025-06-18,Delhi,Delhi,Lucknow,793.5,Books,4,0.47,Air,Shadowfax,7331.33,780.39,8.55,2025-06-19,2025-06-24,2025-06-24,Delivered,4.0,No,No,5,0,9.239231253938248,8111.72,1
ORD103788,CUST11856,2025-09-25,Delhi,Delhi,Visakhapatnam,69.3,Grocery,1,2.48,Road,Delhivery,332.7,36.33,8.1,2025-09-27,2025-10-02,2025-10-02,Delivered,4.0,No,No,5,0,4.800865800865801,369.03,1
ORD100247,CUST12494,2025-01-29,Chennai,Chennai,Hyderabad,1255.5,Books,2,4.65,Road,Ecom Express,5179.27,1373.0,8.86,2025-02-01,2025-02-09,2025-02-10,Delayed,4.0,No,No,9,1,4.125264834727201,6552.27,0
ORD101035,CUST10216,2025-08-15,Delhi,Delhi,Unknown,155.5,Sports,1,2.58,Air,Delhivery,1394.93,156.22,10.76,2025-08-18,2025-08-21,2025-08-21,Delivered,5.0,No,No,3,0,8.970610932475884,1551.15,1
ORD103540,CUST12034,2025-12-06,Delhi,Delhi,Ahmedabad,144.9,Books,7,5.72,Rail,Xpressbees,616.26,104.9,11.27,2025-12-07,2025-12-13,2025-12-13,Delivered,4.0,No,No,6,0,4.253002070393374,721.16,1
ORD100478,CUST12088,2025-11-06,Mumbai,Mumbai,Chennai,363.7,Automotive,4,7.87,Road,Delhivery,1607.25,409.88,13.64,2025-11-09,2025-11-14,2025-11-14,Delivered,4.0,No,No,5,0,4.419164146274402,2017.13,1
ORD102458,CUST12057,2025-01-22,Chennai,Chennai,Ahmedabad,553.8,Automotive,6,2.54,Road,Xpressbees,2165.52,614.24,7.92,2025-01-24,2025-01-31,2025-01-31,Delivered,4.0,No,No,7,0,3.9102925243770317,2779.76,1
ORD100905,CUST12334,2025-08-05,Bengaluru,Bengaluru,Kochi,273.0,Home & Kitchen,2,1.64,Air,Ecom Express,2332.28,285.91,7.02,2025-08-07,2025-08-09,2025-08-11,Delayed,3.0,No,No,4,2,8.543150183150184,2618.19,0
ORD104953,CUST10144,2025-04-01,Delhi,Delhi,Lucknow,353.7,Sports,6,3.37,Road,Shadowfax,1564.19,333.2,8.76,2025-04-03,2025-04-08,2025-04-08,Delivered,4.0,No,No,5,0,4.4223635849590055,1897.39,1
ORD100695,CUST12263,2025-01-08,Chennai,Chennai,Ahmedabad,203.3,Books,6,1.81,Air,Dtdc,1870.69,133.36,9.39,2025-01-10,2025-01-13,2025-01-13,Delivered,5.0,No,No,3,0,9.201623216920806,2004.0500000000002,1
ORD104297,CUST12204,2025-04-04,Hyderabad,Hyderabad,Bhopal,127.5,Automotive,1,10.95,Air,Shadowfax,1189.94,133.71,5.14,2025-04-05,2025-04-07,2025-04-07,Delivered,3.0,No,No,2,0,9.332862745098039,1323.65,1
ORD104348,CUST10085,2025-07-18,Pune,Pune,Nagpur,620.9,Electronics,5,4.13,Road,Blue Dart,2597.45,492.13,10.89,2025-07-21,2025-07-28,2025-07-28,Delivered,4.0,No,No,7,0,4.183362860363988,3089.58,1
ORD104713,CUST11347,2025-06-02,Chennai,Chennai,Indore,438.6,Books,3,3.91,Rail,Delhivery,1378.15,403.84,4.52,2025-06-03,2025-06-08,2025-06-08,Delivered,5.0,No,No,5,0,3.142156862745098,1781.99,1
ORD104838,CUST11395,2025-03-20,Chennai,Chennai,Hyderabad,492.5,Automotive,5,3.2,Rail,Delhivery,1707.77,450.57,6.32,2025-03-22,2025-03-29,2025-03-29,Delivered,4.0,No,No,7,0,3.4675532994923857,2158.34,1
ORD100325,CUST11734,2025-04-04,Hyderabad,Hyderabad,Bhopal,521.0,Home & Kitchen,1,17.3,Rail,Shadowfax,1903.82,470.3,5.17,2025-04-05,2025-04-14,2025-04-16,Delayed,3.0,No,No,11,2,3.6541650671785026,2374.12,0
ORD102980,CUST11526,2025-10-12,Chennai,Chennai,Kolkata,388.1,Electronics,2,7.23,Road,Shadowfax,1723.6,337.72,5.58,2025-10-14,2025-10-19,2025-10-22,Delayed,3.0,No,No,8,3,4.441123421798505,2061.3199999999997,0
ORD103160,CUST11465,2025-01-08,Hyderabad,Hyderabad,Delhi,104.3,Home & Kitchen,1,4.9,Air,Blue Dart,1047.12,69.76,8.76,2025-01-11,2025-01-14,2025-01-14,Delivered,5.0,No,No,3,0,10.039501438159155,1116.8799999999999,1
ORD101860,CUST11485,2025-05-26,Hyderabad,Hyderabad,Visakhapatnam,485.4,Automotive,3,4.94,Rail,Blue Dart,1648.65,362.37,7.02,2025-05-28,2025-06-03,2025-06-08,Delayed,3.0,No,Yes,11,5,3.3964771322620524,2011.02,0
ORD101872,CUST11607,2025-04-02,Hyderabad,Hyderabad,Nagpur,490.8,Automotive,1,9.28,Road,Ecom Express,2053.61,383.1,5.45,2025-04-04,2025-04-10,2025-04-10,Delivered,3.0,No,No,6,0,4.184209453952731,2436.71,1
ORD100463,CUST11371,2025-03-16,Chennai,Chennai,Bengaluru,284.9,Grocery,7,3.05,Road,Ecom Express,1299.69,200.18,7.79,2025-03-18,2025-03-23,2025-03-23,Delivered,4.0,No,No,5,0,4.5619164619164625,1499.8700000000001,1
ORD102796,CUST10255,2025-07-14,Hyderabad,Hyderabad,Vijayawada,98.3,Beauty,3,3.0,Rail,Ecom Express,396.18,109.16,3.49,2025-07-16,2025-07-22,2025-07-22,Delivered,4.0,No,No,6,0,4.03031536113937,505.34000000000003,1
ORD103977,CUST10371,2025-11-10,Bengaluru,Bengaluru,Vijayawada,241.9,Electronics,2,3.36,Road,Shadowfax,1100.52,177.69,8.92,2025-11-12,2025-11-18,2025-11-18,Delivered,3.0,No,No,6,0,4.5494832575444395,1278.21,1
ORD104452,CUST10891,2025-04-15,Delhi,Delhi,Ahmedabad,423.7,Grocery,5,3.65,Rail,Shadowfax,1490.33,473.51,10.82,2025-04-18,2025-04-24,2025-04-24,Delivered,5.0,No,No,6,0,3.5174179844229405,1963.84,1
ORD100955,CUST10356,2025-12-30,Hyderabad,Hyderabad,Ahmedabad,188.6,Grocery,3,6.12,Rail,Ecom Express,599.99,189.04,8.15,2026-01-01,2026-01-07,2026-01-07,Delivered,5.0,No,No,6,0,3.181283138918346,789.03,1
ORD100341,CUST12532,2025-05-22,Chennai,Chennai,Vijayawada,296.0,Automotive,3,4.67,Air,Ecom Express,2718.88,220.43,5.72,2025-05-24,2025-05-27,2025-05-30,Delayed,4.0,No,No,6,3,9.185405405405406,2939.31,0
ORD104216,CUST10400,2025-02-08,Delhi,Delhi,Ahmedabad,348.6,Automotive,7,4.06,Road,Dtdc,1653.09,230.25,10.78,2025-02-10,2025-02-16,2025-02-17,Delayed,3.0,No,Yes,7,1,4.742082616179001,1883.34,0
ORD103381,CUST10378,2025-01-16,Mumbai,Mumbai,Bhopal,183.8,Grocery,3,1.93,Road,Blue Dart,843.47,230.45,13.03,2025-01-19,2025-01-23,2025-01-24,Delayed,3.0,No,No,5,1,4.589064200217628,1073.92,0
ORD101072,CUST10423,2025-02-15,Bengaluru,Bengaluru,Bhopal,421.8,Electronics,5,4.66,Road,Blue Dart,1858.82,482.5,4.06,2025-02-17,2025-02-22,2025-02-22,Delivered,5.0,No,No,5,0,4.40687529634898,2341.3199999999997,1
ORD101622,CUST12008,2025-09-11,Pune,Pune,Coimbatore,970.5,Automotive,5,6.85,Rail,Delhivery,3283.21,1023.17,10.38,2025-09-14,2025-09-20,2025-09-21,Delayed,3.0,No,No,7,1,3.3830087583719735,4306.38,0
ORD101998,CUST12620,2025-08-11,Pune,Pune,Nagpur,470.2,Home & Kitchen,7,3.83,Road,Blue Dart,2093.62,527.93,9.11,2025-08-14,2025-08-21,2025-08-21,Delivered,4.0,No,No,7,0,4.452615908124202,2621.5499999999997,1
ORD101535,CUST10403,2025-09-26,Hyderabad,Hyderabad,Delhi,716.5,Grocery,5,2.31,Express,Shadowfax,5169.33,610.73,5.47,2025-09-28,2025-10-02,2025-10-02,Delivered,4.0,No,No,4,0,7.214696441032798,5780.0599999999995,1
ORD103680,CUST12186,2025-08-23,Pune,Pune,Bhopal,214.8,Books,3,12.2,Road,Xpressbees,1112.19,202.16,9.26,2025-08-25,2025-09-01,2025-09-03,Delayed,4.0,No,No,9,2,5.177793296089385,1314.3500000000001,0
ORD101701,CUST10498,2025-06-13,Pune,Pune,Vijayawada,557.1,Electronics,7,6.3,Air,Blue Dart,5333.47,401.97,5.4,2025-06-15,2025-06-19,2025-06-19,Delivered,5.0,No,No,4,0,9.573631304972178,5735.4400000000005,1
ORD101055,CUST11229,2025-02-24,Bengaluru,Bengaluru,Indore,243.6,Automotive,1,12.11,Express,Dtdc,1925.12,289.81,9.37,2025-02-25,2025-03-01,2025-03-01,Delivered,3.0,No,No,4,0,7.902791461412151,2214.93,1
ORD104158,CUST11335,2025-04-26,Chennai,Chennai,Vijayawada,258.7,Home & Kitchen,5,6.38,Express,Shadowfax,1977.69,301.24,6.57,2025-04-28,2025-05-01,2025-05-01,Delivered,3.0,No,No,3,0,7.6447236180904525,2278.9300000000003,1
ORD102678,CUST10536,2025-04-16,Hyderabad,Hyderabad,Delhi,111.2,Home & Kitchen,3,4.46,Rail,Shadowfax,416.82,119.87,5.28,2025-04-17,2025-04-23,2025-04-23,Delivered,4.0,No,No,6,0,3.7483812949640285,536.69,1
ORD103822,CUST10713,2025-02-21,Chennai,Chennai,Jaipur,332.0,Sports,4,8.73,Road,Dtdc,1583.41,300.44,6.51,2025-02-23,2025-03-01,2025-03-01,Delivered,4.0,No,No,6,0,4.769307228915663,1883.8500000000001,1
ORD102923,CUST12546,2025-05-28,Hyderabad,Hyderabad,Kochi,306.4,Automotive,7,6.52,Road,Shadowfax,1464.43,0.0,2.7,2025-05-30,2025-06-04,2025-06-04,Delivered,5.0,No,No,5,0,4.779471279373369,1464.43,1
ORD102921,CUST11030,2025-07-30,Chennai,Chennai,Kolkata,251.0,Sports,4,6.81,Road,Xpressbees,1312.41,207.06,9.79,2025-08-02,2025-08-07,2025-08-07,Delivered,5.0,No,No,5,0,5.228725099601594,1519.47,1
ORD102362,CUST10694,2025-05-28,Pune,Pune,Bhopal,87.1,Home & Kitchen,4,3.91,Road,Ecom Express,520.94,63.46,7.65,2025-05-31,2025-06-03,2025-06-03,Delivered,4.0,No,No,3,0,5.980941446613089,584.4000000000001,1
ORD101027,CUST12152,2025-07-06,Delhi,Delhi,Ahmedabad,248.8,Sports,1,10.0,Air,Xpressbees,2302.37,192.13,3.98,2025-07-07,2025-07-10,2025-07-10,Delivered,4.0,No,No,3,0,9.253898713826366,2494.5,1
ORD101167,CUST12515,2025-08-06,Pune,Pune,Nagpur,326.6,Home & Kitchen,7,2.98,Road,Xpressbees,1536.51,286.95,9.2,2025-08-08,2025-08-14,2025-08-15,Delayed,3.0,No,No,7,1,4.704562155541947,1823.46,0
ORD103574,CUST11026,2025-11-02,Pune,Pune,Mumbai,121.8,Home & Kitchen,6,4.38,Road,Delhivery,656.45,88.17,7.76,2025-11-04,2025-11-10,2025-11-10,Delivered,4.0,No,No,6,0,5.389573070607554,744.62,1
ORD104050,CUST11092,2025-08-04,Bengaluru,Bengaluru,Indore,253.0,Automotive,3,3.76,Road,Dtdc,1084.46,181.58,8.31,2025-08-07,2025-08-12,2025-08-15,Delayed,4.0,No,Yes,8,3,4.286403162055336,1266.04,0
ORD104140,CUST10345,2025-02-28,Chennai,Chennai,Coimbatore,365.2,Clothing,1,18.9,Air,Xpressbees,3469.72,327.21,6.91,2025-03-03,2025-03-05,2025-03-05,Delivered,4.0,No,No,2,0,9.500876232201533,3796.93,1
ORD102756,CUST12699,2025-03-01,Delhi,Delhi,Kochi,397.1,Clothing,2,5.46,Express,Ecom Express,2868.71,424.06,10.18,2025-03-03,2025-03-05,2025-03-05,Delivered,5.0,No,No,2,0,7.224150088139007,3292.77,1
ORD103671,CUST12086,2025-10-01,Pune,Pune,Mumbai,324.9,Home & Kitchen,1,10.45,Rail,Delhivery,1204.71,419.32,7.28,2025-10-03,2025-10-10,2025-10-10,Delivered,4.0,No,No,7,0,3.707940904893814,1624.03,1
ORD102670,CUST12764,2025-12-15,Pune,Pune,Bengaluru,302.1,Grocery,1,3.25,Air,Ecom Express,2806.96,399.9,5.89,2025-12-17,2025-12-20,2025-12-20,Delivered,4.0,No,No,3,0,9.291492883151275,3206.86,1
ORD101712,CUST10487,2025-05-03,Bengaluru,Bengaluru,Surat,247.7,Electronics,6,8.35,Road,Delhivery,1190.27,222.19,6.94,2025-05-05,2025-05-11,2025-05-11,Delivered,4.0,No,No,6,0,4.805288655631813,1412.46,1
ORD104444,CUST11357,2025-10-22,Mumbai,Mumbai,Mumbai,66.7,Home & Kitchen,4,9.63,Express,Delhivery,769.84,106.87,7.06,2025-10-23,2025-10-24,2025-10-24,Delivered,4.0,No,No,1,0,11.541829085457271,876.71,1
ORD100411,CUST11033,2025-02-14,Delhi,Delhi,Jaipur,883.5,Electronics,5,3.25,Road,Xpressbees,3931.94,779.73,8.19,2025-02-16,2025-02-22,2025-02-22,Delivered,5.0,No,No,6,0,4.450413129598189,4711.67,1
ORD100896,CUST12561,2025-10-27,Hyderabad,Hyderabad,Bengaluru,365.8,Clothing,5,9.92,Road,Shadowfax,1802.15,375.08,6.22,2025-10-30,2025-11-04,2025-11-04,Delivered,5.0,No,No,5,0,4.926599234554401,2177.23,1
ORD100614,CUST11913,2025-02-23,Hyderabad,Hyderabad,Delhi,223.9,Home & Kitchen,7,3.8,Air,Delhivery,2018.36,241.36,7.18,2025-02-25,2025-03-01,2025-03-01,Delivered,5.0,No,No,4,0,9.014560071460473,2259.72,1
ORD102856,CUST10512,2025-10-18,Pune,Pune,Lucknow,135.2,Electronics,6,0.84,Road,Blue Dart,576.97,122.59,8.0,2025-10-21,2025-10-27,2025-10-27,Delivered,5.0,No,Yes,6,0,4.267529585798817,699.5600000000001,1
ORD103971,CUST12234,2025-05-06,Mumbai,Mumbai,Nagpur,216.3,Electronics,4,6.06,Express,Dtdc,1586.88,177.41,10.65,2025-05-09,2025-05-13,2025-05-13,Delivered,5.0,No,No,4,0,7.336477115117892,1764.2900000000002,1
ORD101845,CUST12351,2025-10-10,Hyderabad,Hyderabad,Indore,146.4,Books,4,8.3,Road,Delhivery,790.75,73.59,5.9,2025-10-12,2025-10-18,2025-10-18,Delivered,4.0,No,No,6,0,5.40129781420765,864.34,1
ORD103093,CUST11243,2025-07-09,Pune,Pune,Bengaluru,388.9,Automotive,7,7.6,Air,Ecom Express,3778.81,335.35,9.0,2025-07-10,2025-07-13,2025-07-13,Delivered,4.0,No,No,3,0,9.716662381074826,4114.16,1
ORD104453,CUST11558,2025-04-21,Bengaluru,Bengaluru,Nagpur,667.8,Books,3,4.92,Air,Shadowfax,6120.16,388.36,0.0,2025-04-24,2025-04-28,2025-04-28,Delivered,4.0,No,No,4,0,9.164660077867625,6508.5199999999995,1
ORD104061,CUST10480,2025-01-13,Chennai,Chennai,Indore,451.3,Electronics,3,5.85,Air,Blue Dart,4177.69,484.4,6.85,2025-01-15,2025-01-17,2025-01-19,Delayed,2.0,No,No,4,2,9.257013073343673,4662.089999999999,0
ORD102766,CUST10363,2025-08-22,Hyderabad,Hyderabad,Mumbai,858.1,Grocery,4,2.4,Express,Delhivery,6226.62,602.17,9.09,2025-08-25,2025-08-31,2025-08-31,Delivered,4.0,No,No,6,0,7.256287146020277,6828.79,1
ORD100979,CUST10587,2025-04-16,Delhi,Delhi,Hyderabad,913.5,Electronics,2,8.37,Road,Xpressbees,3852.4,814.66,9.18,2025-04-19,2025-04-26,2025-04-26,Delivered,4.0,No,No,7,0,4.217186644772852,4667.06,1
ORD104085,CUST11703,2025-07-27,Mumbai,Mumbai,Ahmedabad,1079.1,Beauty,4,3.19,Rail,Dtdc,3465.44,1045.81,10.8,2025-07-29,2025-08-06,2025-08-06,Delivered,4.0,No,No,8,0,3.2114169215086648,4511.25,1
ORD102483,CUST12557,2025-12-16,Delhi,Delhi,Chennai,322.8,Sports,3,17.26,Road,Dtdc,1594.25,273.95,9.31,2025-12-18,2025-12-22,2025-12-22,Delivered,4.0,No,No,4,0,4.938816604708798,1868.2,1
ORD100910,CUST10302,2025-11-01,Hyderabad,Hyderabad,Nagpur,551.2,Sports,6,1.78,Air,Dtdc,5207.91,630.63,6.45,2025-11-02,2025-11-04,2025-11-04,Delivered,4.0,No,No,2,0,9.448312772133526,5838.54,1
ORD101757,CUST12215,2025-02-15,Delhi,Delhi,Indore,207.7,Home & Kitchen,7,10.17,Road,Shadowfax,1097.54,177.56,8.78,2025-02-17,2025-02-21,2025-02-21,Delivered,5.0,No,No,4,0,5.284256138661531,1275.1,1
ORD100791,CUST11974,2025-12-13,Hyderabad,Hyderabad,Surat,870.4,Books,1,6.06,Road,Ecom Express,3774.02,717.97,4.17,2025-12-14,2025-12-21,2025-12-21,Delivered,4.0,No,No,7,0,4.3359604779411764,4491.99,1
ORD103179,CUST12428,2025-05-30,Hyderabad,Hyderabad,Ahmedabad,337.3,Clothing,6,5.4,Road,Xpressbees,1538.53,192.13,5.1,2025-06-01,2025-06-06,2025-06-06,Delivered,4.0,No,No,5,0,4.561310406166617,1730.6599999999999,1
ORD102208,CUST10213,2025-04-01,Bengaluru,Bengaluru,Chennai,982.7,Electronics,2,0.57,Express,Dtdc,6942.63,869.45,8.09,2025-04-04,2025-04-09,2025-04-09,Delivered,5.0,No,No,5,0,7.064851938536685,7812.08,1
ORD101595,CUST12253,2025-07-15,Hyderabad,Hyderabad,Mumbai,604.3,Home & Kitchen,1,5.19,Air,Xpressbees,5601.52,535.61,7.38,2025-07-17,2025-07-19,2025-07-19,Delivered,3.0,No,No,2,0,9.2694357107397,6137.13,1
ORD104660,CUST11867,2025-02-07,Delhi,Delhi,Jaipur,112.2,Beauty,4,7.1,Road,Xpressbees,0.0,53.25,4.65,2025-02-08,2025-02-13,2025-02-18,Delayed,4.0,No,No,10,5,0.0,53.25,0
ORD100335,CUST10369,2025-03-20,Bengaluru,Bengaluru,Chennai,1595.3,Automotive,2,2.81,Air,Dtdc,14459.01,1444.66,8.31,2025-03-22,2025-03-30,2025-03-30,Delivered,5.0,No,No,8,0,9.063505296809378,15903.67,1
ORD100800,CUST10166,2025-07-21,Hyderabad,Hyderabad,Surat,920.7,Beauty,3,6.59,Rail,Dtdc,3201.23,771.56,9.35,2025-07-24,2025-08-01,2025-08-01,Delivered,4.0,No,No,8,0,3.4769523188878027,3972.79,1
ORD104638,CUST12318,2025-08-12,Hyderabad,Hyderabad,Delhi,389.1,Clothing,4,3.82,Road,Blue Dart,1745.42,340.62,7.66,2025-08-13,2025-08-18,2025-08-18,Delivered,4.0,No,No,5,0,4.485787715240298,2086.04,1
ORD100893,CUST11007,2025-03-15,Pune,Pune,Delhi,1012.6,Beauty,4,5.34,Air,Ecom Express,9247.24,1021.47,9.0,2025-03-17,2025-03-21,2025-03-21,Delivered,5.0,No,No,4,0,9.132174600039502,10268.71,1
ORD104663,CUST11291,2025-06-29,Pune,Pune,Ahmedabad,630.3,Electronics,5,5.7,Rail,Dtdc,2091.03,472.68,7.19,2025-07-01,2025-07-08,2025-07-08,Delivered,4.0,No,No,7,0,3.3175154688243698,2563.71,1
ORD100142,CUST10926,2025-06-09,Bengaluru,Bengaluru,Coimbatore,307.3,Electronics,7,3.09,Express,Dtdc,2191.01,198.79,10.05,2025-06-11,2025-06-14,2025-06-14,Delivered,4.0,No,No,3,0,7.1298730881874395,2389.8,1
ORD101127,CUST11018,2025-06-05,Chennai,Chennai,Nagpur,501.5,Grocery,5,9.56,Express,Delhivery,3853.96,427.47,6.54,2025-06-08,2025-06-12,2025-06-13,Delayed,3.0,No,No,5,1,7.684865403788634,4281.43,0
ORD104350,CUST10046,2025-05-11,Chennai,Chennai,Kolkata,154.0,Automotive,7,19.89,Road,Shadowfax,957.01,191.14,7.98,2025-05-15,2025-05-21,2025-05-24,Delayed,4.0,No,No,9,3,6.214350649350649,1148.15,0
ORD103133,CUST12130,2025-11-16,Chennai,Chennai,Ahmedabad,118.2,Clothing,1,13.65,Air,Ecom Express,1410.58,39.73,8.73,2025-11-19,2025-11-20,2025-11-26,Delayed,4.0,No,No,7,6,11.93384094754653,1450.31,0
ORD100038,CUST11615,2025-05-14,Mumbai,Mumbai,Kochi,35.4,Grocery,3,7.02,Road,Shadowfax,315.73,20.0,7.83,2025-05-17,2025-05-24,2025-05-26,Delayed,5.0,No,No,9,2,8.918926553672318,335.73,0
ORD104927,CUST11067,2025-09-20,Chennai,Chennai,Delhi,182.3,Books,6,1.81,Air,Ecom Express,1630.32,168.17,5.06,2025-09-21,2025-09-23,2025-09-23,Delivered,4.0,No,No,2,0,8.943060888645089,1798.49,1
ORD100035,CUST10123,2025-11-05,Bengaluru,Bengaluru,Bhopal,155.4,Automotive,2,3.67,Rail,Xpressbees,715.33,127.88,8.94,2025-11-07,2025-11-13,2025-11-14,Delayed,3.0,No,No,7,1,4.603153153153153,843.21,0
ORD102790,CUST10281,2025-10-02,Chennai,Chennai,Surat,466.4,Automotive,3,2.78,Road,Delhivery,2051.2,523.59,12.05,2025-10-05,2025-10-09,2025-10-09,Delivered,4.0,No,No,4,0,4.397941680960549,2574.79,1
ORD103433,CUST12743,2025-09-26,Hyderabad,Hyderabad,Delhi,325.5,Sports,1,5.74,Rail,Xpressbees,1154.28,332.9,6.32,2025-09-27,2025-10-04,2025-10-05,Delayed,3.0,No,No,8,1,3.5461751152073733,1487.1799999999998,0
ORD103776,CUST12753,2025-08-10,Hyderabad,Hyderabad,Delhi,183.4,Books,7,5.91,Road,Shadowfax,1176.42,108.11,11.11,2025-08-13,2025-08-18,2025-08-18,Delivered,4.0,No,No,5,0,6.414503816793894,1284.53,1
ORD103906,CUST10111,2025-05-27,Chennai,Chennai,Coimbatore,813.7,Beauty,3,2.69,Express,Shadowfax,5661.94,609.14,6.58,2025-05-29,2025-06-03,2025-06-05,Delayed,4.0,No,No,7,2,6.958264716726065,6271.08,0
ORD100613,CUST11830,2025-09-29,Delhi,Delhi,Coimbatore,134.3,Clothing,3,1.56,Road,Delhivery,665.55,135.3,5.92,2025-10-01,2025-10-07,2025-10-07,Delivered,4.0,No,Yes,6,0,4.9556962025316444,800.8499999999999,1
ORD100181,CUST12117,2025-02-18,Bengaluru,Bengaluru,Kolkata,838.2,Beauty,4,4.73,Rail,Shadowfax,2790.54,951.79,10.47,2025-02-20,2025-02-27,2025-02-27,Delivered,3.0,No,No,7,0,3.329205440229062,3742.33,1
ORD103833,CUST12053,2025-11-24,Delhi,Delhi,Coimbatore,242.0,Beauty,7,13.01,Road,Blue Dart,1217.25,221.8,6.24,2025-11-26,2025-12-02,2025-12-02,Delivered,5.0,No,No,6,0,5.029958677685951,1439.05,1
ORD104759,CUST10179,2025-06-18,Chennai,Chennai,Surat,742.0,Beauty,1,1.94,Rail,Blue Dart,2483.86,789.12,4.63,2025-06-19,2025-06-24,2025-06-24,Delivered,4.0,No,No,5,0,3.3475202156334234,3272.98,1
ORD103840,CUST10788,2025-01-08,Mumbai,Mumbai,Visakhapatnam,1006.4,Sports,7,2.03,Rail,Dtdc,3358.89,1023.76,8.02,2025-01-10,2025-01-18,2025-01-18,Delivered,4.0,No,No,8,0,3.3375298092209857,4382.65,1
ORD101852,CUST10374,2025-10-23,Bengaluru,Bengaluru,Ahmedabad,541.3,Beauty,5,5.22,Rail,Dtdc,1994.72,565.52,7.95,2025-10-25,2025-11-01,2025-11-01,Delivered,5.0,No,No,7,0,3.6850544984297064,2560.24,1
ORD102755,CUST10291,2025-04-29,Bengaluru,Bengaluru,Delhi,90.8,Electronics,2,5.19,Road,Xpressbees,499.62,139.12,7.13,2025-05-01,2025-05-05,2025-05-08,Delayed,3.0,No,No,7,3,5.502422907488987,638.74,0
ORD100468,CUST11482,2025-06-03,Delhi,Delhi,Bhopal,128.6,Electronics,5,2.09,Road,Ecom Express,816.58,166.09,9.09,2025-06-04,2025-06-10,2025-06-10,Delivered,5.0,No,No,6,0,6.3497667185069995,982.6700000000001,1
ORD101400,CUST11618,2025-11-12,Chennai,Chennai,Bhopal,194.9,Automotive,4,3.14,Road,Delhivery,919.02,146.37,4.1,2025-11-13,2025-11-18,2025-11-18,Delivered,5.0,No,Yes,5,0,4.7153412006157005,1065.3899999999999,1
ORD100737,CUST10460,2025-08-23,Delhi,Delhi,Hyderabad,301.0,Electronics,1,9.54,Express,Dtdc,2414.79,225.55,10.29,2025-08-26,2025-08-28,2025-08-29,Delayed,4.0,No,No,3,1,8.022558139534883,2640.34,0
ORD101992,CUST11214,2025-03-17,Bengaluru,Bengaluru,Kolkata,120.7,Electronics,2,7.15,Express,Shadowfax,1037.95,129.73,11.89,2025-03-20,2025-03-23,2025-03-27,Delayed,4.0,No,No,7,4,8.599420049710025,1167.68,0
ORD102246,CUST10331,2025-04-09,Mumbai,Mumbai,Jaipur,1340.7,Clothing,4,4.18,Road,Blue Dart,5738.71,1369.68,8.3,2025-04-13,2025-04-22,2025-04-22,Delivered,4.0,No,No,9,0,4.2803833818154695,7108.39,1
ORD100195,CUST11146,2025-02-18,Delhi,Delhi,Pune,364.7,Books,1,4.49,Air,Dtdc,3560.31,430.45,8.89,2025-02-21,2025-02-23,2025-02-28,Delayed,3.0,No,No,7,5,9.762297778996436,3990.7599999999998,0
ORD101684,CUST11108,2025-07-05,Chennai,Chennai,Vijayawada,189.9,Beauty,2,4.43,Road,Dtdc,935.68,159.12,6.66,2025-07-07,2025-07-12,2025-07-12,Delivered,5.0,No,No,5,0,4.92722485518694,1094.8,1
ORD100316,CUST12390,2025-02-20,Delhi,Delhi,Coimbatore,84.4,Beauty,2,5.16,Road,Ecom Express,506.86,111.87,12.81,2025-02-23,2025-02-27,2025-02-27,Delivered,4.0,No,No,4,0,6.005450236966825,618.73,1
ORD104876,CUST11301,2025-02-09,Bengaluru,Bengaluru,Coimbatore,542.8,Sports,1,2.23,Road,Delhivery,2224.95,443.03,8.57,2025-02-12,2025-02-17,2025-02-19,Delayed,3.0,No,No,7,2,4.099023581429624,2667.9799999999996,0
ORD104459,CUST12790,2025-01-19,Pune,Pune,Ahmedabad,370.9,Clothing,4,5.07,Rail,Dtdc,1244.79,381.42,10.56,2025-01-21,2025-01-27,2025-01-27,Delivered,4.0,No,No,6,0,3.356133728767862,1626.21,1
ORD101572,CUST12111,2025-06-09,Bengaluru,Bengaluru,Jaipur,72.8,Grocery,5,3.37,Road,Shadowfax,328.94,28.9,7.19,2025-06-11,2025-06-16,2025-06-16,Delivered,5.0,No,No,5,0,4.518406593406594,357.84,1
ORD102352,CUST10929,2025-11-21,Hyderabad,Hyderabad,Vijayawada,249.4,Sports,2,4.1,Air,Dtdc,2429.74,289.11,6.18,2025-11-22,2025-11-24,2025-11-25,Delayed,4.0,No,No,3,1,9.74234161988773,2718.85,0
ORD104290,CUST10661,2025-10-02,Hyderabad,Hyderabad,Nagpur,207.4,Sports,4,0.44,Road,Blue Dart,884.76,191.56,2.03,2025-10-04,2025-10-09,2025-10-09,Delivered,5.0,No,No,5,0,4.26595949855352,1076.32,1
ORD104408,CUST11158,2025-05-01,Delhi,Delhi,Nagpur,51.8,Electronics,1,3.64,Road,Shadowfax,301.04,34.74,10.39,2025-05-03,2025-05-09,2025-05-09,Delivered,4.0,No,No,6,0,5.8115830115830125,335.78000000000003,1
ORD100336,CUST11658,2025-05-08,Bengaluru,Bengaluru,Kolkata,165.8,Clothing,2,4.61,Express,Shadowfax,1315.71,200.78,10.65,2025-05-11,2025-05-14,2025-05-14,Delivered,4.0,No,No,3,0,7.9355247285886605,1516.49,1
ORD102887,CUST11417,2025-09-22,Mumbai,Mumbai,Kochi,476.2,Sports,1,3.12,Rail,Shadowfax,1564.05,520.18,10.05,2025-09-24,2025-09-30,2025-09-30,Delivered,4.0,No,No,6,0,3.2844393112137755,2084.23,1
ORD103199,CUST10895,2025-03-12,Hyderabad,Hyderabad,Indore,497.0,Beauty,5,5.75,Express,Shadowfax,3632.28,564.1,5.31,2025-03-13,2025-03-16,2025-03-16,Delivered,5.0,No,Yes,3,0,7.30841046277666,4196.38,1
ORD104879,CUST10463,2025-02-17,Pune,Pune,Surat,164.7,Automotive,2,2.52,Air,Delhivery,1649.47,161.13,11.45,2025-02-19,2025-02-21,2025-02-21,Delivered,4.0,No,No,2,0,10.014996964177293,1810.6,1
ORD104513,CUST11300,2025-02-28,Delhi,Delhi,Coimbatore,369.2,Books,5,2.85,Air,Blue Dart,3389.8,406.3,13.16,2025-03-03,2025-03-06,2025-03-06,Delivered,5.0,No,No,3,0,9.181473456121344,3796.1000000000004,1
ORD102607,CUST10187,2025-01-28,Delhi,Delhi,Bengaluru,220.1,Sports,5,5.07,Road,Xpressbees,1082.71,120.16,7.64,2025-01-30,2025-02-05,2025-02-05,Delivered,4.0,No,No,6,0,4.919173103134939,1202.8700000000001,1
ORD103209,CUST10960,2025-06-21,Bengaluru,Bengaluru,Vijayawada,222.1,Books,4,0.2,Air,Ecom Express,1998.01,146.02,5.74,2025-06-22,2025-06-24,2025-06-24,Delivered,4.0,No,No,2,0,8.995992796037822,2144.03,1
ORD101972,CUST10967,2025-03-29,Bengaluru,Bengaluru,Lucknow,119.9,Sports,3,7.56,Road,Shadowfax,678.31,151.7,6.29,2025-03-31,2025-04-04,2025-04-04,Delivered,4.0,Yes,No,4,0,5.657297748123436,830.01,1
ORD100717,CUST12573,2025-11-11,Chennai,Chennai,Bengaluru,102.2,Grocery,1,5.73,Road,Ecom Express,483.87,109.84,10.83,2025-11-13,2025-11-18,2025-11-18,Delivered,5.0,No,No,5,0,4.73454011741683,593.71,1
ORD104191,CUST10697,2025-05-02,Delhi,Delhi,Indore,398.0,Books,4,2.78,Air,Shadowfax,3703.77,313.65,8.37,2025-05-04,2025-05-06,2025-05-06,Delivered,5.0,No,No,2,0,9.305954773869347,4017.42,1
ORD101208,CUST10831,2025-03-14,Chennai,Chennai,Bhopal,861.6,Grocery,3,4.13,Road,Dtdc,3962.17,1002.52,9.41,2025-03-17,2025-03-23,2025-03-23,Delivered,5.0,No,No,6,0,4.598618848653667,4964.6900000000005,1
ORD101751,CUST11771,2025-04-05,Bengaluru,Bengaluru,Kolkata,515.7,Electronics,1,4.41,Air,Ecom Express,4790.11,526.6,7.42,2025-04-06,2025-04-10,2025-04-10,Delivered,5.0,No,No,4,0,9.288559239868139,5316.71,1
ORD101512,CUST10609,2025-09-21,Bengaluru,Bengaluru,Delhi,201.1,Electronics,5,12.34,Road,Delhivery,1152.61,189.13,9.21,2025-09-23,2025-09-29,2025-09-29,Delivered,4.0,No,No,6,0,5.731526603679761,1341.7399999999998,1
ORD100777,CUST12645,2025-09-08,Chennai,Chennai,Jaipur,175.9,Automotive,1,2.8,Express,Ecom Express,1209.47,143.22,7.94,2025-09-10,2025-09-13,2025-09-13,Delivered,3.0,No,No,3,0,6.875895395110859,1352.69,1
ORD101880,CUST10946,2025-09-09,Pune,Pune,Lucknow,151.2,Automotive,1,3.59,Road,Blue Dart,679.06,148.57,9.86,2025-09-12,2025-09-18,2025-09-18,Delivered,4.0,No,No,6,0,4.491137566137566,827.6299999999999,1
ORD103240,CUST12471,2025-09-02,Mumbai,Mumbai,Indore,286.1,Home & Kitchen,1,3.54,Express,Xpressbees,2031.5,290.29,8.58,2025-09-05,2025-09-08,2025-09-08,Delivered,4.0,No,No,3,0,7.100664103460328,2321.79,1
ORD100641,CUST11568,2025-05-02,Pune,Pune,Hyderabad,81.8,Beauty,4,2.61,Rail,Shadowfax,376.69,90.15,0.0,2025-05-04,2025-05-09,2025-05-09,Delivered,4.0,No,No,5,0,4.605012224938876,466.84000000000003,1
ORD102370,CUST10351,2025-06-03,Pune,Pune,Ahmedabad,347.6,Automotive,7,23.75,Express,Ecom Express,2909.7,354.65,10.36,2025-06-05,2025-06-07,2025-06-13,Delayed,3.0,No,No,8,6,8.370828538550056,3264.35,0
ORD101753,CUST11181,2025-09-09,Pune,Pune,Indore,757.7,Electronics,6,0.2,Road,Delhivery,3199.09,838.72,11.54,2025-09-11,2025-09-18,2025-09-18,Delivered,4.0,No,No,7,0,4.222106374554573,4037.8100000000004,1
ORD103361,CUST10577,2025-02-22,Bengaluru,Bengaluru,Hyderabad,693.5,Home & Kitchen,3,10.38,Road,Blue Dart,3141.66,704.57,8.01,2025-02-25,2025-03-03,2025-03-05,Delayed,4.0,No,No,8,2,4.53015140591204,3846.23,0
ORD100503,CUST10965,2025-09-15,Mumbai,Mumbai,Bhopal,180.9,Electronics,2,2.72,Road,Xpressbees,843.22,220.59,9.37,2025-09-17,2025-09-23,2025-09-23,Delivered,4.0,No,No,6,0,4.661249309010503,1063.81,1
ORD103467,CUST12371,2025-07-10,Hyderabad,Hyderabad,Nagpur,190.5,Clothing,6,1.06,Road,Dtdc,938.57,191.82,7.69,2025-07-12,2025-07-16,2025-07-18,Delayed,3.0,No,No,6,2,4.926876640419947,1130.39,0
ORD103749,CUST12679,2025-09-30,Delhi,Delhi,Surat,197.7,Automotive,3,3.02,Road,Dtdc,998.59,0.0,8.8,2025-10-02,2025-10-10,2025-10-16,Delayed,3.0,No,No,14,6,5.051036924633284,998.59,0
ORD104289,CUST10353,2025-05-16,Mumbai,Mumbai,Kochi,594.3,Grocery,2,2.95,Road,Blue Dart,2535.12,463.52,11.75,2025-05-18,2025-05-24,2025-05-24,Delivered,4.0,No,No,6,0,4.265724381625442,2998.64,1
ORD104969,CUST10666,2025-02-05,Chennai,Chennai,Kolkata,146.7,Books,3,2.27,Rail,Xpressbees,721.48,138.77,9.81,2025-02-07,2025-02-13,2025-02-14,Delayed,4.0,No,No,7,1,4.918064076346285,860.25,0
ORD101310,CUST12211,2025-07-30,Pune,Pune,Vijayawada,203.1,Home & Kitchen,2,18.29,Air,Shadowfax,2156.42,154.37,12.04,2025-08-01,2025-08-04,2025-08-04,Delivered,5.0,No,No,3,0,10.61752831117676,2310.79,1
ORD102977,CUST10027,2025-01-02,Delhi,Delhi,Nagpur,420.1,Grocery,3,5.9,Road,Blue Dart,0.0,277.63,9.58,2025-01-04,2025-01-10,2025-01-10,Delivered,4.0,No,No,6,0,0.0,277.63,1
ORD102389,CUST11476,2025-05-24,Hyderabad,Hyderabad,Coimbatore,345.9,Books,1,2.36,Road,Ecom Express,1427.0,307.57,8.19,2025-05-26,2025-05-31,2025-05-31,Delivered,4.0,No,No,5,0,4.125469788956346,1734.57,1
ORD103460,CUST11671,2025-12-26,Chennai,Chennai,Nagpur,117.2,Sports,5,5.03,Road,Shadowfax,476.14,60.52,6.78,2025-12-28,2026-01-02,2026-01-05,Delayed,4.0,No,No,8,3,4.062627986348122,536.66,0
ORD100885,CUST11902,2025-01-01,Delhi,Delhi,Hyderabad,852.8,Home & Kitchen,4,3.92,Road,Delhivery,3728.96,1003.18,9.76,2025-01-03,2025-01-08,2025-01-08,Delivered,4.0,No,No,5,0,4.372607879924954,4732.14,1
ORD102998,CUST12401,2025-07-07,Bengaluru,Bengaluru,Delhi,114.5,Home & Kitchen,2,1.93,Road,Dtdc,614.57,91.75,5.58,2025-07-09,2025-07-15,2025-07-15,Delivered,5.0,No,No,6,0,5.367423580786027,706.32,1
ORD100391,CUST10603,2025-04-27,Bengaluru,Bengaluru,Nagpur,114.9,Books,6,1.54,Express,Delhivery,759.92,130.27,7.15,2025-04-29,2025-05-02,2025-05-06,Delayed,3.0,No,Yes,7,4,6.613751087902523,890.1899999999999,0
ORD100511,CUST12033,2025-07-26,Hyderabad,Hyderabad,Nagpur,734.9,Clothing,2,9.48,Road,Shadowfax,3367.3,569.2,5.76,2025-07-28,2025-08-02,2025-08-02,Delivered,4.0,No,No,5,0,4.581983943393659,3936.5,1
ORD101387,CUST12316,2025-02-27,Hyderabad,Hyderabad,Lucknow,519.1,Grocery,3,1.2,Road,Ecom Express,2167.49,491.13,5.16,2025-02-28,2025-03-06,2025-03-06,Delivered,4.0,No,No,6,0,4.175476786746291,2658.62,1
ORD101509,CUST10852,2025-09-24,Hyderabad,Hyderabad,Chennai,101.8,Grocery,7,2.01,Road,Ecom Express,645.76,112.14,4.24,2025-09-26,2025-09-30,2025-09-30,Delivered,5.0,No,No,4,0,6.343418467583497,757.9,1
ORD102865,CUST11467,2025-02-04,Delhi,Delhi,Indore,260.8,Beauty,5,5.96,Rail,Xpressbees,960.1,173.07,9.63,2025-02-06,2025-02-11,2025-02-13,Delayed,3.0,No,No,7,2,3.6813650306748467,1133.17,0
ORD102072,CUST12633,2025-06-28,Chennai,Chennai,Lucknow,514.6,Electronics,5,10.14,Road,Xpressbees,2374.54,574.95,8.74,2025-06-30,2025-07-05,2025-07-05,Delivered,3.0,No,No,5,0,4.614341235911387,2949.49,1
ORD103275,CUST12386,2025-08-21,Mumbai,Mumbai,Delhi,617.0,Beauty,1,3.5,Road,Blue Dart,2568.68,572.87,6.78,2025-08-23,2025-08-30,2025-08-30,Delivered,5.0,No,No,7,0,4.163176661264181,3141.5499999999997,1
ORD104878,CUST10655,2025-06-13,Delhi,Delhi,Chennai,399.7,Books,1,4.05,Road,Blue Dart,1749.67,346.36,5.9,2025-06-15,2025-06-20,2025-06-20,Delivered,4.0,No,No,5,0,4.377458093570178,2096.03,1
ORD100733,CUST11685,2025-07-23,Chennai,Chennai,Hyderabad,373.2,Home & Kitchen,6,3.23,Road,Shadowfax,1636.42,264.44,4.42,2025-07-25,2025-07-29,2025-07-29,Delivered,4.0,No,No,4,0,4.3848338692390145,1900.8600000000001,1
ORD101459,CUST11865,2025-03-07,Pune,Pune,Bengaluru,336.9,Clothing,3,14.93,Road,Delhivery,1628.0,345.05,11.48,2025-03-10,2025-03-16,2025-03-16,Delivered,4.0,No,No,6,0,4.832294449391511,1973.05,1
ORD104255,CUST10445,2025-01-21,Mumbai,Mumbai,Indore,571.8,Sports,3,3.81,Road,Dtdc,2313.4,559.65,7.7,2025-01-23,2025-01-29,2025-01-31,Delayed,3.0,No,No,8,2,4.045820216859042,2873.05,0
ORD104177,CUST10285,2025-07-17,Pune,Pune,Jaipur,371.0,Clothing,1,5.52,Road,Shadowfax,1640.7,338.0,10.84,2025-07-19,2025-07-26,2025-07-31,Delayed,4.0,No,No,12,5,4.422371967654986,1978.7,0
ORD103335,CUST11588,2025-11-12,Pune,Pune,Nagpur,583.5,Automotive,6,3.87,Air,Ecom Express,5386.32,372.48,8.43,2025-11-15,2025-11-18,2025-11-18,Delivered,3.0,No,No,3,0,9.231053984575835,5758.799999999999,1
ORD100343,CUST10157,2025-06-18,Pune,Pune,Jaipur,174.0,Clothing,3,10.63,Road,Xpressbees,789.73,195.12,6.43,2025-06-20,2025-06-25,2025-06-25,Delivered,4.0,No,No,5,0,4.53867816091954,984.85,1
ORD100110,CUST12453,2025-02-28,Mumbai,Mumbai,Delhi,214.6,Grocery,7,9.27,Air,Xpressbees,2092.55,271.39,8.8,2025-03-02,2025-03-05,2025-03-06,Delayed,3.0,No,No,4,1,9.750931966449208,2363.94,0
ORD100863,CUST12054,2025-05-04,Chennai,Chennai,Indore,476.7,Home & Kitchen,1,2.48,Road,Xpressbees,2144.61,340.6,9.37,2025-05-07,2025-05-11,2025-05-11,Delivered,4.0,No,No,4,0,4.498867212083072,2485.21,1
ORD100506,CUST11918,2025-11-03,Chennai,Chennai,Ahmedabad,679.1,Home & Kitchen,3,3.49,Air,Shadowfax,6123.78,761.01,10.14,2025-11-05,2025-11-09,2025-11-09,Delivered,4.0,No,No,4,0,9.017493741716978,6884.79,1
ORD101720,CUST11140,2025-09-28,Pune,Pune,Visakhapatnam,388.6,Electronics,7,9.38,Road,Delhivery,1927.09,407.0,7.67,2025-09-30,2025-10-05,2025-10-06,Delayed,4.0,No,No,6,1,4.959058157488419,2334.09,0
ORD101530,CUST11985,2025-03-20,Mumbai,Mumbai,Kochi,298.2,Electronics,5,10.15,Road,Xpressbees,1481.54,292.69,10.98,2025-03-23,2025-03-28,2025-03-28,Delivered,5.0,Yes,No,5,0,4.968276324614353,1774.23,1
ORD104790,CUST10396,2025-12-22,Hyderabad,Hyderabad,Nagpur,260.2,Books,4,4.05,Road,Xpressbees,1272.87,227.6,6.59,2025-12-24,2025-12-29,2025-12-29,Delivered,4.0,No,No,5,0,4.891890853189854,1500.4699999999998,1
ORD102408,CUST11551,2025-01-30,Chennai,Chennai,Bengaluru,306.7,Beauty,6,5.45,Rail,Blue Dart,1127.04,316.34,8.73,2025-02-01,2025-02-09,2025-02-09,Delivered,5.0,No,No,8,0,3.674731007499185,1443.3799999999999,1
ORD104778,CUST11778,2025-05-04,Bengaluru,Bengaluru,Pune,364.3,Grocery,6,4.28,Express,Xpressbees,2670.26,277.52,10.62,2025-05-07,2025-05-10,2025-05-10,Delivered,5.0,No,No,3,0,7.329838045566841,2947.78,1
ORD102494,CUST11465,2025-05-07,Chennai,Chennai,Nagpur,336.3,Beauty,6,7.37,Road,Delhivery,1514.99,332.28,7.15,2025-05-09,2025-05-14,2025-05-14,Delivered,5.0,No,No,5,0,4.50487659827535,1847.27,1
ORD100351,CUST11926,2025-08-22,Chennai,Chennai,Nagpur,213.1,Sports,4,2.15,Express,Shadowfax,1596.2,265.02,9.3,2025-08-24,2025-08-27,2025-08-27,Delivered,5.0,No,No,3,0,7.490380103237917,1861.22,1
ORD103022,CUST11991,2025-01-05,Chennai,Chennai,Pune,144.7,Automotive,6,6.66,Road,Blue Dart,633.15,214.1,10.26,2025-01-07,2025-01-12,2025-01-12,Delivered,4.0,No,No,5,0,4.375604699378024,847.25,1
ORD102971,CUST12288,2025-04-08,Hyderabad,Hyderabad,Lucknow,568.6,Sports,2,3.11,Road,Ecom Express,2388.09,559.73,7.69,2025-04-10,2025-04-16,2025-04-16,Delivered,4.0,No,No,6,0,4.19994723883222,2947.82,1
ORD102437,CUST10715,2025-11-06,Hyderabad,Hyderabad,Kochi,628.5,Electronics,1,3.16,Road,Blue Dart,2674.35,413.22,8.21,2025-11-07,2025-11-13,2025-11-13,Delivered,4.0,No,No,6,0,4.255131264916468,3087.5699999999997,1
ORD101869,CUST10396,2025-06-16,Delhi,Delhi,Indore,184.5,Beauty,3,3.66,Road,Delhivery,813.96,207.2,11.64,2025-06-18,2025-06-23,2025-06-23,Delivered,5.0,Yes,Yes,5,0,4.411707317073171,1021.1600000000001,1
ORD102325,CUST10310,2025-08-18,Bengaluru,Bengaluru,Jaipur,527.5,Home & Kitchen,3,12.45,Air,Ecom Express,4842.11,441.03,9.28,2025-08-20,2025-08-24,2025-08-25,Delayed,3.0,No,No,5,1,9.179355450236967,5283.139999999999,0
ORD101989,CUST10001,2025-04-28,Bengaluru,Bengaluru,Pune,216.9,Clothing,5,3.29,Road,Dtdc,975.72,228.31,8.76,2025-04-30,2025-05-04,2025-05-04,Delivered,4.0,No,No,4,0,4.498478561549101,1204.03,1
ORD104985,CUST11796,2025-08-30,Delhi,Delhi,Ahmedabad,458.4,Electronics,4,8.0,Road,Dtdc,2090.73,350.2,5.7,2025-09-01,2025-09-06,2025-09-06,Delivered,5.0,No,No,5,0,4.560929319371728,2440.93,1
ORD103522,CUST12205,2025-09-23,Mumbai,Mumbai,Delhi,180.9,Sports,5,3.44,Express,Shadowfax,1350.39,134.63,9.6,2025-09-25,2025-09-28,2025-09-28,Delivered,5.0,No,No,3,0,7.464842454394693,1485.02,1
ORD101074,CUST11219,2025-05-03,Hyderabad,Hyderabad,Surat,147.9,Beauty,6,7.11,Road,Ecom Express,913.61,29.7,7.68,2025-05-05,2025-05-10,2025-05-10,Delivered,4.0,No,No,5,0,6.177214334009466,943.3100000000001,1
ORD100258,CUST10661,2025-07-24,Chennai,Chennai,Indore,374.1,Grocery,6,4.52,Road,Xpressbees,1685.29,269.25,8.59,2025-07-26,2025-07-31,2025-08-03,Delayed,4.0,No,No,8,3,4.504918470997059,1954.54,0
ORD104163,CUST11871,2025-06-12,Bengaluru,Bengaluru,Hyderabad,193.3,Sports,3,14.51,Road,Blue Dart,1002.04,207.96,8.85,2025-06-14,2025-06-20,2025-06-20,Delivered,5.0,No,No,6,0,5.183859286083807,1210.0,1
ORD100051,CUST12157,2025-09-15,Mumbai,Mumbai,Indore,542.5,Grocery,7,0.9,Road,Xpressbees,2428.91,444.7,10.54,2025-09-17,2025-09-23,2025-09-23,Delivered,4.0,No,No,6,0,4.477253456221198,2873.6099999999997,1
ORD104499,CUST12037,2025-03-30,Mumbai,Mumbai,Pune,239.8,Grocery,5,15.96,Road,Xpressbees,1279.67,182.32,10.27,2025-04-02,2025-04-08,2025-04-08,Delivered,4.0,Yes,No,6,0,5.336405337781485,1461.99,1
ORD102214,CUST11495,2025-11-18,Hyderabad,Hyderabad,Pune,692.7,Beauty,7,4.27,Road,Blue Dart,3092.86,740.9,11.89,2025-11-21,2025-11-27,2025-11-27,Delivered,4.0,No,No,6,0,4.464934314999278,3833.76,1
ORD103344,CUST12244,2025-10-25,Mumbai,Mumbai,Hyderabad,181.7,Beauty,2,2.73,Air,Dtdc,1648.95,131.65,9.6,2025-10-27,2025-10-29,2025-11-01,Delayed,3.0,No,Yes,5,3,9.075123830489819,1780.6000000000001,0
ORD103904,CUST11319,2025-08-06,Delhi,Delhi,Bhopal,217.4,Home & Kitchen,6,3.18,Road,Dtdc,908.88,158.86,10.07,2025-08-09,2025-08-13,2025-08-13,Delivered,5.0,No,No,4,0,4.180680772769089,1067.74,1
ORD103366,CUST10763,2025-08-15,Chennai,Chennai,Surat,153.3,Clothing,5,8.21,Air,Ecom Express,1607.77,117.44,9.05,2025-08-18,2025-08-21,2025-08-21,Delivered,5.0,Yes,No,3,0,10.487736464448792,1725.21,1
ORD101444,CUST10769,2025-08-21,Mumbai,Mumbai,Jaipur,125.6,Books,7,3.2,Air,Shadowfax,1278.63,41.17,9.64,2025-08-24,2025-08-27,2025-08-27,Delivered,5.0,No,No,3,0,10.18017515923567,1319.8000000000002,1
ORD104795,CUST11407,2025-12-28,Pune,Pune,Ahmedabad,398.3,Home & Kitchen,3,14.15,Rail,Ecom Express,1685.72,274.25,11.26,2025-12-30,2026-01-05,2026-01-05,Delivered,5.0,No,No,6,0,4.232287220687923,1959.97,1
ORD104128,CUST10101,2025-01-05,Mumbai,Mumbai,Indore,485.4,Clothing,5,6.24,Road,Ecom Express,2191.83,459.38,9.77,2025-01-07,2025-01-14,2025-01-17,Delayed,4.0,No,No,10,3,4.515512978986403,2651.21,0
ORD100359,CUST11059,2025-01-03,Mumbai,Mumbai,Hyderabad,642.5,Electronics,3,1.22,Road,Dtdc,2777.03,521.17,12.05,2025-01-06,2025-01-12,2025-01-12,Delivered,4.0,No,No,6,0,4.322225680933853,3298.2000000000003,1
ORD101396,CUST11698,2025-01-10,Mumbai,Mumbai,Delhi,192.2,Books,3,3.41,Express,Blue Dart,1549.99,82.58,12.51,2025-01-12,2025-01-14,2025-01-19,Delayed,3.0,No,No,7,5,8.064464099895941,1632.57,0
ORD102750,CUST11788,2025-12-25,Chennai,Chennai,Ahmedabad,784.1,Automotive,6,2.88,Express,Blue Dart,5525.51,747.05,6.63,2025-12-27,2026-01-01,2026-01-01,Delivered,4.0,No,No,5,0,7.046945542660375,6272.56,1
ORD104476,CUST10916,2025-12-12,Bengaluru,Bengaluru,Chennai,765.9,Sports,4,0.66,Air,Delhivery,6914.39,768.81,11.71,2025-12-15,2025-12-18,2025-12-18,Delivered,5.0,No,No,3,0,9.027797362579973,7683.200000000001,1
ORD103073,CUST10453,2025-02-09,Mumbai,Mumbai,Hyderabad,290.8,Sports,2,0.61,Rail,Xpressbees,977.56,304.11,12.62,2025-02-12,2025-02-18,2025-02-18,Delivered,4.0,No,No,6,0,3.3616231086657495,1281.67,1
ORD102367,CUST12221,2025-12-27,Hyderabad,Hyderabad,Nagpur,196.7,Grocery,3,7.98,Road,Ecom Express,903.91,153.91,8.55,2025-12-30,2026-01-05,2026-01-05,Delivered,5.0,No,No,6,0,4.595373665480428,1057.82,1
ORD103949,CUST10253,2025-11-04,Delhi,Delhi,Jaipur,229.3,Automotive,2,4.22,Road,Xpressbees,1025.15,133.82,6.3,2025-11-06,2025-11-10,2025-11-10,Delivered,4.0,No,No,4,0,4.470780636720454,1158.97,1
ORD100435,CUST12493,2025-10-04,Hyderabad,Hyderabad,Pune,519.4,Clothing,2,1.46,Road,Xpressbees,2196.2,377.45,5.4,2025-10-05,2025-10-11,2025-10-11,Delivered,4.0,No,No,6,0,4.228340392760877,2573.6499999999996,1
ORD101775,CUST12531,2025-07-22,Mumbai,Mumbai,Hyderabad,686.8,Home & Kitchen,7,4.4,Road,Dtdc,3036.14,532.2,8.14,2025-07-24,2025-07-31,2025-07-31,Delivered,4.0,No,No,7,0,4.420704717530577,3568.34,1
ORD102042,CUST11286,2025-04-10,Pune,Pune,Visakhapatnam,269.5,Books,1,2.81,Road,Dtdc,1258.93,311.88,10.04,2025-04-13,2025-04-18,2025-04-18,Delivered,5.0,No,No,5,0,4.671354359925789,1570.81,1
ORD101346,CUST10811,2025-07-20,Chennai,Chennai,Indore,195.6,Automotive,6,3.04,Air,Shadowfax,1910.67,244.45,7.59,2025-07-21,2025-07-22,2025-07-22,Delivered,5.0,No,No,1,0,9.768251533742331,2155.12,1
ORD104496,CUST10806,2025-01-30,Chennai,Chennai,Jaipur,633.8,Automotive,2,1.37,Air,Ecom Express,5851.39,706.54,5.99,2025-02-01,2025-02-03,2025-02-03,Delivered,4.0,No,No,2,0,9.23223414326286,6557.93,1
ORD101304,CUST12427,2025-06-05,Delhi,Delhi,Hyderabad,476.0,Sports,1,4.65,Road,Blue Dart,1989.65,552.09,8.87,2025-06-07,2025-06-12,2025-06-15,Delayed,3.0,No,No,8,3,4.179936974789916,2541.7400000000002,0
ORD101516,CUST11384,2025-04-16,Hyderabad,Hyderabad,Kolkata,159.7,Beauty,6,1.15,Rail,Xpressbees,557.69,201.44,6.98,2025-04-18,2025-04-23,2025-04-23,Delivered,4.0,No,No,5,0,3.4921102066374456,759.1300000000001,1
ORD102707,CUST10457,2025-01-06,Hyderabad,Hyderabad,Visakhapatnam,1235.4,Clothing,6,1.31,Road,Delhivery,5197.23,1096.02,3.8,2025-01-07,2025-01-15,2025-01-15,Delivered,5.0,No,No,8,0,4.206920835356969,6293.25,1
ORD104178,CUST10337,2025-12-13,Bengaluru,Bengaluru,Kolkata,452.1,Beauty,2,1.63,Rail,Xpressbees,0.0,382.73,6.96,2025-12-15,2025-12-20,2025-12-20,Delivered,5.0,No,No,5,0,0.0,382.73,1
ORD100055,CUST11663,2025-04-21,Delhi,Delhi,Indore,376.7,Grocery,4,4.55,Road,Delhivery,1667.81,280.74,10.51,2025-04-23,2025-04-28,2025-04-28,Delivered,4.0,No,No,5,0,4.427422352004247,1948.55,1
ORD104934,CUST12519,2025-06-03,Chennai,Chennai,Kochi,487.9,Beauty,4,2.79,Air,Ecom Express,4481.07,362.06,9.8,2025-06-05,2025-06-08,2025-06-11,Delayed,3.0,No,No,6,3,9.184402541504406,4843.13,0
ORD104695,CUST11031,2025-11-27,Hyderabad,Hyderabad,Jaipur,404.0,Beauty,5,1.21,Road,Xpressbees,1807.19,355.19,4.96,2025-11-28,2025-12-02,2025-12-02,Delivered,4.0,No,No,4,0,4.4732425742574256,2162.38,1
ORD104420,CUST11462,2025-03-20,Pune,Pune,Vijayawada,540.3,Home & Kitchen,5,7.95,Road,Shadowfax,2377.69,385.46,9.58,2025-03-22,2025-03-28,2025-03-29,Delayed,4.0,No,No,7,1,4.400684804738109,2763.15,0
ORD104744,CUST10173,2025-05-21,Pune,Pune,Lucknow,834.9,Beauty,2,6.46,Rail,Ecom Express,2885.73,954.97,10.25,2025-05-24,2025-06-01,2025-06-01,Delivered,4.0,No,No,8,0,3.4563780093424366,3840.7,1
ORD104180,CUST11203,2025-08-06,Bengaluru,Bengaluru,Mumbai,270.8,Automotive,2,6.33,Express,Blue Dart,2047.58,245.35,3.55,2025-08-08,2025-08-12,2025-08-12,Delivered,3.0,No,No,4,0,7.561225997045789,2292.93,1
ORD104383,CUST12072,2025-10-21,Delhi,Delhi,Lucknow,475.3,Home & Kitchen,7,4.29,Road,Ecom Express,2062.62,446.43,9.95,2025-10-24,2025-10-31,2025-10-31,Delivered,4.0,No,No,7,0,4.3396170839469805,2509.0499999999997,1
ORD103005,CUST10968,2025-11-10,Hyderabad,Hyderabad,Lucknow,511.8,Sports,7,5.01,Air,Delhivery,4775.95,616.56,6.02,2025-11-12,2025-11-16,2025-11-16,Delivered,5.0,No,No,4,0,9.33167252833138,5392.51,1
ORD100734,CUST11274,2025-04-16,Pune,Pune,Ahmedabad,284.1,Electronics,6,9.5,Air,Dtdc,2850.85,118.88,7.59,2025-04-17,2025-04-19,2025-04-20,Delayed,3.0,Yes,No,3,1,10.034670890531501,2969.73,0
ORD103715,CUST12116,2025-06-19,Hyderabad,Hyderabad,Jaipur,301.7,Beauty,5,22.72,Express,Ecom Express,2519.35,327.18,8.3,2025-06-21,2025-06-24,2025-06-24,Delivered,5.0,No,No,3,0,8.350513755386146,2846.5299999999997,1
ORD104799,CUST10291,2025-06-08,Chennai,Chennai,Pune,145.5,Grocery,1,4.39,Road,Blue Dart,693.5,178.01,7.43,2025-06-10,2025-06-16,2025-06-16,Delivered,5.0,No,No,6,0,4.766323024054983,871.51,1
ORD100088,CUST11451,2025-07-31,Hyderabad,Hyderabad,Kochi,359.2,Home & Kitchen,6,7.46,Air,Dtdc,3399.19,252.22,7.27,2025-08-02,2025-08-05,2025-08-05,Delivered,4.0,No,No,3,0,9.463223830734966,3651.41,1
ORD101228,CUST10289,2025-12-21,Hyderabad,Hyderabad,Jaipur,175.4,Electronics,1,0.85,Road,Shadowfax,0.0,138.73,5.95,2025-12-23,2025-12-28,2025-12-28,Delivered,4.0,No,No,5,0,0.0,138.73,1
ORD100781,CUST10925,2025-04-08,Chennai,Chennai,Vijayawada,79.7,Grocery,7,6.07,Rail,Dtdc,463.23,140.33,8.31,2025-04-11,2025-04-18,2025-04-18,Delivered,5.0,No,No,7,0,5.812170639899624,603.5600000000001,1
ORD100829,CUST10522,2025-04-25,Bengaluru,Bengaluru,Indore,590.2,Beauty,2,4.51,Road,Shadowfax,2509.54,526.1,7.53,2025-04-27,2025-05-03,2025-05-05,Delayed,2.0,No,No,8,2,4.252016265672653,3035.64,0
ORD103294,CUST11537,2025-01-26,Delhi,Delhi,Mumbai,263.0,Grocery,3,1.12,Road,Ecom Express,1099.3,138.88,11.77,2025-01-29,2025-02-04,2025-02-10,Delayed,3.0,No,No,12,6,4.179847908745247,1238.1799999999998,0
ORD104915,CUST10064,2025-12-07,Chennai,Chennai,Indore,219.9,Electronics,1,0.66,Road,Xpressbees,1025.44,166.71,9.64,2025-12-09,2025-12-13,2025-12-13,Delivered,4.0,No,No,4,0,4.663210550250114,1192.15,1
ORD100163,CUST10958,2025-01-26,Pune,Pune,Bhopal,452.5,Books,7,4.65,Road,Shadowfax,2166.6,513.28,6.27,2025-01-29,2025-02-03,2025-02-06,Delayed,4.0,No,No,8,3,4.7880662983425415,2679.88,0
ORD104457,CUST11170,2025-07-25,Hyderabad,Hyderabad,Visakhapatnam,850.1,Automotive,3,0.97,Road,Ecom Express,3638.11,549.46,11.06,2025-07-27,2025-08-03,2025-08-03,Delivered,5.0,No,No,7,0,4.2796259263616045,4187.57,1
ORD104647,CUST12386,2025-05-25,Pune,Pune,Bengaluru,518.1,Electronics,3,2.4,Road,Ecom Express,2312.27,447.64,7.74,2025-05-27,2025-06-03,2025-06-03,Delivered,4.0,No,No,7,0,4.462980119668018,2759.91,1
ORD103115,CUST12176,2025-12-09,Bengaluru,Bengaluru,Bhopal,263.1,Automotive,6,8.74,Road,Shadowfax,1422.21,259.86,3.09,2025-12-11,2025-12-16,2025-12-18,Delayed,4.0,No,No,7,2,5.405587229190422,1682.0700000000002,0
ORD103948,CUST11552,2025-05-05,Chennai,Chennai,Hyderabad,719.6,Electronics,7,9.63,Road,Delhivery,3325.4,698.56,9.07,2025-05-07,2025-05-14,2025-05-14,Delivered,5.0,No,No,7,0,4.621178432462479,4023.96,1
ORD100831,CUST12148,2025-08-05,Bengaluru,Bengaluru,Delhi,400.1,Sports,6,4.59,Road,Xpressbees,1731.44,347.4,8.9,2025-08-07,2025-08-13,2025-08-15,Delayed,4.0,No,No,8,2,4.3275181204698825,2078.84,0
ORD102556,CUST10278,2025-09-12,Bengaluru,Bengaluru,Ahmedabad,307.0,Home & Kitchen,7,3.68,Road,Blue Dart,1608.95,166.93,10.19,2025-09-14,2025-09-20,2025-09-20,Delivered,4.0,No,No,6,0,5.240879478827361,1775.88,1
ORD102857,CUST10176,2025-05-10,Mumbai,Mumbai,Chennai,233.3,Sports,1,3.97,Road,Ecom Express,1165.42,174.45,11.61,2025-05-12,2025-05-17,2025-05-17,Delivered,5.0,No,No,5,0,4.9953707672524645,1339.8700000000001,1
ORD102168,CUST12008,2025-10-09,Delhi,Delhi,Pune,663.7,Sports,4,1.22,Air,Xpressbees,6011.21,433.99,13.14,2025-10-12,2025-10-16,2025-10-18,Delayed,3.0,No,No,6,2,9.057119180352569,6445.2,0
ORD101283,CUST10674,2025-10-31,Delhi,Delhi,Jaipur,277.7,Books,5,34.09,Rail,Ecom Express,1392.5,355.74,12.76,2025-11-03,2025-11-08,2025-11-08,Delivered,4.0,No,No,5,0,5.014404033129276,1748.24,1
ORD102163,CUST11667,2025-02-05,Bengaluru,Bengaluru,Ahmedabad,593.1,Clothing,3,7.14,Rail,Blue Dart,2043.71,695.5,8.14,2025-02-07,2025-02-14,2025-02-14,Delivered,3.0,No,No,7,0,3.4458101500590117,2739.21,1
ORD104850,CUST10125,2025-09-25,Chennai,Chennai,Surat,142.5,Electronics,3,4.08,Express,Blue Dart,1219.08,65.61,6.35,2025-09-27,2025-09-30,2025-09-30,Delivered,4.0,No,No,3,0,8.554947368421052,1284.6899999999998,1
ORD104552,CUST11110,2025-10-12,Chennai,Chennai,Bengaluru,433.8,Electronics,5,4.95,Road,Dtdc,1872.73,434.53,6.59,2025-10-15,2025-10-21,2025-10-21,Delivered,4.0,No,No,6,0,4.317035500230521,2307.26,1
ORD103008,CUST12798,2025-12-20,Hyderabad,Hyderabad,Kolkata,466.9,Sports,4,2.13,Road,Blue Dart,2110.18,0.0,8.02,2025-12-23,2025-12-28,2025-12-28,Delivered,4.0,No,No,5,0,4.519554508460056,2110.18,1
ORD102802,CUST10459,2025-05-13,Mumbai,Mumbai,Bengaluru,452.5,Books,2,9.08,Road,Xpressbees,2117.85,379.57,9.44,2025-05-15,2025-05-19,2025-05-19,Delivered,4.0,No,No,4,0,4.680331491712707,2497.42,1
ORD104404,CUST11044,2025-06-28,Chennai,Chennai,Vijayawada,584.3,Grocery,6,13.07,Road,Ecom Express,2807.33,476.6,8.22,2025-06-30,2025-07-07,2025-07-07,Delivered,5.0,No,No,7,0,4.804603799418107,3283.93,1
ORD100355,CUST12385,2025-04-19,Pune,Pune,Chennai,558.3,Sports,3,11.87,Air,Xpressbees,5288.81,368.44,9.03,2025-04-21,2025-04-25,2025-04-25,Delivered,5.0,No,No,4,0,9.47306107827333,5657.25,1
ORD103575,CUST11195,2025-03-22,Pune,Pune,Surat,199.5,Automotive,2,2.15,Road,Delhivery,952.83,318.54,11.24,2025-03-25,2025-04-01,2025-04-04,Delayed,3.0,No,No,10,3,4.77609022556391,1271.3700000000001,0
ORD104682,CUST11333,2025-11-09,Pune,Pune,Coimbatore,784.6,Sports,7,2.36,Road,Delhivery,3314.7,576.0,4.42,2025-11-11,2025-11-18,2025-11-18,Delivered,5.0,No,No,7,0,4.224700484323222,3890.7,1
ORD100712,CUST10891,2025-12-01,Chennai,Chennai,Indore,331.6,Automotive,1,2.46,Road,Delhivery,1555.22,212.39,5.47,2025-12-02,2025-12-08,2025-12-08,Delivered,4.0,No,No,6,0,4.690048250904704,1767.6100000000001,1
ORD102531,CUST10410,2025-09-06,Bengaluru,Bengaluru,Kolkata,576.8,Books,1,23.11,Air,Xpressbees,5581.12,484.23,7.93,2025-09-08,2025-09-10,2025-09-10,Delivered,5.0,No,No,2,0,9.676005547850208,6065.35,1
ORD100637,CUST10975,2025-01-10,Bengaluru,Bengaluru,Visakhapatnam,393.5,Automotive,2,7.53,Rail,Dtdc,1574.89,442.68,5.21,2025-01-12,2025-01-18,2025-01-18,Delivered,3.0,No,No,6,0,4.002261753494282,2017.5700000000002,1
ORD104992,CUST12657,2025-11-22,Pune,Pune,Ahmedabad,378.7,Electronics,6,8.83,Road,Shadowfax,1814.09,395.71,6.42,2025-11-24,2025-11-29,2025-11-30,Delayed,4.0,No,No,6,1,4.790308951676789,2209.7999999999997,0
ORD104821,CUST12365,2025-04-29,Chennai,Chennai,Visakhapatnam,118.3,Books,4,5.72,Road,Blue Dart,477.32,141.49,6.19,2025-05-01,2025-05-07,2025-05-07,Delivered,5.0,No,No,6,0,4.034826711749789,618.81,1
ORD103570,CUST11372,2025-08-06,Hyderabad,Hyderabad,Chennai,672.0,Beauty,6,3.27,Road,Ecom Express,3114.26,699.23,13.5,2025-08-09,2025-08-15,2025-08-19,Delayed,3.0,No,No,10,4,4.634315476190476,3813.4900000000002,0
ORD101389,CUST10580,2025-08-17,Pune,Pune,Vijayawada,381.8,Beauty,6,3.77,Road,Ecom Express,1635.58,356.12,5.4,2025-08-19,2025-08-24,2025-08-24,Delivered,5.0,No,No,5,0,4.283865898376113,1991.6999999999998,1
ORD102128,CUST12705,2025-10-12,Hyderabad,Hyderabad,Vijayawada,600.5,Beauty,7,9.12,Road,Xpressbees,2629.51,445.26,9.71,2025-10-14,2025-10-18,2025-10-19,Delayed,3.0,Yes,No,5,1,4.37886761032473,3074.7700000000004,0
ORD102461,CUST10160,2025-10-28,Delhi,Delhi,Chennai,183.6,Clothing,4,2.96,Road,Dtdc,737.58,69.97,8.31,2025-10-30,2025-11-05,2025-11-05,Delivered,4.0,No,No,6,0,4.017320261437908,807.5500000000001,1
ORD100993,CUST11674,2025-09-27,Delhi,Delhi,Surat,358.5,Home & Kitchen,4,2.43,Road,Delhivery,1651.09,287.64,9.91,2025-09-30,2025-10-06,2025-10-09,Delayed,3.0,No,No,9,3,4.605550906555091,1938.73,0
ORD100975,CUST10924,2025-09-15,Pune,Pune,Mumbai,395.4,Automotive,4,2.36,Road,Shadowfax,1765.6,390.04,8.37,2025-09-17,2025-09-22,2025-09-22,Delivered,5.0,No,No,5,0,4.465351542741527,2155.64,1
ORD101786,CUST11966,2025-02-25,Pune,Pune,Mumbai,567.8,Books,1,2.76,Rail,Dtdc,1764.96,643.1,8.59,2025-02-28,2025-03-07,2025-03-07,Delivered,4.0,No,Yes,7,0,3.108418457203241,2408.06,1
ORD103939,CUST12362,2025-04-10,Mumbai,Mumbai,Visakhapatnam,956.9,Electronics,1,17.21,Rail,Shadowfax,3366.95,902.3,11.26,2025-04-13,2025-04-20,2025-04-20,Delivered,5.0,No,No,7,0,3.5186017347685232,4269.25,1
ORD103479,CUST10005,2025-12-13,Pune,Pune,Kolkata,317.1,Grocery,5,4.97,Air,Xpressbees,3034.67,225.9,11.31,2025-12-15,2025-12-17,2025-12-17,Delivered,4.0,No,No,2,0,9.570072532324188,3260.57,1
ORD102528,CUST11981,2025-12-29,Hyderabad,Hyderabad,Bengaluru,159.7,Home & Kitchen,2,12.85,Road,Ecom Express,910.55,102.47,5.65,2025-12-31,2026-01-04,2026-01-08,Delayed,3.0,No,No,8,4,5.701628052598623,1013.02,0
ORD101721,CUST12160,2025-12-01,Hyderabad,Hyderabad,Bengaluru,309.7,Grocery,4,3.68,Air,Delhivery,2832.19,298.65,2.0,2025-12-02,2025-12-05,2025-12-05,Delivered,4.0,No,No,3,0,9.144946722634808,3130.84,1
ORD103550,CUST12210,2025-04-02,Delhi,Delhi,Visakhapatnam,370.6,Automotive,4,4.07,Air,Delhivery,3407.84,324.37,9.73,2025-04-04,2025-04-07,2025-04-07,Delivered,5.0,No,No,3,0,9.195466810577441,3732.21,1
ORD102311,CUST11879,2025-01-09,Mumbai,Mumbai,Ahmedabad,244.3,Electronics,4,2.65,Air,Xpressbees,2239.37,319.2,5.54,2025-01-12,2025-01-13,2025-01-13,Delivered,5.0,No,No,1,0,9.166475644699139,2558.5699999999997,1
ORD100676,CUST10103,2025-01-26,Chennai,Chennai,Bengaluru,195.7,Home & Kitchen,3,2.96,Road,Shadowfax,929.52,275.27,8.09,2025-01-28,2025-02-01,2025-02-01,Delivered,4.0,No,No,4,0,4.749718957588145,1204.79,1
ORD101719,CUST12138,2025-12-03,Pune,Pune,Delhi,134.3,Beauty,7,5.36,Road,Blue Dart,708.01,178.97,10.27,2025-12-06,2025-12-13,2025-12-13,Delivered,5.0,No,No,7,0,5.271854058078927,886.98,1
ORD101561,CUST11769,2025-10-03,Chennai,Chennai,Lucknow,123.2,Sports,7,2.15,Road,Delhivery,630.78,155.14,5.42,2025-10-05,2025-10-10,2025-10-10,Delivered,5.0,No,No,5,0,5.119967532467532,785.92,1
ORD103081,CUST12308,2025-07-10,Delhi,Delhi,Nagpur,518.9,Clothing,6,11.01,Road,Xpressbees,2422.56,562.28,9.96,2025-07-13,2025-07-18,2025-07-18,Delivered,4.0,No,No,5,0,4.6686452110233185,2984.84,1
ORD103821,CUST12241,2025-03-24,Hyderabad,Hyderabad,Mumbai,234.2,Home & Kitchen,6,6.0,Road,Dtdc,1252.94,199.26,7.25,2025-03-26,2025-04-01,2025-04-03,Delayed,3.0,No,No,8,2,5.349871904355252,1452.2,0
ORD103706,CUST11948,2025-07-11,Pune,Pune,Kolkata,820.0,Beauty,4,11.24,Rail,Delhivery,2899.57,572.06,9.94,2025-07-13,2025-07-22,2025-07-22,Delivered,4.0,No,No,9,0,3.5360609756097565,3471.63,1
ORD102630,CUST12073,2025-07-04,Pune,Pune,Lucknow,598.8,Electronics,5,4.92,Road,Dtdc,2722.89,574.86,10.9,2025-07-07,2025-07-12,2025-07-12,Delivered,4.0,No,No,5,0,4.547244488977956,3297.75,1
ORD101945,CUST11233,2025-11-28,Chennai,Chennai,Hyderabad,535.7,Automotive,4,13.95,Road,Shadowfax,2440.14,525.43,11.4,2025-11-30,2025-12-06,2025-12-06,Delivered,5.0,No,No,6,0,4.555049467985812,2965.5699999999997,1
ORD101248,CUST12170,2025-10-18,Pune,Pune,Visakhapatnam,1145.5,Sports,7,6.7,Road,Ecom Express,5128.09,972.35,4.98,2025-10-20,2025-10-28,2025-10-28,Delivered,3.0,No,No,8,0,4.4767263203841114,6100.4400000000005,1
ORD104726,CUST11082,2025-04-24,Chennai,Chennai,Pune,640.4,Clothing,6,1.9,Road,Shadowfax,2730.4,629.89,6.69,2025-04-26,2025-05-02,2025-05-02,Delivered,5.0,No,Yes,6,0,4.263585259212992,3360.29,1
ORD101651,CUST11783,2025-06-19,Mumbai,Mumbai,Kochi,259.0,Automotive,2,5.17,Road,Delhivery,1101.67,230.33,8.96,2025-06-21,2025-06-26,2025-06-26,Delivered,4.0,No,No,5,0,4.253552123552124,1332.0,1
ORD103303,CUST12609,2025-06-03,Pune,Pune,Indore,125.0,Automotive,7,6.04,Road,Xpressbees,650.28,109.31,5.39,2025-06-06,2025-06-11,2025-06-11,Delivered,3.0,No,No,5,0,5.20224,759.5899999999999,1
ORD103848,CUST11321,2025-12-02,Bengaluru,Bengaluru,Lucknow,358.3,Sports,4,16.4,Express,Xpressbees,2905.14,333.14,9.02,2025-12-05,2025-12-10,2025-12-13,Delayed,3.0,No,No,8,3,8.108121685738208,3238.2799999999997,0
ORD102351,CUST11684,2025-12-08,Chennai,Chennai,Kolkata,455.6,Grocery,5,1.14,Rail,Shadowfax,1425.61,448.76,7.87,2025-12-11,2025-12-18,2025-12-21,Delayed,3.0,No,No,10,3,3.129082528533801,1874.37,0
ORD100670,CUST11579,2025-01-26,Hyderabad,Hyderabad,Lucknow,548.6,Grocery,3,10.9,Rail,Dtdc,1840.28,336.73,8.97,2025-01-28,2025-02-04,2025-02-04,Delivered,5.0,No,No,7,0,3.3545023696682463,2177.01,1
ORD100145,CUST11312,2025-08-31,Chennai,Chennai,Indore,392.2,Beauty,1,7.56,Road,Xpressbees,1803.27,449.42,8.83,2025-09-02,2025-09-08,2025-09-08,Delivered,5.0,No,No,6,0,4.597832738398776,2252.69,1
ORD100008,CUST11807,2025-10-17,Bengaluru,Bengaluru,Kolkata,344.5,Grocery,5,3.62,Road,Blue Dart,1461.5,320.78,8.07,2025-10-19,2025-10-24,2025-10-27,Delayed,4.0,No,No,8,3,4.242380261248186,1782.28,0
ORD103607,CUST11911,2025-06-19,Mumbai,Mumbai,Kochi,375.3,Beauty,4,6.9,Road,Ecom Express,1829.64,462.87,10.28,2025-06-22,2025-06-28,2025-06-28,Delivered,4.0,No,No,6,0,4.875139888089529,2292.51,1
ORD100180,CUST10949,2025-08-31,Mumbai,Mumbai,Kochi,363.9,Sports,3,1.45,Road,Xpressbees,1657.11,318.19,12.49,2025-09-03,2025-09-09,2025-09-09,Delivered,5.0,No,No,6,0,4.553751030502886,1975.3,1
ORD100320,CUST11699,2025-05-19,Bengaluru,Bengaluru,Lucknow,669.5,Automotive,6,4.03,Express,Dtdc,4919.34,510.86,6.85,2025-05-21,2025-05-25,2025-05-25,Delivered,4.0,No,No,4,0,7.347781926811053,5430.2,1
ORD104031,CUST10312,2025-09-29,Chennai,Chennai,Coimbatore,161.0,Automotive,1,8.59,Rail,Blue Dart,667.99,137.85,5.81,2025-10-01,2025-10-07,2025-10-07,Delivered,4.0,No,No,6,0,4.149006211180124,805.84,1
ORD100278,CUST12029,2025-08-28,Chennai,Chennai,Ahmedabad,502.7,Automotive,1,6.1,Road,Dtdc,2232.68,524.37,9.14,2025-08-31,2025-09-06,2025-09-06,Delivered,4.0,No,No,6,0,4.44137656654068,2757.0499999999997,1
ORD103602,CUST12360,2025-01-20,Hyderabad,Hyderabad,Vijayawada,473.2,Sports,1,8.33,Road,Xpressbees,2151.71,391.5,4.68,2025-01-21,2025-01-26,2025-01-26,Delivered,5.0,No,No,5,0,4.547147083685545,2543.21,1
ORD102821,CUST10532,2025-01-08,Hyderabad,Hyderabad,Indore,292.8,Grocery,3,8.84,Road,Delhivery,1393.6,201.04,6.27,2025-01-10,2025-01-14,2025-01-14,Delivered,5.0,No,No,4,0,4.759562841530054,1594.6399999999999,1
ORD100092,CUST12417,2025-03-08,Mumbai,Mumbai,Kochi,511.0,Automotive,6,4.9,Road,Dtdc,2160.91,570.83,7.12,2025-03-10,2025-03-15,2025-03-16,Delayed,3.0,No,No,6,1,4.228786692759296,2731.74,0
ORD102514,CUST12485,2025-01-02,Pune,Pune,Bengaluru,516.6,Beauty,7,6.19,Air,Delhivery,4935.46,355.62,6.72,2025-01-04,2025-01-08,2025-01-08,Delivered,4.0,No,No,4,0,9.553735965931088,5291.08,1
ORD103957,CUST10375,2025-07-21,Chennai,Chennai,Bengaluru,997.2,Sports,1,11.09,Air,Shadowfax,9239.91,1108.41,6.61,2025-07-23,2025-07-27,2025-07-27,Delivered,4.0,No,No,4,0,9.265854392298435,10348.32,1
ORD102890,CUST12570,2025-05-16,Hyderabad,Hyderabad,Chennai,477.8,Books,3,4.79,Express,Delhivery,3468.69,542.36,6.5,2025-05-18,2025-05-22,2025-05-22,Delivered,5.0,No,No,4,0,7.259711176224362,4011.05,1
ORD100164,CUST11233,2025-01-15,Delhi,Delhi,Indore,154.1,Home & Kitchen,3,4.25,Road,Delhivery,750.9,218.93,0.0,2025-01-17,2025-01-22,2025-01-22,Delivered,4.0,No,No,5,0,4.872809863724854,969.8299999999999,1
ORD103503,CUST11496,2025-10-03,Chennai,Chennai,Mumbai,62.9,Electronics,3,7.29,Road,Delhivery,405.76,20.0,0.0,2025-10-06,2025-10-11,2025-10-11,Delivered,3.0,No,Yes,5,0,6.45087440381558,425.76,1
ORD101659,CUST10853,2025-12-01,Hyderabad,Hyderabad,Kolkata,257.7,Books,4,8.68,Road,Blue Dart,1364.95,281.98,7.75,2025-12-03,2025-12-09,2025-12-09,Delivered,4.0,No,No,6,0,5.296662786185488,1646.93,1
ORD103169,CUST10668,2025-10-23,Hyderabad,Hyderabad,Kolkata,812.1,Clothing,2,3.21,Road,Delhivery,3618.6,638.4,6.86,2025-10-25,2025-10-30,2025-11-01,Delayed,4.0,No,No,7,2,4.455855190247506,4257.0,0
ORD102541,CUST10119,2025-06-30,Hyderabad,Hyderabad,Ahmedabad,136.6,Books,3,1.4,Road,Delhivery,746.99,134.9,6.36,2025-07-02,2025-07-07,2025-07-13,Delayed,3.0,No,No,11,6,5.4684480234260615,881.89,0
ORD104427,CUST11363,2025-12-02,Chennai,Chennai,Jaipur,166.0,Home & Kitchen,5,5.32,Road,Xpressbees,903.67,108.61,9.46,2025-12-04,2025-12-09,2025-12-09,Delivered,4.0,No,No,5,0,5.4437951807228915,1012.28,1
ORD104141,CUST11133,2025-01-27,Hyderabad,Hyderabad,Pune,180.1,Clothing,4,6.95,Rail,Xpressbees,682.02,132.45,6.83,2025-01-29,2025-02-03,2025-02-03,Delivered,4.0,No,No,5,0,3.786896168795114,814.47,1
ORD102627,CUST11272,2025-03-05,Hyderabad,Hyderabad,Visakhapatnam,672.5,Sports,7,2.17,Air,Shadowfax,6078.14,585.71,7.55,2025-03-07,2025-03-10,2025-03-10,Delivered,4.0,No,No,3,0,9.038126394052044,6663.85,1
ORD101212,CUST10491,2025-08-23,Hyderabad,Hyderabad,Bengaluru,196.6,Clothing,7,4.37,Road,Delhivery,1032.92,164.54,5.71,2025-08-24,2025-08-28,2025-08-29,Delayed,4.0,No,No,5,1,5.253916581892168,1197.46,0
ORD100664,CUST10407,2025-03-12,Chennai,Chennai,Delhi,503.8,Home & Kitchen,4,0.51,Road,Xpressbees,2163.76,481.29,8.99,2025-03-14,2025-03-18,2025-03-18,Delivered,4.0,Yes,No,4,0,4.294878920206432,2645.05,1
ORD102428,CUST11174,2025-12-19,Bengaluru,Bengaluru,Vijayawada,174.5,Automotive,6,2.41,Road,Xpressbees,770.63,235.61,6.6,2025-12-21,2025-12-25,2025-12-28,Delayed,3.0,No,No,7,3,4.41621776504298,1006.24,0
ORD101198,CUST10380,2025-08-23,Hyderabad,Hyderabad,Chennai,205.4,Electronics,4,2.71,Road,Xpressbees,828.21,93.61,5.84,2025-08-25,2025-08-30,2025-08-30,Delivered,3.0,No,No,5,0,4.032181110029211,921.82,1
ORD100866,CUST12136,2025-05-28,Pune,Pune,Coimbatore,899.9,Sports,4,3.36,Rail,Shadowfax,3027.44,781.18,12.19,2025-05-31,2025-06-08,2025-06-08,Delivered,4.0,No,No,8,0,3.364196021780198,3808.62,1
ORD100493,CUST10752,2025-05-27,Pune,Pune,Jaipur,282.2,Automotive,1,5.08,Air,Xpressbees,2630.81,314.84,12.38,2025-05-30,2025-06-02,2025-06-02,Delivered,4.0,No,No,3,0,9.322501771793055,2945.65,1
ORD104018,CUST10428,2025-08-01,Delhi,Delhi,Kochi,835.8,Grocery,5,3.7,Air,Shadowfax,7440.72,698.67,6.54,2025-08-03,2025-08-08,2025-08-08,Delivered,4.0,No,No,5,0,8.90251256281407,8139.39,1
ORD102742,CUST10280,2025-08-25,Hyderabad,Hyderabad,Kochi,463.3,Home & Kitchen,7,6.08,Rail,Blue Dart,1552.44,484.86,6.66,2025-08-28,2025-09-04,2025-09-04,Delivered,4.0,No,Yes,7,0,3.350830995035614,2037.3000000000002,1
ORD102283,CUST12713,2025-06-19,Mumbai,Mumbai,Lucknow,1163.7,Home & Kitchen,7,2.87,Road,Blue Dart,4938.53,1266.02,11.01,2025-06-22,2025-06-29,2025-06-29,Delivered,4.0,No,No,7,0,4.2438171350004295,6204.549999999999,1
ORD102663,CUST11162,2025-02-06,Chennai,Chennai,Hyderabad,46.8,Clothing,1,11.92,Road,Xpressbees,418.85,30.62,5.34,2025-02-08,2025-02-12,2025-02-12,Delivered,5.0,No,No,4,0,8.949786324786325,449.47,1
ORD101073,CUST12625,2025-12-01,Pune,Pune,Delhi,609.8,Electronics,1,10.92,Road,Dtdc,0.0,548.19,11.85,2025-12-04,2025-12-11,2025-12-13,Delayed,4.0,No,No,9,2,0.0,548.19,0
ORD103019,CUST12288,2025-09-09,Chennai,Chennai,Ahmedabad,79.6,Electronics,4,10.7,Road,Delhivery,644.03,48.11,5.74,2025-09-11,2025-09-15,2025-09-17,Delayed,4.0,Yes,Yes,6,2,8.090829145728643,692.14,0
ORD103150,CUST10542,2025-03-14,Delhi,Delhi,Visakhapatnam,410.7,Clothing,6,3.34,Rail,Shadowfax,1391.43,355.13,8.26,2025-03-17,2025-03-22,2025-03-22,Delivered,4.0,No,No,5,0,3.387947406866326,1746.56,1
ORD104809,CUST10385,2025-04-05,Bengaluru,Bengaluru,Surat,103.5,Electronics,7,7.25,Road,Shadowfax,577.61,134.2,11.5,2025-04-08,2025-04-12,2025-04-16,Delayed,2.0,No,No,8,4,5.580772946859904,711.81,0
ORD103214,CUST12778,2025-02-21,Delhi,Delhi,Mumbai,324.0,Electronics,5,4.47,Road,Shadowfax,1454.87,301.98,15.18,2025-02-23,2025-02-28,2025-02-28,Delivered,4.0,No,No,5,0,4.490339506172839,1756.85,1
ORD100584,CUST12596,2025-02-21,Bengaluru,Bengaluru,Pune,122.8,Beauty,1,3.5,Road,Xpressbees,647.76,85.22,10.28,2025-02-24,2025-02-28,2025-03-04,Delayed,3.0,No,No,8,4,5.274918566775244,732.98,0
ORD104820,CUST12413,2025-11-12,Mumbai,Mumbai,Vijayawada,219.2,Electronics,6,3.27,Air,Ecom Express,2105.06,153.01,7.77,2025-11-15,2025-11-17,2025-11-17,Delivered,4.0,No,No,2,0,9.60337591240876,2258.0699999999997,1
ORD104947,CUST12409,2025-06-27,Mumbai,Mumbai,Ahmedabad,128.7,Sports,2,1.48,Rail,Xpressbees,472.22,41.91,14.13,2025-06-30,2025-07-05,2025-07-06,Delayed,4.0,No,No,6,1,3.6691530691530696,514.13,0
ORD104311,CUST12276,2025-04-27,Hyderabad,Hyderabad,Vijayawada,629.2,Sports,7,5.34,Road,Shadowfax,2899.81,559.37,5.7,2025-04-28,2025-05-04,2025-05-04,Delivered,5.0,No,No,6,0,4.608725365543547,3459.18,1
ORD102475,CUST12564,2025-09-10,Mumbai,Mumbai,Lucknow,362.3,Home & Kitchen,2,11.15,Air,Dtdc,3338.17,389.49,9.47,2025-09-13,2025-09-16,2025-09-16,Delivered,5.0,No,No,3,0,9.213828319072592,3727.66,1
ORD103611,CUST11632,2025-02-13,Chennai,Chennai,Kolkata,660.0,Automotive,3,5.88,Road,Xpressbees,2886.99,537.87,6.41,2025-02-15,2025-02-19,2025-02-20,Delayed,5.0,No,No,5,1,4.374227272727272,3424.8599999999997,0
ORD100770,CUST10802,2025-01-09,Chennai,Chennai,Indore,868.5,Beauty,4,4.49,Rail,Xpressbees,3076.83,917.86,9.2,2025-01-13,2025-01-19,2025-01-19,Delivered,4.0,No,No,6,0,3.542694300518135,3994.69,1
ORD103480,CUST11322,2025-04-12,Mumbai,Mumbai,Pune,109.3,Grocery,6,10.33,Rail,Shadowfax,540.38,145.88,6.43,2025-04-15,2025-04-21,2025-04-21,Delivered,4.0,No,No,6,0,4.944007319304666,686.26,1
ORD101766,CUST11017,2025-09-06,Bengaluru,Bengaluru,Nagpur,256.7,Grocery,1,4.54,Road,Dtdc,1298.91,197.51,5.84,2025-09-08,2025-09-14,2025-09-15,Delayed,4.0,Yes,No,7,1,5.060031164783795,1496.42,0
ORD101923,CUST10466,2025-11-16,Bengaluru,Bengaluru,Indore,585.3,Books,7,8.18,Road,Xpressbees,2610.82,577.61,8.5,2025-11-18,2025-11-24,2025-11-24,Delivered,5.0,No,No,6,0,4.460652656757219,3188.4300000000003,1
ORD100581,CUST12230,2025-02-20,Chennai,Chennai,Pune,198.1,Clothing,1,2.32,Road,Delhivery,974.34,71.85,9.28,2025-02-23,2025-02-28,2025-02-28,Delivered,5.0,No,No,5,0,4.9184250378596674,1046.19,1
ORD104522,CUST11545,2025-10-31,Bengaluru,Bengaluru,Hyderabad,319.6,Sports,6,7.32,Road,Xpressbees,1605.15,335.17,8.8,2025-11-02,2025-11-07,2025-11-12,Delayed,4.0,No,Yes,10,5,5.022371714643304,1940.3200000000002,0
ORD104603,CUST10775,2025-02-28,Hyderabad,Hyderabad,Ahmedabad,58.7,Home & Kitchen,6,4.0,Road,Delhivery,349.74,48.51,10.34,2025-03-02,2025-03-07,2025-03-07,Delivered,4.0,No,No,5,0,5.95809199318569,398.25,1
ORD100809,CUST11785,2025-11-02,Hyderabad,Hyderabad,Kochi,431.5,Grocery,1,5.53,Air,Delhivery,3957.41,555.62,6.6,2025-11-05,2025-11-10,2025-11-10,Delivered,5.0,Yes,No,5,0,9.171286210892236,4513.03,1
ORD103365,CUST11880,2025-11-14,Chennai,Chennai,Kolkata,296.6,Home & Kitchen,1,10.09,Air,Xpressbees,2834.52,130.92,7.34,2025-11-16,2025-11-18,2025-11-18,Delivered,5.0,No,No,2,0,9.556709372892785,2965.44,1
ORD101473,CUST12201,2025-07-15,Hyderabad,Hyderabad,Indore,773.6,Automotive,2,1.41,Express,Dtdc,5500.77,538.69,7.53,2025-07-17,2025-07-20,2025-07-20,Delivered,5.0,No,No,3,0,7.11061271975181,6039.460000000001,1
ORD103756,CUST12783,2025-04-26,Hyderabad,Hyderabad,Bengaluru,112.0,Clothing,7,4.51,Air,Dtdc,1181.25,166.21,5.21,2025-04-28,2025-04-30,2025-04-30,Delivered,4.0,No,No,2,0,10.546875,1347.46,1
ORD102431,CUST10543,2025-06-27,Mumbai,Mumbai,Kochi,472.9,Beauty,2,1.49,Rail,Dtdc,1581.41,352.51,10.35,2025-06-30,2025-07-05,2025-07-07,Delayed,4.0,No,No,7,2,3.3440685134277865,1933.92,0
ORD102295,CUST10935,2025-09-22,Mumbai,Mumbai,Vijayawada,887.1,Beauty,1,1.69,Road,Dtdc,3779.79,727.16,6.62,2025-09-24,2025-09-30,2025-09-30,Delivered,4.0,No,No,6,0,4.260838687859317,4506.95,1
ORD102360,CUST10608,2025-04-17,Chennai,Chennai,Visakhapatnam,306.2,Books,3,5.95,Road,Xpressbees,1402.03,295.36,6.62,2025-04-18,2025-04-24,2025-04-24,Delivered,4.0,No,No,6,0,4.578804702808622,1697.3899999999999,1
ORD100190,CUST11531,2025-06-02,Hyderabad,Hyderabad,Vijayawada,96.9,Books,4,1.04,Road,Xpressbees,484.31,110.37,6.5,2025-06-04,2025-06-10,2025-06-10,Delivered,5.0,No,No,6,0,4.9980392156862745,594.6800000000001,1
ORD101727,CUST10556,2025-08-26,Chennai,Chennai,Delhi,295.7,Clothing,2,5.7,Road,Xpressbees,1297.94,239.62,9.74,2025-08-29,2025-09-04,2025-09-04,Delivered,4.0,No,No,6,0,4.389381129523166,1537.56,1
ORD104774,CUST10091,2025-10-09,Mumbai,Mumbai,Bhopal,266.5,Books,1,2.29,Rail,Delhivery,923.92,189.85,8.25,2025-10-10,2025-10-15,2025-10-15,Delivered,4.0,No,No,5,0,3.4668667917448404,1113.77,1
ORD102166,CUST12444,2025-08-09,Mumbai,Mumbai,Coimbatore,647.0,Beauty,1,4.68,Road,Dtdc,2757.59,670.42,9.12,2025-08-11,2025-08-17,2025-08-17,Delivered,4.0,No,No,6,0,4.262117465224112,3428.01,1
ORD101415,CUST12669,2025-12-25,Pune,Pune,Surat,594.4,Books,2,10.42,Rail,Blue Dart,2172.91,384.92,6.21,2025-12-26,2026-01-02,2026-01-02,Delivered,4.0,No,No,7,0,3.655635935397039,2557.83,1
ORD104224,CUST12720,2025-11-05,Pune,Pune,Surat,442.1,Sports,6,4.26,Road,Xpressbees,1932.59,394.69,6.09,2025-11-06,2025-11-12,2025-11-12,Delivered,5.0,No,No,6,0,4.371386564125763,2327.2799999999997,1
ORD102883,CUST10746,2025-09-11,Pune,Pune,Ahmedabad,342.5,Home & Kitchen,6,4.67,Road,Dtdc,1526.58,260.29,7.84,2025-09-13,2025-09-19,2025-09-20,Delayed,4.0,No,No,7,1,4.457167883211679,1786.87,0
ORD104683,CUST11195,2025-02-21,Mumbai,Mumbai,Hyderabad,398.7,Beauty,4,4.24,Express,Shadowfax,2960.39,346.59,11.98,2025-02-24,2025-02-28,2025-02-28,Delivered,5.0,No,No,4,0,7.425106596438424,3306.98,1
ORD103916,CUST11230,2025-06-26,Hyderabad,Hyderabad,Bengaluru,351.1,Beauty,3,4.09,Air,Xpressbees,3348.04,410.08,6.59,2025-06-27,2025-07-01,2025-07-01,Delivered,5.0,No,No,4,0,9.535858729706636,3758.12,1
ORD103693,CUST11248,2025-10-06,Mumbai,Mumbai,Coimbatore,144.0,Books,6,3.57,Road,Xpressbees,750.82,187.04,9.13,2025-10-08,2025-10-13,2025-10-20,Delayed,4.0,Yes,No,12,7,5.214027777777778,937.86,0
ORD103656,CUST11308,2025-09-01,Hyderabad,Hyderabad,Coimbatore,893.5,Clothing,5,2.28,Rail,Dtdc,2970.93,951.59,8.87,2025-09-04,2025-09-12,2025-09-12,Delivered,5.0,No,No,8,0,3.3250475657526577,3922.52,1
ORD100508,CUST12623,2025-06-12,Delhi,Delhi,Nagpur,406.7,Automotive,2,6.97,Rail,Delhivery,1496.4,430.21,3.63,2025-06-15,2025-06-21,2025-06-21,Delivered,5.0,No,No,6,0,3.6793705433980826,1926.6100000000001,1
ORD100714,CUST12213,2025-05-23,Bengaluru,Bengaluru,Coimbatore,335.3,Sports,2,1.67,Road,Dtdc,1590.21,240.34,10.32,2025-05-26,2025-06-01,2025-06-01,Delivered,5.0,No,No,6,0,4.742648374589919,1830.55,1
ORD102108,CUST10045,2025-12-15,Hyderabad,Hyderabad,Bengaluru,265.8,Grocery,4,5.77,Road,Blue Dart,1095.63,224.2,6.17,2025-12-17,2025-12-22,2025-12-22,Delivered,4.0,No,No,5,0,4.122009029345373,1319.8300000000002,1
ORD103053,CUST12474,2025-12-28,Hyderabad,Hyderabad,Surat,582.0,Electronics,5,4.54,Road,Dtdc,2680.83,382.75,6.29,2025-12-30,2026-01-04,2026-01-04,Delivered,5.0,No,No,5,0,4.606237113402062,3063.58,1
ORD102824,CUST11067,2025-10-14,Bengaluru,Bengaluru,Vijayawada,210.2,Electronics,1,1.44,Road,Ecom Express,934.99,217.15,7.09,2025-10-15,2025-10-20,2025-10-20,Delivered,4.0,No,No,5,0,4.448097050428164,1152.14,1
ORD103368,CUST11074,2025-07-08,Delhi,Delhi,Hyderabad,604.4,Sports,1,0.22,Road,Blue Dart,2560.69,607.53,9.41,2025-07-11,2025-07-15,2025-07-15,Delivered,4.0,No,No,4,0,4.236747187293184,3168.2200000000003,1
ORD103146,CUST11490,2025-04-23,Bengaluru,Bengaluru,Hyderabad,466.0,Grocery,4,11.88,Road,Delhivery,2264.59,537.35,9.19,2025-04-25,2025-05-01,2025-05-01,Delivered,4.0,No,No,6,0,4.859635193133047,2801.94,1
ORD100765,CUST10957,2025-08-23,Bengaluru,Bengaluru,Delhi,122.5,Clothing,4,1.87,Road,Delhivery,512.91,98.22,9.53,2025-08-25,2025-08-29,2025-09-02,Delayed,5.0,No,No,8,4,4.187020408163265,611.13,0
ORD100652,CUST10068,2025-09-27,Bengaluru,Bengaluru,Lucknow,90.3,Clothing,5,3.6,Road,Delhivery,480.03,116.28,8.55,2025-09-30,2025-10-05,2025-10-07,Delayed,4.0,No,No,7,2,5.315946843853821,596.31,0
ORD102761,CUST11982,2025-01-26,Delhi,Delhi,Hyderabad,90.9,Books,5,2.04,Road,Dtdc,528.14,51.01,8.23,2025-01-29,2025-02-02,2025-02-04,Delayed,5.0,No,No,6,2,5.8101210121012095,579.15,0
ORD103713,CUST11422,2025-12-22,Bengaluru,Bengaluru,Indore,490.1,Sports,4,1.16,Road,Blue Dart,2091.65,383.84,7.67,2025-12-24,2025-12-30,2025-12-30,Delivered,4.0,No,No,6,0,4.2678024892879005,2475.4900000000002,1
ORD102552,CUST11224,2025-04-19,Mumbai,Mumbai,Jaipur,725.6,Automotive,4,2.83,Rail,Ecom Express,2334.28,499.51,9.86,2025-04-20,2025-04-27,2025-05-01,Delayed,3.0,No,No,11,4,3.217034178610805,2833.79,0
ORD101182,CUST11411,2025-11-07,Mumbai,Mumbai,Vijayawada,303.4,Automotive,5,5.53,Air,Shadowfax,2910.71,292.51,6.36,2025-11-09,2025-11-12,2025-11-12,Delivered,4.0,No,No,3,0,9.593638760711933,3203.2200000000003,1
ORD101828,CUST10201,2025-07-07,Hyderabad,Hyderabad,Kochi,386.3,Grocery,1,4.21,Express,Blue Dart,2928.76,289.05,4.72,2025-07-10,2025-07-13,2025-07-13,Delivered,4.0,No,No,3,0,7.581568728967125,3217.8100000000004,1
ORD104837,CUST11529,2025-06-12,Bengaluru,Bengaluru,Vijayawada,94.4,Home & Kitchen,5,3.3,Rail,Blue Dart,436.72,22.65,6.77,2025-06-14,2025-06-20,2025-06-20,Delivered,4.0,No,No,6,0,4.626271186440678,459.37,1
ORD102106,CUST12272,2025-03-04,Mumbai,Mumbai,Nagpur,292.0,Beauty,2,13.94,Express,Ecom Express,2370.81,185.95,13.45,2025-03-07,2025-03-12,2025-03-12,Delivered,5.0,No,No,5,0,8.119212328767123,2556.7599999999998,1
ORD104805,CUST11193,2025-10-20,Mumbai,Mumbai,Kolkata,1070.3,Sports,3,16.31,Rail,Blue Dart,3777.42,1020.32,10.83,2025-10-24,2025-11-01,2025-11-05,Delayed,4.0,No,No,12,4,3.529309539381482,4797.74,0
ORD101716,CUST11179,2025-07-30,Pune,Pune,Hyderabad,258.5,Grocery,6,4.04,Road,Dtdc,1279.09,188.32,9.96,2025-08-02,2025-08-08,2025-08-08,Delivered,4.0,No,No,6,0,4.948123791102514,1467.4099999999999,1
ORD103685,CUST11930,2025-10-20,Bengaluru,Bengaluru,Indore,430.2,Electronics,4,4.8,Road,Ecom Express,2012.07,351.9,6.79,2025-10-22,2025-10-27,2025-10-28,Delayed,3.0,No,No,6,1,4.677057182705719,2363.97,0
ORD101562,CUST11870,2025-01-01,Bengaluru,Bengaluru,Chennai,417.8,Beauty,6,7.18,Road,Blue Dart,1893.55,282.33,5.08,2025-01-03,2025-01-09,2025-01-09,Delivered,5.0,No,No,6,0,4.532192436572522,2175.88,1
ORD101065,CUST10276,2025-07-28,Hyderabad,Hyderabad,Delhi,118.5,Beauty,1,1.57,Air,Dtdc,1108.26,90.19,8.51,2025-07-30,2025-08-02,2025-08-02,Delivered,4.0,No,No,3,0,9.352405063291139,1198.45,1
ORD104013,CUST10921,2025-03-05,Chennai,Chennai,Hyderabad,333.3,Electronics,6,2.31,Road,Ecom Express,1437.21,277.2,7.26,2025-03-08,2025-03-14,2025-03-14,Delivered,4.0,No,No,6,0,4.312061206120612,1714.41,1
ORD100349,CUST11373,2025-07-19,Hyderabad,Hyderabad,Chennai,420.7,Automotive,2,0.99,Air,Dtdc,3808.19,263.58,7.62,2025-07-21,2025-07-23,2025-07-23,Delivered,4.0,No,No,2,0,9.052032327073924,4071.77,1
ORD100907,CUST12210,2025-02-17,Bengaluru,Bengaluru,Pune,372.2,Sports,1,7.54,Air,Blue Dart,3533.25,461.07,9.24,2025-02-19,2025-02-21,2025-02-21,Delivered,4.0,No,No,2,0,9.492880171950565,3994.32,1
ORD103688,CUST11159,2025-02-18,Pune,Pune,Mumbai,619.4,Home & Kitchen,4,11.64,Road,Xpressbees,2813.94,695.75,11.97,2025-02-21,2025-02-26,2025-03-01,Delayed,3.0,No,No,8,3,4.543009363900549,3509.69,0
ORD104881,CUST11187,2025-11-05,Hyderabad,Hyderabad,Lucknow,155.5,Books,3,9.01,Air,Dtdc,1575.05,0.0,7.87,2025-11-07,2025-11-10,2025-11-10,Delivered,5.0,No,No,3,0,10.128938906752412,1575.05,1
ORD102899,CUST12364,2025-10-02,Pune,Pune,Delhi,911.9,Books,4,0.68,Air,Ecom Express,8250.66,769.57,9.7,2025-10-05,2025-10-09,2025-10-09,Delivered,4.0,No,No,4,0,9.04776839565742,9020.23,1
ORD101269,CUST10340,2025-11-27,Bengaluru,Bengaluru,Mumbai,372.7,Beauty,6,5.96,Rail,Dtdc,1344.33,358.58,8.1,2025-11-29,2025-12-04,2025-12-04,Delivered,5.0,No,No,5,0,3.607002951435471,1702.9099999999999,1
ORD103038,CUST12047,2025-07-15,Bengaluru,Bengaluru,Ahmedabad,453.5,Sports,2,12.94,Air,Xpressbees,4355.63,354.81,4.91,2025-07-16,2025-07-19,2025-07-19,Delivered,4.0,No,No,3,0,9.604476295479603,4710.4400000000005,1
ORD103842,CUST11809,2025-01-11,Delhi,Delhi,Surat,605.7,Beauty,3,9.9,Rail,Xpressbees,2099.48,561.67,10.55,2025-01-13,2025-01-20,2025-01-21,Delayed,4.0,No,No,8,1,3.4662043916130094,2661.15,0
ORD100312,CUST11138,2025-05-18,Pune,Pune,Bengaluru,63.7,Books,3,6.1,Air,Dtdc,649.55,26.44,13.7,2025-05-21,2025-05-23,2025-05-23,Delivered,4.0,No,No,2,0,10.197017268445839,675.99,1
ORD104928,CUST12302,2025-09-30,Bengaluru,Bengaluru,Mumbai,257.7,Clothing,6,1.06,Road,Dtdc,1169.0,159.25,10.16,2025-10-02,2025-10-08,2025-10-08,Delivered,4.0,No,No,6,0,4.53628249902988,1328.25,1
ORD103621,CUST12503,2025-03-18,Bengaluru,Bengaluru,Bhopal,139.4,Home & Kitchen,1,4.79,Road,Xpressbees,619.01,112.75,4.72,2025-03-19,2025-03-23,2025-03-24,Delayed,3.0,No,No,5,1,4.440530846484935,731.76,0
ORD101581,CUST11628,2025-06-16,Bengaluru,Bengaluru,Surat,279.6,Home & Kitchen,4,2.23,Road,Ecom Express,1160.34,278.57,10.8,2025-06-20,2025-06-26,2025-06-29,Delayed,4.0,No,No,9,3,4.1499999999999995,1438.9099999999999,0
ORD101496,CUST12447,2025-07-12,Hyderabad,Hyderabad,Bhopal,345.6,Sports,1,6.79,Road,Xpressbees,1443.4,281.28,10.07,2025-07-15,2025-07-20,2025-07-20,Delivered,5.0,No,No,5,0,4.17650462962963,1724.68,1
ORD103419,CUST12650,2025-09-11,Chennai,Chennai,Lucknow,1406.6,Beauty,4,1.23,Road,Xpressbees,5909.5,993.67,7.63,2025-09-14,2025-09-22,2025-09-22,Delivered,4.0,No,No,8,0,4.201265462818143,6903.17,1
ORD103989,CUST12213,2025-04-10,Hyderabad,Hyderabad,Hyderabad,577.3,Sports,6,6.65,Express,Shadowfax,4187.5,439.54,5.52,2025-04-12,2025-04-18,2025-04-18,Delivered,5.0,No,Yes,6,0,7.25359431837866,4627.04,1
ORD103398,CUST11082,2025-05-17,Hyderabad,Hyderabad,Pune,912.2,Home & Kitchen,4,1.17,Road,Ecom Express,3980.73,791.97,8.28,2025-05-19,2025-05-24,2025-05-26,Delayed,4.0,No,No,7,2,4.363878535408901,4772.7,0
ORD104940,CUST10701,2025-01-25,Mumbai,Mumbai,Indore,376.7,Electronics,7,7.59,Air,Xpressbees,3616.92,507.81,12.14,2025-01-29,2025-02-01,2025-02-01,Delivered,5.0,No,No,3,0,9.601592779400054,4124.7300000000005,1
ORD103488,CUST12534,2025-10-04,Chennai,Chennai,Indore,393.5,Beauty,5,1.68,Rail,Shadowfax,1216.56,252.43,9.93,2025-10-06,2025-10-13,2025-10-13,Delivered,5.0,No,No,7,0,3.091639135959339,1468.99,1
ORD103031,CUST10238,2025-05-02,Mumbai,Mumbai,Nagpur,68.1,Clothing,2,0.2,Rail,Xpressbees,161.96,43.35,7.26,2025-05-04,2025-05-08,2025-05-08,Delivered,4.0,No,No,4,0,2.3782672540381795,205.31,1
ORD101300,CUST10265,2025-11-06,Chennai,Chennai,Lucknow,626.3,Electronics,2,5.72,Express,Shadowfax,4466.63,560.72,9.47,2025-11-09,2025-11-13,2025-11-13,Delivered,5.0,No,No,4,0,7.131773910266646,5027.35,1
ORD101722,CUST10721,2025-12-13,Pune,Pune,Bengaluru,313.1,Grocery,5,0.69,Express,Shadowfax,2246.83,334.16,6.2,2025-12-15,2025-12-18,2025-12-18,Delivered,5.0,No,No,3,0,7.1760779303736815,2580.99,1
ORD103013,CUST12568,2025-08-15,Chennai,Chennai,Bhopal,221.8,Books,2,4.56,Road,Xpressbees,1016.33,236.28,9.32,2025-08-17,2025-08-22,2025-08-22,Delivered,5.0,No,No,5,0,4.5821911632101,1252.6100000000001,1
ORD101731,CUST10794,2025-08-03,Bengaluru,Bengaluru,Kochi,439.2,Books,3,1.27,Road,Xpressbees,1836.75,325.12,8.86,2025-08-06,2025-08-10,2025-08-10,Delivered,5.0,No,No,4,0,4.182035519125683,2161.87,1
ORD101006,CUST12014,2025-05-24,Bengaluru,Bengaluru,Kolkata,475.8,Sports,4,2.81,Express,Dtdc,3537.09,540.98,10.96,2025-05-27,2025-05-31,2025-05-31,Delivered,4.0,No,No,4,0,7.433984867591425,4078.07,1
ORD102811,CUST11810,2025-05-29,Mumbai,Mumbai,Bengaluru,731.3,Clothing,4,5.53,Road,Blue Dart,3055.32,647.57,10.06,2025-05-31,2025-06-06,2025-06-06,Delivered,4.0,No,No,6,0,4.177929714207576,3702.8900000000003,1
ORD102795,CUST12518,2025-01-12,Bengaluru,Bengaluru,Vijayawada,172.7,Automotive,6,9.72,Express,Delhivery,1420.1,249.29,8.12,2025-01-14,2025-01-17,2025-01-17,Delivered,5.0,No,No,3,0,8.222929936305732,1669.3899999999999,1
ORD102192,CUST12614,2025-05-12,Chennai,Chennai,Visakhapatnam,350.9,Home & Kitchen,6,3.36,Air,Shadowfax,3254.81,352.44,5.7,2025-05-14,2025-05-16,2025-05-16,Delivered,4.0,No,No,2,0,9.275605585636933,3607.25,1
ORD103883,CUST11218,2025-02-10,Mumbai,Mumbai,Indore,189.0,Beauty,5,2.64,Rail,Ecom Express,793.91,240.44,11.03,2025-02-13,2025-02-18,2025-02-18,Delivered,4.0,No,No,5,0,4.200582010582011,1034.35,1
ORD101259,CUST11992,2025-07-28,Delhi,Delhi,Unknown,246.5,Home & Kitchen,2,2.24,Road,Ecom Express,1065.02,193.74,7.61,2025-07-31,2025-08-04,2025-08-04,Delivered,4.0,No,No,4,0,4.320567951318458,1258.76,1
ORD104418,CUST10295,2025-04-06,Chennai,Chennai,Bengaluru,1299.9,Electronics,5,1.32,Road,Shadowfax,5469.69,1014.76,8.5,2025-04-08,2025-04-15,2025-04-15,Delivered,4.0,No,No,7,0,4.207777521347795,6484.45,1
ORD103086,CUST10427,2025-09-07,Bengaluru,Bengaluru,Kochi,139.7,Books,7,17.12,Road,Shadowfax,881.24,36.85,6.07,2025-09-09,2025-09-15,2025-09-15,Delivered,4.0,No,No,6,0,6.308088761632069,918.09,1
ORD102863,CUST10763,2025-02-09,Delhi,Delhi,Indore,477.0,Sports,2,4.36,Rail,Dtdc,1715.21,351.95,11.3,2025-02-11,2025-02-18,2025-02-19,Delayed,3.0,No,No,8,1,3.5958280922431864,2067.16,0
ORD102718,CUST10040,2025-06-14,Mumbai,Mumbai,Bhopal,502.2,Electronics,1,2.24,Express,Blue Dart,3546.44,434.77,8.63,2025-06-16,2025-06-20,2025-06-20,Delivered,3.0,No,No,4,0,7.061808044603744,3981.21,1
ORD102162,CUST12180,2025-04-03,Bengaluru,Bengaluru,Coimbatore,547.3,Sports,5,20.46,Air,Delhivery,5360.83,394.34,7.75,2025-04-06,2025-04-09,2025-04-09,Delivered,5.0,No,No,3,0,9.795048419513979,5755.17,1
ORD103805,CUST11048,2025-08-14,Chennai,Chennai,Unknown,568.2,Beauty,7,2.31,Road,Blue Dart,2427.05,636.76,5.06,2025-08-16,2025-08-23,2025-08-25,Delayed,3.0,No,No,9,2,4.271471312917987,3063.8100000000004,0
ORD104094,CUST10502,2025-11-02,Bengaluru,Bengaluru,Delhi,540.5,Clothing,1,1.29,Road,Xpressbees,2305.96,451.71,7.61,2025-11-04,2025-11-10,2025-11-10,Delivered,5.0,No,No,6,0,4.266345975948196,2757.67,1
ORD103465,CUST11443,2025-11-11,Hyderabad,Hyderabad,Chennai,468.2,Automotive,7,5.73,Rail,Shadowfax,1687.67,489.2,8.49,2025-11-13,2025-11-18,2025-11-18,Delivered,4.0,No,No,5,0,3.6045920546774886,2176.87,1
ORD101084,CUST11127,2025-12-31,Chennai,Chennai,Nagpur,390.7,Beauty,6,7.48,Express,Delhivery,2879.58,416.37,9.88,2026-01-03,2026-01-07,2026-01-07,Delivered,4.0,No,No,4,0,7.370309700537497,3295.95,1
ORD103993,CUST11189,2025-07-08,Chennai,Chennai,Delhi,531.3,Books,7,2.99,Air,Xpressbees,4850.44,384.57,6.57,2025-07-10,2025-07-14,2025-07-14,Delivered,4.0,No,No,4,0,9.129380764163374,5235.009999999999,1
ORD102797,CUST10530,2025-08-26,Hyderabad,Hyderabad,Ahmedabad,362.0,Automotive,2,2.15,Air,Dtdc,3307.39,280.17,4.5,2025-08-27,2025-08-30,2025-08-30,Delivered,4.0,No,No,3,0,9.136436464088398,3587.56,1
ORD104693,CUST12728,2025-06-02,Bengaluru,Bengaluru,Pune,335.4,Grocery,4,1.79,Road,Delhivery,1486.1,388.11,6.31,2025-06-04,2025-06-09,2025-06-09,Delivered,4.0,No,No,5,0,4.4308288610614195,1874.21,1
ORD104055,CUST11510,2025-08-04,Bengaluru,Bengaluru,Vijayawada,51.3,Electronics,1,6.55,Road,Xpressbees,137.74,20.0,9.09,2025-08-06,2025-08-12,2025-08-14,Delayed,3.0,No,No,8,2,2.684990253411306,157.74,0
ORD103475,CUST12190,2025-11-25,Delhi,Delhi,Coimbatore,370.1,Home & Kitchen,1,12.49,Road,Blue Dart,1676.67,428.43,9.59,2025-11-28,2025-12-03,2025-12-03,Delivered,5.0,No,No,5,0,4.530316130775466,2105.1,1
ORD101110,CUST11069,2025-01-26,Bengaluru,Bengaluru,Bhopal,468.9,Electronics,1,5.82,Air,Dtdc,4414.01,404.99,7.65,2025-01-28,2025-01-31,2025-02-01,Delayed,3.0,No,Yes,4,1,9.41354233312007,4819.0,0
ORD101337,CUST10874,2025-07-14,Bengaluru,Bengaluru,Visakhapatnam,451.7,Clothing,4,6.17,Rail,Shadowfax,1607.69,294.77,6.77,2025-07-16,2025-07-23,2025-07-24,Delayed,4.0,No,No,8,1,3.5591985831303963,1902.46,0
ORD104554,CUST11012,2025-01-03,Hyderabad,Hyderabad,Surat,633.8,Grocery,6,14.11,Rail,Xpressbees,2375.77,756.85,9.01,2025-01-06,2025-01-13,2025-01-13,Delivered,5.0,No,No,7,0,3.7484537709056487,3132.62,1
ORD103320,CUST10055,2025-03-08,Chennai,Chennai,Mumbai,414.0,Sports,1,2.2,Express,Shadowfax,3028.56,319.03,7.32,2025-03-10,2025-03-15,2025-03-15,Delivered,4.0,No,No,5,0,7.315362318840579,3347.59,1
ORD104802,CUST11581,2025-12-03,Delhi,Delhi,Kolkata,387.5,Sports,4,0.25,Air,Shadowfax,3522.76,304.89,10.21,2025-12-06,2025-12-10,2025-12-13,Delayed,4.0,Yes,No,7,3,9.090993548387097,3827.65,0
ORD101148,CUST10570,2025-02-09,Bengaluru,Bengaluru,Nagpur,677.8,Clothing,1,6.21,Rail,Shadowfax,2238.79,574.03,8.09,2025-02-11,2025-02-19,2025-02-21,Delayed,3.0,No,No,10,2,3.3030244910002953,2812.8199999999997,0
ORD101001,CUST10159,2025-10-04,Mumbai,Mumbai,Nagpur,547.4,Clothing,5,3.51,Road,Blue Dart,2454.92,514.8,7.43,2025-10-07,2025-10-13,2025-10-13,Delivered,4.0,No,No,6,0,4.484691267811472,2969.7200000000003,1
ORD103853,CUST10479,2025-11-05,Hyderabad,Hyderabad,Ahmedabad,294.6,Automotive,5,7.3,Road,Shadowfax,1449.03,289.44,8.07,2025-11-07,2025-11-13,2025-11-13,Delivered,4.0,No,No,6,0,4.918635437881873,1738.47,1
ORD102911,CUST11447,2025-02-01,Mumbai,Mumbai,Pune,633.6,Electronics,6,3.58,Rail,Dtdc,2188.54,738.22,8.59,2025-02-03,2025-02-11,2025-02-11,Delivered,5.0,No,No,8,0,3.4541351010101007,2926.76,1
ORD103414,CUST10869,2025-11-20,Bengaluru,Bengaluru,Hyderabad,241.4,Clothing,7,6.93,Express,Ecom Express,1767.08,123.96,9.78,2025-11-23,2025-11-26,2025-11-26,Delivered,5.0,No,No,3,0,7.32013256006628,1891.04,1
ORD101799,CUST12307,2025-02-05,Hyderabad,Hyderabad,Bhopal,538.4,Beauty,2,1.6,Air,Delhivery,5079.08,556.8,0.0,2025-02-07,2025-02-10,2025-02-10,Delivered,4.0,No,No,3,0,9.43365527488856,5635.88,1
ORD100638,CUST10606,2025-04-28,Delhi,Delhi,Kochi,247.2,Books,1,5.02,Rail,Dtdc,905.06,210.85,8.08,2025-04-30,2025-05-05,2025-05-05,Delivered,4.0,Yes,No,5,0,3.6612459546925566,1115.9099999999999,1
ORD102277,CUST11220,2025-10-13,Chennai,Chennai,Kochi,169.7,Electronics,7,3.43,Air,Delhivery,1731.86,182.48,8.35,2025-10-15,2025-10-18,2025-10-20,Delayed,3.0,No,No,5,2,10.205421331761933,1914.34,0
ORD101342,CUST11035,2025-01-09,Hyderabad,Hyderabad,Bengaluru,224.7,Beauty,1,11.21,Rail,Dtdc,907.77,174.22,3.73,2025-01-11,2025-01-17,2025-01-20,Delayed,3.0,No,No,9,3,4.0399198931909215,1081.99,0
ORD100881,CUST12545,2025-07-18,Delhi,Delhi,Nagpur,376.4,Home & Kitchen,2,15.6,Road,Ecom Express,1762.23,338.46,12.7,2025-07-20,2025-07-26,2025-07-26,Delivered,5.0,No,No,6,0,4.681801275239108,2100.69,1
ORD103885,CUST12212,2025-07-30,Mumbai,Mumbai,Nagpur,384.6,Electronics,1,9.4,Road,Ecom Express,1718.13,331.53,11.7,2025-08-01,2025-08-05,2025-08-05,Delivered,5.0,No,No,4,0,4.467316692667707,2049.66,1
ORD102150,CUST10576,2025-01-16,Bengaluru,Bengaluru,Kochi,205.0,Grocery,3,13.5,Air,Shadowfax,2142.13,216.25,4.84,2025-01-18,2025-01-19,2025-01-19,Delivered,3.0,No,No,1,0,10.449414634146342,2358.38,1
ORD104794,CUST11959,2025-03-06,Mumbai,Mumbai,Nagpur,322.8,Electronics,6,1.73,Air,Delhivery,2920.29,303.93,8.07,2025-03-08,2025-03-11,2025-03-11,Delivered,5.0,No,Yes,3,0,9.04674721189591,3224.22,1
ORD100483,CUST12029,2025-02-11,Bengaluru,Bengaluru,Surat,338.6,Home & Kitchen,6,5.76,Road,Shadowfax,1517.29,338.19,8.66,2025-02-14,2025-02-19,2025-02-19,Delivered,4.0,No,No,5,0,4.481069108092144,1855.48,1
ORD101901,CUST11723,2025-03-19,Hyderabad,Hyderabad,Jaipur,324.8,Electronics,7,3.21,Express,Xpressbees,2469.39,270.93,6.0,2025-03-20,2025-03-24,2025-03-24,Delivered,5.0,No,No,4,0,7.60280172413793,2740.3199999999997,1
ORD102171,CUST11537,2025-07-15,Delhi,Delhi,Kolkata,604.9,Clothing,6,6.06,Air,Delhivery,5655.41,677.19,11.0,2025-07-18,2025-07-20,2025-07-20,Delivered,4.0,No,No,2,0,9.349330467845926,6332.6,1
ORD101797,CUST12739,2025-12-15,Pune,Pune,Jaipur,483.9,Clothing,3,1.32,Road,Blue Dart,2025.07,502.72,9.82,2025-12-18,2025-12-24,2025-12-24,Delivered,4.0,No,No,6,0,4.184893573052284,2527.79,1
ORD101153,CUST12600,2025-06-09,Hyderabad,Hyderabad,Vijayawada,82.2,Books,3,1.61,Road,Xpressbees,462.3,92.0,6.51,2025-06-11,2025-06-15,2025-06-15,Delivered,4.0,No,No,4,0,5.624087591240876,554.3,1
ORD102415,CUST10890,2025-04-10,Mumbai,Mumbai,Kochi,522.3,Sports,2,10.25,Road,Ecom Express,2525.18,483.07,10.05,2025-04-12,2025-04-18,2025-04-21,Delayed,3.0,No,No,9,3,4.834730997511009,3008.25,0
ORD101673,CUST11475,2025-08-12,Hyderabad,Hyderabad,Delhi,473.2,Automotive,7,7.85,Road,Dtdc,2133.19,477.4,5.59,2025-08-14,2025-08-20,2025-08-20,Delivered,4.0,No,No,6,0,4.508009298393914,2610.59,1
ORD101256,CUST12190,2025-02-13,Hyderabad,Hyderabad,Delhi,765.5,Sports,4,1.36,Express,Dtdc,5549.26,530.05,7.77,2025-02-15,2025-02-19,2025-02-19,Delivered,4.0,No,Yes,4,0,7.249196603527107,6079.31,1
ORD102355,CUST11290,2025-05-18,Bengaluru,Bengaluru,Visakhapatnam,266.0,Sports,5,1.49,Rail,Dtdc,984.53,192.35,6.33,2025-05-20,2025-05-26,2025-05-26,Delivered,4.0,No,No,6,0,3.701240601503759,1176.8799999999999,1
ORD101440,CUST11732,2025-01-12,Hyderabad,Hyderabad,Mumbai,582.9,Home & Kitchen,2,2.2,Air,Xpressbees,5294.39,664.25,7.29,2025-01-15,2025-01-20,2025-01-25,Delayed,4.0,No,No,10,5,9.082844398696174,5958.64,0
ORD100460,CUST10239,2025-11-16,Pune,Pune,Visakhapatnam,843.6,Books,5,1.62,Road,Xpressbees,3660.26,691.42,11.42,2025-11-18,2025-11-25,2025-11-25,Delivered,4.0,No,No,7,0,4.338857278330963,4351.68,1
ORD104949,CUST10944,2025-12-28,Hyderabad,Hyderabad,Vijayawada,307.0,Clothing,2,8.81,Air,Shadowfax,2885.26,297.88,10.64,2026-01-01,2026-01-04,2026-01-04,Delivered,5.0,No,No,3,0,9.398241042345278,3183.1400000000003,1
ORD101433,CUST12246,2025-03-29,Pune,Pune,Bengaluru,310.8,Sports,7,3.14,Road,Xpressbees,1409.84,343.02,12.76,2025-04-02,2025-04-08,2025-04-11,Delayed,4.0,No,No,9,3,4.536164736164736,1752.86,0
ORD104196,CUST12440,2025-12-18,Hyderabad,Hyderabad,Kochi,162.5,Automotive,1,5.7,Road,Delhivery,846.61,166.22,6.03,2025-12-20,2025-12-25,2025-12-25,Delivered,5.0,No,No,5,0,5.209907692307692,1012.83,1
ORD103777,CUST11772,2025-06-16,Pune,Pune,Lucknow,366.9,Electronics,7,3.74,Road,Xpressbees,1674.84,358.32,7.01,2025-06-18,2025-06-23,2025-06-28,Delayed,4.0,No,No,10,5,4.564840556009812,2033.1599999999999,0
ORD100696,CUST12326,2025-02-03,Hyderabad,Hyderabad,Ahmedabad,816.9,Books,2,0.44,Road,Shadowfax,3481.48,597.57,10.45,2025-02-06,2025-02-13,2025-02-13,Delivered,4.0,No,No,7,0,4.261819072101849,4079.05,1
ORD104097,CUST10964,2025-04-20,Hyderabad,Hyderabad,Mumbai,543.5,Automotive,4,8.19,Air,Blue Dart,4997.33,404.11,5.18,2025-04-23,2025-04-27,2025-04-27,Delivered,5.0,No,No,4,0,9.19471941122355,5401.44,1
ORD100543,CUST11073,2025-11-02,Hyderabad,Hyderabad,Surat,352.1,Sports,6,3.3,Road,Dtdc,1586.98,416.58,8.62,2025-11-04,2025-11-11,2025-11-11,Delivered,5.0,No,No,7,0,4.5071854586765125,2003.56,1
ORD102228,CUST11255,2025-11-16,Pune,Pune,Visakhapatnam,326.1,Sports,6,6.74,Road,Dtdc,1479.18,247.98,9.71,2025-11-19,2025-11-23,2025-11-27,Delayed,4.0,No,No,8,4,4.535970561177553,1727.16,0
ORD104250,CUST11303,2025-03-06,Hyderabad,Hyderabad,Chennai,297.4,Automotive,6,3.94,Road,Shadowfax,1311.95,0.0,10.24,2025-03-08,2025-03-13,2025-03-13,Delivered,4.0,No,No,5,0,4.41139878950908,1311.95,1
ORD101507,CUST12599,2025-02-18,Mumbai,Mumbai,Delhi,143.4,Home & Kitchen,1,5.1,Rail,Delhivery,603.08,121.74,11.07,2025-02-21,2025-02-27,2025-02-27,Delivered,4.0,No,No,6,0,4.2055788005578805,724.82,1
ORD102331,CUST11632,2025-12-01,Hyderabad,Hyderabad,Indore,260.2,Electronics,2,4.46,Road,Delhivery,1387.51,266.51,8.6,2025-12-03,2025-12-08,2025-12-08,Delivered,5.0,No,No,5,0,5.3324750192159875,1654.02,1
ORD100598,CUST10910,2025-04-09,Hyderabad,Hyderabad,Kochi,228.7,Grocery,6,3.19,Road,Shadowfax,1137.95,217.24,10.38,2025-04-11,2025-04-16,2025-04-16,Delivered,4.0,No,No,5,0,4.975732400524706,1355.19,1
ORD104553,CUST12544,2025-10-28,Chennai,Chennai,Kolkata,129.0,Automotive,6,1.54,Road,Ecom Express,584.24,106.44,8.24,2025-10-30,2025-11-05,2025-11-05,Delivered,5.0,No,No,6,0,4.528992248062016,690.6800000000001,1
ORD100679,CUST11323,2025-12-10,Pune,Pune,Jaipur,829.2,Beauty,3,6.53,Express,Ecom Express,6021.58,811.06,7.94,2025-12-13,2025-12-17,2025-12-17,Delivered,4.0,No,No,4,0,7.261915098890497,6832.639999999999,1
ORD103279,CUST12214,2025-05-02,Chennai,Chennai,Delhi,344.2,Home & Kitchen,3,3.54,Rail,Blue Dart,1222.36,374.36,8.78,2025-05-04,2025-05-11,2025-05-12,Delayed,3.0,No,No,8,1,3.5513073794305634,1596.7199999999998,0
ORD104310,CUST12434,2025-04-23,Delhi,Delhi,Bengaluru,246.2,Automotive,6,3.96,Road,Dtdc,1163.49,231.2,10.78,2025-04-26,2025-05-01,2025-05-04,Delayed,2.0,No,Yes,8,3,4.725792038992689,1394.69,0
ORD104267,CUST12148,2025-09-20,Hyderabad,Hyderabad,Delhi,346.7,Sports,6,5.24,Road,Dtdc,1629.81,374.65,3.44,2025-09-21,2025-09-27,2025-09-27,Delivered,3.0,No,No,6,0,4.700922988174214,2004.46,1
ORD102731,CUST12062,2025-11-24,Bengaluru,Bengaluru,Indore,39.9,Clothing,2,10.58,Road,Blue Dart,271.56,20.0,6.89,2025-11-26,2025-12-01,2025-12-01,Delivered,5.0,No,No,5,0,6.806015037593985,291.56,1
ORD100776,CUST10008,2025-09-02,Pune,Pune,Bengaluru,239.7,Clothing,5,1.88,Air,Shadowfax,2210.0,188.81,12.05,2025-09-05,2025-09-07,2025-09-07,Delivered,4.0,No,No,2,0,9.21985815602837,2398.81,1
ORD101922,CUST11288,2025-04-18,Chennai,Chennai,Bhopal,511.9,Grocery,7,2.56,Air,Xpressbees,4654.08,589.16,11.35,2025-04-20,2025-04-23,2025-04-23,Delivered,4.0,No,No,3,0,9.091775737448721,5243.24,1
ORD102763,CUST10903,2025-01-02,Chennai,Chennai,Kolkata,516.4,Clothing,1,20.12,Rail,Shadowfax,1950.96,391.83,5.87,2025-01-04,2025-01-11,2025-01-11,Delivered,5.0,No,No,7,0,3.778001549186677,2342.79,1
ORD102967,CUST10844,2025-04-20,Pune,Pune,Surat,604.9,Electronics,3,1.23,Road,Dtdc,2569.24,563.99,10.15,2025-04-23,2025-04-29,2025-04-29,Delivered,4.0,No,No,6,0,4.247379732187138,3133.2299999999996,1
ORD101347,CUST12796,2025-03-21,Hyderabad,Hyderabad,Delhi,342.7,Home & Kitchen,2,4.37,Road,Delhivery,1519.07,358.24,8.51,2025-03-23,2025-03-29,2025-03-29,Delivered,5.0,No,No,6,0,4.432652465713452,1877.31,1
ORD100570,CUST11095,2025-01-13,Pune,Pune,Ahmedabad,228.8,Books,4,7.26,Rail,Shadowfax,808.67,185.05,12.75,2025-01-16,2025-01-23,2025-01-23,Delivered,5.0,No,No,7,0,3.534396853146853,993.72,1
ORD100175,CUST10487,2025-12-01,Delhi,Delhi,Coimbatore,684.9,Books,6,4.75,Road,Dtdc,3002.13,535.94,5.81,2025-12-03,2025-12-09,2025-12-09,Delivered,4.0,No,No,6,0,4.383311432325887,3538.07,1
ORD102604,CUST10578,2025-01-13,Chennai,Chennai,Vijayawada,1240.7,Sports,6,2.34,Road,Shadowfax,5296.12,1052.15,4.99,2025-01-15,2025-01-22,2025-01-22,Delivered,4.0,No,No,7,0,4.268654791649875,6348.27,1
ORD101493,CUST11804,2025-12-24,Hyderabad,Hyderabad,Nagpur,438.2,Automotive,4,9.86,Road,Delhivery,2045.5,302.81,6.52,2025-12-26,2026-01-02,2026-01-02,Delivered,4.0,No,No,7,0,4.667959835691465,2348.31,1
ORD102338,CUST11015,2025-03-09,Chennai,Chennai,Mumbai,301.6,Grocery,6,5.67,Express,Dtdc,2364.24,292.95,7.38,2025-03-11,2025-03-15,2025-03-15,Delivered,4.0,No,No,4,0,7.838992042440317,2657.1899999999996,1
ORD104278,CUST10622,2025-02-17,Hyderabad,Hyderabad,Delhi,926.1,Electronics,7,5.39,Air,Xpressbees,8428.17,951.54,12.22,2025-02-19,2025-02-23,2025-02-23,Delivered,4.0,No,No,4,0,9.100712666018788,9379.71,1
ORD101089,CUST11208,2025-01-16,Bengaluru,Bengaluru,Visakhapatnam,226.0,Sports,7,1.8,Road,Dtdc,1135.98,260.03,9.9,2025-01-19,2025-01-25,2025-01-25,Delivered,5.0,No,No,6,0,5.026460176991151,1396.01,1
ORD102786,CUST11224,2025-11-14,Mumbai,Mumbai,Vijayawada,297.4,Books,3,3.95,Road,Xpressbees,1325.6,297.93,6.65,2025-11-16,2025-11-22,2025-11-22,Delivered,4.0,No,No,6,0,4.457296570275723,1623.53,1
ORD100137,CUST12708,2025-03-20,Bengaluru,Bengaluru,Visakhapatnam,137.6,Electronics,1,4.18,Air,Blue Dart,1339.25,153.22,3.1,2025-03-22,2025-03-25,2025-03-25,Delivered,5.0,No,No,3,0,9.732921511627907,1492.47,1
ORD100016,CUST12233,2025-02-19,Pune,Pune,Surat,109.6,Books,4,8.61,Rail,Xpressbees,613.79,86.18,8.4,2025-02-22,2025-02-27,2025-02-28,Delayed,3.0,No,No,6,1,5.600273722627737,699.97,0
ORD100569,CUST10729,2025-03-20,Mumbai,Mumbai,Kolkata,285.8,Books,7,5.03,Rail,Dtdc,1126.61,329.95,11.85,2025-03-23,2025-03-31,2025-04-03,Delayed,4.0,No,No,11,3,3.941952414275717,1456.56,0
ORD103085,CUST12385,2025-08-22,Chennai,Chennai,Indore,430.7,Automotive,5,4.14,Rail,Xpressbees,1420.15,299.35,6.69,2025-08-24,2025-08-31,2025-09-04,Delayed,3.0,No,No,11,4,3.2973067100069655,1719.5,0
ORD103498,CUST10384,2025-03-29,Mumbai,Mumbai,Bengaluru,160.9,Grocery,5,10.48,Road,Xpressbees,880.39,136.25,8.51,2025-03-31,2025-04-04,2025-04-04,Delivered,5.0,No,No,4,0,5.471659415786203,1016.64,1
ORD102743,CUST11860,2025-04-10,Bengaluru,Bengaluru,Kochi,249.3,Books,6,8.03,Air,Shadowfax,2469.21,181.27,12.6,2025-04-12,2025-04-15,2025-04-15,Delivered,5.0,No,No,3,0,9.904572803850781,2650.48,1
ORD101341,CUST12192,2025-11-13,Mumbai,Mumbai,Bengaluru,244.1,Clothing,7,9.82,Air,Ecom Express,2360.61,191.76,9.08,2025-11-14,2025-11-17,2025-11-17,Delivered,5.0,No,No,3,0,9.670667759115117,2552.37,1
ORD100611,CUST12323,2025-09-03,Mumbai,Mumbai,Surat,301.5,Grocery,3,3.74,Road,Xpressbees,1221.44,340.8,14.42,2025-09-06,2025-09-11,2025-09-11,Delivered,5.0,No,No,5,0,4.051210613598673,1562.24,1
ORD102090,CUST12361,2025-05-29,Bengaluru,Bengaluru,Visakhapatnam,629.6,Electronics,2,9.55,Road,Blue Dart,2780.6,638.57,8.16,2025-05-31,2025-06-06,2025-06-06,Delivered,4.0,No,No,6,0,4.416454891994917,3419.17,1
ORD101594,CUST11493,2025-07-23,Delhi,Delhi,Kolkata,219.2,Sports,4,0.91,Express,Xpressbees,1656.68,269.44,7.35,2025-07-25,2025-07-28,2025-07-28,Delivered,4.0,No,No,3,0,7.557846715328468,1926.1200000000001,1
ORD104506,CUST11615,2025-02-19,Mumbai,Mumbai,Hyderabad,413.3,Electronics,5,1.15,Express,Ecom Express,2888.62,276.88,11.18,2025-02-21,2025-02-24,2025-03-01,Delayed,4.0,No,No,8,5,6.989160416162593,3165.5,0
ORD104246,CUST10939,2025-09-04,Delhi,Delhi,Surat,464.5,Clothing,2,5.41,Rail,Ecom Express,1544.05,376.5,9.25,2025-09-06,2025-09-13,2025-09-16,Delayed,4.0,Yes,No,10,3,3.3241119483315393,1920.55,0
ORD102508,CUST11529,2025-12-28,Chennai,Chennai,Pune,148.8,Books,1,2.79,Air,Blue Dart,1439.05,137.36,6.79,2025-12-30,2025-12-31,2025-12-31,Delivered,4.0,No,No,1,0,9.671034946236558,1576.4099999999999,1
ORD104814,CUST10922,2025-07-15,Bengaluru,Bengaluru,Surat,77.3,Grocery,2,3.65,Road,Shadowfax,402.85,26.39,9.4,2025-07-18,2025-07-23,2025-07-23,Delivered,4.0,No,No,5,0,5.211513583441139,429.24,1
ORD101679,CUST10648,2025-03-06,Chennai,Chennai,Indore,1083.3,Beauty,7,7.35,Road,Dtdc,4792.41,930.96,6.08,2025-03-08,2025-03-16,2025-03-16,Delivered,5.0,No,Yes,8,0,4.4238991968983665,5723.37,1
ORD102597,CUST12510,2025-09-05,Mumbai,Mumbai,Vijayawada,236.8,Electronics,2,13.58,Road,Ecom Express,1173.27,213.27,5.82,2025-09-07,2025-09-12,2025-09-12,Delivered,4.0,No,No,5,0,4.9546874999999995,1386.54,1
ORD102407,CUST10852,2025-05-07,Mumbai,Mumbai,Kochi,67.0,Books,7,4.15,Air,Dtdc,887.51,75.03,9.75,2025-05-09,2025-05-12,2025-05-14,Delayed,3.0,No,No,5,2,13.24641791044776,962.54,0
ORD104067,CUST10144,2025-07-19,Hyderabad,Hyderabad,Nagpur,597.7,Home & Kitchen,6,8.03,Air,Shadowfax,5634.39,565.21,4.26,2025-07-20,2025-07-23,2025-07-23,Delivered,5.0,No,No,3,0,9.426786013050025,6199.6,1
ORD100057,CUST11659,2025-11-12,Chennai,Chennai,Ahmedabad,648.1,Automotive,7,2.96,Air,Shadowfax,5894.5,461.15,3.87,2025-11-13,2025-11-16,2025-11-16,Delivered,4.0,No,No,3,0,9.09504706063879,6355.65,1
ORD103815,CUST12340,2025-04-28,Bengaluru,Bengaluru,Pune,424.0,Automotive,2,7.03,Road,Xpressbees,1920.74,523.62,10.75,2025-05-01,2025-05-08,2025-05-08,Delivered,4.0,No,No,7,0,4.530047169811321,2444.36,1
ORD104813,CUST12646,2025-10-18,Hyderabad,Hyderabad,Kolkata,728.9,Books,4,8.78,Express,Shadowfax,5317.33,782.43,7.27,2025-10-20,2025-10-25,2025-10-25,Delivered,5.0,No,No,5,0,7.295006173686377,6099.76,1
ORD102658,CUST11641,2025-07-06,Mumbai,Mumbai,Bengaluru,725.2,Clothing,3,2.35,Road,Shadowfax,3156.06,717.64,10.73,2025-07-08,2025-07-15,2025-07-15,Delivered,5.0,No,Yes,7,0,4.351985659128516,3873.7,1
ORD101894,CUST11677,2025-03-19,Pune,Pune,Lucknow,249.4,Home & Kitchen,7,3.14,Road,Shadowfax,1089.97,131.94,10.2,2025-03-21,2025-03-25,2025-03-26,Delayed,4.0,No,No,5,1,4.37036888532478,1221.91,0
ORD103523,CUST12136,2025-04-12,Delhi,Delhi,Ahmedabad,194.5,Electronics,3,2.71,Road,Blue Dart,948.19,58.18,6.51,2025-04-14,2025-04-18,2025-04-18,Delivered,5.0,No,No,4,0,4.875012853470437,1006.37,1
ORD102905,CUST11522,2025-10-26,Delhi,Delhi,Nagpur,300.2,Clothing,4,1.45,Rail,Delhivery,1050.43,302.45,12.54,2025-10-29,2025-11-04,2025-11-07,Delayed,2.0,No,No,9,3,3.4991005996002666,1352.88,0
ORD104655,CUST12217,2025-11-20,Mumbai,Mumbai,Jaipur,384.9,Home & Kitchen,7,8.01,Road,Blue Dart,1768.19,413.81,5.83,2025-11-22,2025-11-27,2025-11-28,Delayed,5.0,No,No,6,1,4.593894518056638,2182.0,0
ORD102653,CUST11257,2025-06-13,Chennai,Chennai,Vijayawada,399.0,Automotive,1,4.0,Rail,Blue Dart,1306.49,334.12,10.11,2025-06-15,2025-06-21,2025-06-21,Delivered,4.0,No,No,6,0,3.2744110275689224,1640.6100000000001,1
ORD100118,CUST11172,2025-05-07,Pune,Pune,Coimbatore,1043.9,Electronics,6,4.1,Road,Shadowfax,4624.55,751.25,10.08,2025-05-10,2025-05-17,2025-05-17,Delivered,4.0,No,No,7,0,4.43006993006993,5375.8,1
ORD103108,CUST10401,2025-11-29,Bengaluru,Bengaluru,Lucknow,559.2,Books,1,3.0,Road,Dtdc,2388.41,603.31,5.98,2025-11-30,2025-12-04,2025-12-04,Delivered,5.0,No,No,4,0,4.271119456366237,2991.72,1
ORD101394,CUST12583,2025-11-23,Chennai,Chennai,Coimbatore,973.4,Books,7,11.82,Rail,Ecom Express,3460.04,647.43,9.24,2025-11-26,2025-12-03,2025-12-07,Delayed,4.0,No,No,11,4,3.554592151222519,4107.47,0
ORD100301,CUST11346,2025-07-29,Bengaluru,Bengaluru,Lucknow,217.9,Clothing,4,9.82,Rail,Blue Dart,993.27,193.84,5.1,2025-07-31,2025-08-07,2025-08-07,Delivered,3.0,No,No,7,0,4.558375401560348,1187.11,1
ORD103007,CUST10462,2025-03-03,Hyderabad,Hyderabad,Indore,258.1,Grocery,3,4.81,Road,Blue Dart,1124.36,256.5,8.07,2025-03-05,2025-03-10,2025-03-11,Delayed,3.0,No,No,6,1,4.35629600929872,1380.86,0
ORD103089,CUST12793,2025-06-09,Mumbai,Mumbai,Ahmedabad,358.5,Electronics,5,1.4,Rail,Ecom Express,1147.33,336.89,8.75,2025-06-12,2025-06-17,2025-06-17,Delivered,5.0,No,No,5,0,3.200362622036262,1484.2199999999998,1
ORD100588,CUST12699,2025-12-25,Bengaluru,Bengaluru,Jaipur,352.4,Grocery,3,11.84,Road,Dtdc,1587.18,245.24,5.56,2025-12-27,2026-01-01,2026-01-01,Delivered,5.0,No,No,5,0,4.5039160045402955,1832.42,1
ORD103791,CUST11960,2025-09-28,Bengaluru,Bengaluru,Bhopal,249.1,Sports,2,5.63,Road,Delhivery,1134.1,123.06,9.26,2025-10-01,2025-10-04,2025-10-04,Delivered,5.0,No,No,3,0,4.552790044158972,1257.1599999999999,1
ORD100874,CUST11558,2025-12-03,Mumbai,Mumbai,Bhopal,349.8,Electronics,1,4.58,Rail,Dtdc,1256.15,204.06,12.49,2025-12-06,2025-12-11,2025-12-11,Delivered,5.0,No,No,5,0,3.591052029731275,1460.21,1
ORD102536,CUST12768,2025-03-20,Hyderabad,Hyderabad,Nagpur,135.9,Electronics,7,9.47,Express,Xpressbees,1152.89,142.18,5.61,2025-03-21,2025-03-24,2025-03-24,Delivered,5.0,No,No,3,0,8.48337012509198,1295.0700000000002,1
ORD100036,CUST11960,2025-12-05,Hyderabad,Hyderabad,Surat,470.4,Grocery,1,8.18,Air,Shadowfax,4370.06,453.76,6.35,2025-12-07,2025-12-10,2025-12-10,Delivered,5.0,No,No,3,0,9.290093537414966,4823.820000000001,1
ORD100757,CUST10539,2025-02-22,Bengaluru,Bengaluru,Vijayawada,600.5,Clothing,3,3.28,Air,Shadowfax,5565.16,601.76,10.43,2025-02-24,2025-02-27,2025-02-27,Delivered,5.0,No,No,3,0,9.267543713572023,6166.92,1
ORD101935,CUST12769,2025-05-28,Delhi,Delhi,Pune,387.6,Sports,1,3.12,Rail,Blue Dart,1304.43,289.48,8.84,2025-05-29,2025-06-06,2025-06-09,Delayed,3.0,No,No,11,3,3.3654024767801856,1593.91,0
ORD101130,CUST11087,2025-04-20,Chennai,Chennai,Coimbatore,360.2,Home & Kitchen,6,4.72,Air,Ecom Express,3475.58,264.05,0.0,2025-04-23,2025-04-27,2025-04-27,Delivered,5.0,No,No,4,0,9.649028317601333,3739.63,1
ORD104038,CUST11040,2025-02-02,Chennai,Chennai,Nagpur,455.4,Sports,5,2.79,Road,Delhivery,2134.8,420.77,5.7,2025-02-04,2025-02-10,2025-02-10,Delivered,5.0,No,No,6,0,4.687747035573123,2555.57,1
ORD104687,CUST12089,2025-07-30,Bengaluru,Bengaluru,Delhi,284.7,Home & Kitchen,7,4.28,Road,Dtdc,1301.64,206.2,7.27,2025-08-01,2025-08-07,2025-08-09,Delayed,3.0,No,No,8,2,4.571970495258167,1507.8400000000001,0
ORD103400,CUST11478,2025-05-19,Hyderabad,Hyderabad,Surat,215.7,Electronics,5,0.84,Air,Delhivery,1981.95,217.55,6.67,2025-05-21,2025-05-25,2025-05-25,Delivered,4.0,No,No,4,0,9.1884561891516,2199.5,1
ORD103795,CUST12246,2025-06-08,Chennai,Chennai,Nagpur,153.7,Sports,6,4.58,Road,Delhivery,942.96,165.47,7.32,2025-06-10,2025-06-14,2025-06-14,Delivered,4.0,No,No,4,0,6.135068314899155,1108.43,1
ORD103215,CUST12134,2025-11-08,Pune,Pune,Kolkata,378.9,Beauty,5,1.06,Air,Ecom Express,3409.34,323.7,7.33,2025-11-10,2025-11-13,2025-11-13,Delivered,4.0,No,No,3,0,8.997994193718661,3733.04,1
ORD101632,CUST12587,2025-10-17,Bengaluru,Bengaluru,Kochi,336.0,Clothing,3,2.99,Rail,Xpressbees,1101.49,235.38,8.21,2025-10-20,2025-10-26,2025-10-26,Delivered,5.0,No,No,6,0,3.2782440476190478,1336.87,1
ORD103502,CUST11138,2025-10-23,Chennai,Chennai,Delhi,464.6,Grocery,1,8.13,Air,Xpressbees,4202.84,536.6,12.1,2025-10-26,2025-10-29,2025-10-29,Delivered,5.0,No,No,3,0,9.046147223417995,4739.4400000000005,1
ORD102374,CUST10294,2025-03-07,Pune,Pune,Unknown,154.4,Clothing,1,2.31,Air,Ecom Express,1394.79,111.03,5.54,2025-03-09,2025-03-11,2025-03-11,Delivered,5.0,No,No,2,0,9.033613989637304,1505.82,1
ORD103184,CUST12217,2025-03-22,Bengaluru,Bengaluru,Surat,538.5,Automotive,1,6.55,Air,Dtdc,5010.05,604.73,9.5,2025-03-25,2025-03-28,2025-03-28,Delivered,4.0,No,No,3,0,9.303714020427112,5614.780000000001,1
ORD101993,CUST12408,2025-05-20,Bengaluru,Bengaluru,Hyderabad,292.1,Electronics,6,3.69,Road,Delhivery,1420.6,129.5,6.82,2025-05-22,2025-05-26,2025-05-30,Delayed,2.0,No,No,8,4,4.863402944197192,1550.1,0
ORD101874,CUST10941,2025-08-18,Mumbai,Mumbai,Vijayawada,78.3,Electronics,2,1.03,Road,Blue Dart,520.81,75.6,12.96,2025-08-21,2025-08-26,2025-08-26,Delivered,5.0,No,No,5,0,6.651468710089399,596.41,1
ORD104063,CUST10157,2025-02-14,Hyderabad,Hyderabad,Bengaluru,379.4,Beauty,1,6.1,Rail,Xpressbees,1303.46,292.08,5.82,2025-02-16,2025-02-22,2025-02-22,Delivered,5.0,No,No,6,0,3.43558249868213,1595.54,1
ORD103178,CUST10353,2025-11-04,Pune,Pune,Vijayawada,160.7,Sports,5,8.47,Road,Ecom Express,926.2,201.27,13.26,2025-11-07,2025-11-11,2025-11-14,Delayed,4.0,No,No,7,3,5.763534536403236,1127.47,0
ORD100116,CUST11506,2025-09-24,Chennai,Chennai,Nagpur,207.3,Electronics,1,9.87,Road,Delhivery,1082.63,182.82,7.5,2025-09-26,2025-10-01,2025-10-01,Delivered,4.0,No,No,5,0,5.222527737578389,1265.45,1
ORD100193,CUST12066,2025-11-07,Hyderabad,Hyderabad,Jaipur,350.1,Automotive,6,2.11,Road,Ecom Express,1588.9,311.8,7.69,2025-11-10,2025-11-16,2025-11-16,Delivered,4.0,No,No,6,0,4.538417594972865,1900.7,1
ORD100661,CUST10969,2025-12-31,Bengaluru,Bengaluru,Hyderabad,321.9,Home & Kitchen,1,6.67,Road,Shadowfax,1400.7,386.42,6.8,2026-01-02,2026-01-07,2026-01-07,Delivered,3.0,No,No,5,0,4.351351351351352,1787.1200000000001,1
ORD101645,CUST11427,2025-05-03,Mumbai,Mumbai,Coimbatore,921.5,Beauty,7,4.18,Road,Blue Dart,3961.29,1002.35,7.53,2025-05-06,2025-05-11,2025-05-11,Delivered,4.0,No,No,5,0,4.298741182854043,4963.64,1
ORD100828,CUST10047,2025-08-08,Hyderabad,Hyderabad,Ahmedabad,326.3,Home & Kitchen,1,17.04,Express,Blue Dart,2472.72,303.04,7.31,2025-08-10,2025-08-15,2025-08-15,Delivered,4.0,No,No,5,0,7.5780570027581975,2775.7599999999998,1
ORD101612,CUST11866,2025-09-30,Chennai,Chennai,Kochi,181.4,Beauty,3,0.42,Rail,Shadowfax,655.57,191.04,6.77,2025-10-02,2025-10-08,2025-10-08,Delivered,5.0,No,No,6,0,3.6139470782800442,846.61,1
ORD103231,CUST11731,2025-10-05,Chennai,Chennai,Jaipur,97.9,Electronics,2,9.06,Air,Xpressbees,1086.23,101.39,7.04,2025-10-07,2025-10-09,2025-10-09,Delivered,5.0,No,No,2,0,11.095301327885597,1187.6200000000001,1
ORD103529,CUST12451,2025-06-03,Pune,Pune,Surat,759.0,Beauty,4,4.56,Road,Delhivery,3313.83,672.88,8.07,2025-06-06,2025-06-12,2025-06-13,Delayed,4.0,No,No,7,1,4.366047430830039,3986.71,0
ORD103272,CUST11251,2025-07-23,Hyderabad,Hyderabad,Coimbatore,297.9,Home & Kitchen,7,3.44,Road,Xpressbees,1327.49,212.71,6.26,2025-07-24,2025-07-29,2025-07-29,Delivered,3.0,No,No,5,0,4.456159785162806,1540.2,1
ORD100063,CUST11120,2025-08-12,Bengaluru,Bengaluru,Bengaluru,256.1,Books,7,3.01,Road,Shadowfax,1208.62,220.35,4.72,2025-08-14,2025-08-19,2025-08-25,Delayed,3.0,No,No,11,6,4.719328387348691,1428.9699999999998,0
ORD104777,CUST12442,2025-04-13,Hyderabad,Hyderabad,Kochi,90.3,Grocery,7,10.45,Road,Dtdc,799.57,55.34,7.04,2025-04-15,2025-04-20,2025-04-20,Delivered,3.0,No,No,5,0,8.854595791805094,854.9100000000001,1
ORD100656,CUST10615,2025-11-30,Mumbai,Mumbai,Vijayawada,621.7,Books,1,11.89,Express,Ecom Express,4521.41,674.0,9.93,2025-12-02,2025-12-05,2025-12-05,Delivered,4.0,No,No,3,0,7.272655621682483,5195.41,1
ORD104733,CUST11720,2025-07-29,Delhi,Delhi,Hyderabad,127.6,Home & Kitchen,4,4.85,Air,Dtdc,1382.15,126.43,11.85,2025-07-31,2025-08-03,2025-08-03,Delivered,3.0,No,No,3,0,10.831896551724139,1508.5800000000002,1
ORD103569,CUST11886,2025-02-08,Pune,Pune,Chennai,285.2,Books,4,1.58,Rail,Blue Dart,825.54,196.04,10.01,2025-02-11,2025-02-18,2025-02-18,Delivered,5.0,Yes,No,7,0,2.8946002805049087,1021.5799999999999,1
ORD101560,CUST11715,2025-12-03,Mumbai,Mumbai,Nagpur,856.7,Home & Kitchen,4,2.87,Road,Blue Dart,3615.28,717.63,10.65,2025-12-05,2025-12-10,2025-12-10,Delivered,3.0,No,No,5,0,4.220007003618536,4332.91,1
ORD101171,CUST12516,2025-11-29,Delhi,Delhi,Surat,358.1,Grocery,6,2.07,Road,Delhivery,1592.49,350.26,11.24,2025-12-01,2025-12-07,2025-12-07,Delivered,5.0,No,No,6,0,4.4470538955598995,1942.75,1
ORD101226,CUST10918,2025-01-11,Delhi,Delhi,Indore,409.6,Beauty,7,2.83,Express,Shadowfax,3045.01,347.69,7.76,2025-01-14,2025-01-19,2025-01-19,Delivered,5.0,No,No,5,0,7.4341064453125005,3392.7000000000003,1
ORD104215,CUST10958,2025-08-21,Hyderabad,Hyderabad,Vijayawada,209.3,Grocery,4,2.76,Road,Ecom Express,1083.2,252.36,9.53,2025-08-23,2025-08-27,2025-08-29,Delayed,3.0,No,No,6,2,5.175346392737697,1335.56,0
ORD100045,CUST11527,2025-11-03,Hyderabad,Hyderabad,Pune,303.7,Grocery,3,2.18,Air,Xpressbees,2722.6,220.09,8.66,2025-11-05,2025-11-07,2025-11-07,Delivered,4.0,No,No,2,0,8.96476786302272,2942.69,1
ORD103600,CUST12286,2025-01-01,Mumbai,Mumbai,Kochi,756.0,Home & Kitchen,3,1.45,Air,Ecom Express,6900.73,595.6,11.23,2025-01-03,2025-01-07,2025-01-09,Delayed,4.0,No,No,6,2,9.127949735449734,7496.33,0
ORD103767,CUST12164,2025-08-09,Delhi,Delhi,Kolkata,541.8,Clothing,6,2.8,Air,Xpressbees,5018.17,426.0,9.16,2025-08-12,2025-08-17,2025-08-17,Delivered,4.0,No,No,5,0,9.262033960871172,5444.17,1
ORD104329,CUST10944,2025-09-22,Delhi,Delhi,Nagpur,277.2,Clothing,4,4.98,Air,Dtdc,2684.0,285.59,0.0,2025-09-25,2025-09-28,2025-09-28,Delivered,5.0,No,No,3,0,9.682539682539684,2969.59,1
ORD101207,CUST11822,2025-11-29,Mumbai,Mumbai,Chennai,572.3,Clothing,3,6.52,Air,Xpressbees,5198.58,387.58,9.29,2025-12-01,2025-12-02,2025-12-05,Delayed,3.0,No,No,4,3,9.083662414817404,5586.16,0
ORD100545,CUST10318,2025-09-03,Delhi,Delhi,Visakhapatnam,779.2,Grocery,5,1.5,Air,Ecom Express,7024.46,636.24,10.41,2025-09-06,2025-09-10,2025-09-10,Delivered,3.0,No,No,4,0,9.01496406570842,7660.7,1
ORD101670,CUST11037,2025-12-31,Delhi,Delhi,Nagpur,381.9,Automotive,7,2.24,Road,Delhivery,1648.79,318.8,9.39,2026-01-03,2026-01-09,2026-01-13,Delayed,3.0,No,No,10,4,4.31733438072794,1967.59,0
ORD104684,CUST11305,2025-04-19,Hyderabad,Hyderabad,Surat,397.2,Electronics,3,3.43,Express,Xpressbees,2912.77,364.74,9.0,2025-04-22,2025-04-26,2025-04-26,Delivered,4.0,No,No,4,0,7.333257804632427,3277.51,1
ORD103186,CUST10882,2025-05-02,Chennai,Chennai,Ahmedabad,517.0,Home & Kitchen,6,4.1,Rail,Shadowfax,0.0,471.98,7.87,2025-05-03,2025-05-10,2025-05-10,Delivered,5.0,No,No,7,0,0.0,471.98,1
ORD102234,CUST11269,2025-08-17,Delhi,Delhi,Jaipur,275.6,Electronics,4,2.57,Air,Blue Dart,2444.86,207.84,8.68,2025-08-19,2025-08-21,2025-08-21,Delivered,4.0,No,No,2,0,8.871044992743105,2652.7000000000003,1
ORD104265,CUST12403,2025-01-17,Delhi,Delhi,Vijayawada,470.2,Home & Kitchen,1,6.27,Road,Shadowfax,1965.91,471.98,10.57,2025-01-20,2025-01-24,2025-01-24,Delivered,5.0,No,No,4,0,4.181008081667376,2437.8900000000003,1
ORD104654,CUST12293,2025-11-16,Delhi,Delhi,Hyderabad,423.0,Automotive,2,9.33,Road,Shadowfax,1955.14,426.98,10.52,2025-11-19,2025-11-24,2025-11-24,Delivered,4.0,No,No,5,0,4.622080378250591,2382.12,1
ORD102188,CUST10131,2025-12-23,Mumbai,Mumbai,Bengaluru,222.1,Grocery,5,0.32,Air,Dtdc,2111.5,231.69,14.96,2025-12-26,2025-12-28,2025-12-29,Delayed,3.0,No,No,3,1,9.506978838361098,2343.19,0
ORD101043,CUST11706,2025-01-12,Hyderabad,Hyderabad,Delhi,244.7,Electronics,1,5.27,Road,Ecom Express,1261.08,223.72,8.64,2025-01-14,2025-01-20,2025-01-20,Delivered,4.0,No,No,6,0,5.153575807110748,1484.8,1
ORD101984,CUST10272,2025-06-24,Hyderabad,Hyderabad,Visakhapatnam,197.8,Books,1,5.61,Rail,Shadowfax,700.67,234.96,5.31,2025-06-26,2025-07-01,2025-07-01,Delivered,4.0,No,No,5,0,3.54231547017189,935.63,1
ORD102438,CUST11470,2025-03-08,Pune,Pune,Mumbai,725.0,Clothing,7,2.8,Express,Shadowfax,5177.55,671.28,7.64,2025-03-11,2025-03-15,2025-03-15,Delivered,4.0,No,No,4,0,7.14144827586207,5848.83,1
ORD102591,CUST10709,2025-09-29,Delhi,Delhi,Pune,214.4,Electronics,1,7.76,Road,Shadowfax,991.23,203.08,10.1,2025-10-02,2025-10-06,2025-10-07,Delayed,3.0,No,No,5,1,4.623274253731343,1194.31,0
ORD101413,CUST10230,2025-04-24,Mumbai,Mumbai,Ahmedabad,156.8,Sports,6,1.77,Road,Delhivery,788.47,152.04,11.65,2025-04-28,2025-05-02,2025-05-02,Delivered,5.0,No,No,4,0,5.028507653061224,940.51,1
ORD102262,CUST11379,2025-05-22,Pune,Pune,Bengaluru,107.7,Automotive,5,4.96,Road,Blue Dart,582.14,130.72,12.23,2025-05-25,2025-05-30,2025-05-30,Delivered,4.0,No,No,5,0,5.405199628597957,712.86,1
ORD101782,CUST12579,2025-10-30,Delhi,Delhi,Chennai,574.5,Clothing,1,1.28,Road,Blue Dart,2489.83,416.23,7.77,2025-11-02,2025-11-07,2025-11-07,Delivered,4.0,No,No,5,0,4.333907745865971,2906.06,1
ORD101360,CUST11583,2025-11-20,Mumbai,Mumbai,Coimbatore,219.0,Sports,3,2.48,Road,Shadowfax,1098.14,0.0,9.91,2025-11-23,2025-11-27,2025-11-29,Delayed,4.0,No,No,6,2,5.01433789954338,1098.14,0
ORD100796,CUST11071,2025-11-10,Hyderabad,Hyderabad,Lucknow,629.1,Grocery,2,3.91,Rail,Delhivery,2035.38,640.08,9.69,2025-11-13,2025-11-21,2025-11-21,Delivered,4.0,No,No,8,0,3.235383881735813,2675.46,1
ORD104189,CUST10428,2025-02-05,Delhi,Delhi,Chennai,522.9,Books,6,6.1,Road,Ecom Express,2358.31,514.42,14.31,2025-02-08,2025-02-14,2025-02-20,Delayed,4.0,No,No,12,6,4.51005928475808,2872.73,0
ORD103920,CUST12467,2025-08-14,Chennai,Chennai,Mumbai,158.5,Clothing,1,8.87,Express,Shadowfax,1339.2,96.43,8.79,2025-08-17,2025-08-20,2025-08-20,Delivered,5.0,No,No,3,0,8.449211356466877,1435.63,1
ORD103221,CUST11597,2025-08-05,Chennai,Chennai,Indore,268.4,Home & Kitchen,2,1.3,Road,Ecom Express,1024.37,272.02,10.35,2025-08-08,2025-08-14,2025-08-14,Delivered,4.0,No,No,6,0,3.816579731743666,1296.3899999999999,1
ORD102308,CUST10127,2025-04-12,Delhi,Delhi,Lucknow,182.2,Electronics,5,5.67,Air,Dtdc,1691.24,150.42,11.04,2025-04-15,2025-04-19,2025-04-19,Delivered,5.0,No,No,4,0,9.28232711306257,1841.66,1
ORD102730,CUST10827,2025-09-22,Mumbai,Mumbai,Vijayawada,366.5,Sports,1,5.05,Road,Shadowfax,1600.04,290.24,11.99,2025-09-25,2025-09-30,2025-09-30,Delivered,4.0,No,No,5,0,4.365729877216917,1890.28,1
ORD104736,CUST11070,2025-02-21,Chennai,Chennai,Kolkata,196.0,Electronics,7,4.22,Express,Xpressbees,1533.77,214.37,7.98,2025-02-23,2025-02-27,2025-02-27,Delivered,4.0,No,No,4,0,7.8253571428571425,1748.1399999999999,1
ORD104475,CUST10966,2025-03-06,Chennai,Chennai,Jaipur,393.5,Beauty,1,7.23,Express,Blue Dart,2791.81,391.37,8.31,2025-03-09,2025-03-13,2025-03-13,Delivered,4.0,No,Yes,4,0,7.094815756035578,3183.18,1
ORD101674,CUST12480,2025-11-29,Chennai,Chennai,Hyderabad,786.9,Electronics,5,8.63,Air,Ecom Express,7240.68,845.7,8.57,2025-12-01,2025-12-04,2025-12-04,Delivered,4.0,No,No,3,0,9.201524971406787,8086.38,1
ORD103295,CUST11470,2025-03-26,Hyderabad,Hyderabad,Coimbatore,334.1,Home & Kitchen,3,3.81,Rail,Ecom Express,1098.06,296.26,8.58,2025-03-29,2025-04-05,2025-04-05,Delivered,5.0,No,No,7,0,3.2866207722238845,1394.32,1
ORD103185,CUST12181,2025-02-27,Delhi,Delhi,Ahmedabad,331.0,Clothing,4,0.51,Road,Ecom Express,1530.44,316.28,8.16,2025-03-01,2025-03-06,2025-03-06,Delivered,4.0,No,No,5,0,4.62368580060423,1846.72,1
ORD101060,CUST10964,2025-07-16,Bengaluru,Bengaluru,Bhopal,146.9,Clothing,3,10.98,Rail,Shadowfax,777.9,88.86,9.57,2025-07-18,2025-07-23,2025-07-23,Delivered,5.0,No,No,5,0,5.295439074200136,866.76,1
ORD102237,CUST11779,2025-01-10,Mumbai,Mumbai,Surat,479.5,Electronics,3,4.76,Air,Ecom Express,4362.77,322.78,9.46,2025-01-12,2025-01-15,2025-01-15,Delivered,5.0,No,No,3,0,9.098581856100106,4685.55,1
ORD104470,CUST11814,2025-02-12,Mumbai,Mumbai,Indore,587.3,Grocery,6,16.48,Road,Blue Dart,2950.24,588.87,8.98,2025-02-14,2025-02-20,2025-02-20,Delivered,4.0,No,No,6,0,5.023395198365401,3539.1099999999997,1
ORD104936,CUST11273,2025-09-08,Hyderabad,Hyderabad,Bhopal,596.6,Home & Kitchen,4,2.8,Express,Xpressbees,4035.31,629.46,8.54,2025-09-10,2025-09-14,2025-09-14,Delivered,5.0,No,No,4,0,6.76384512236004,4664.77,1
ORD101380,CUST11678,2025-05-14,Mumbai,Mumbai,Bengaluru,484.3,Books,7,3.31,Road,Shadowfax,2050.03,454.98,5.32,2025-05-16,2025-05-20,2025-05-20,Delivered,5.0,No,No,4,0,4.232975428453439,2505.01,1
ORD103702,CUST10530,2025-03-03,Mumbai,Mumbai,Indore,184.3,Beauty,3,7.46,Road,Dtdc,885.22,219.71,12.03,2025-03-06,2025-03-11,2025-03-11,Delivered,4.0,No,No,5,0,4.803147042864894,1104.93,1
ORD102276,CUST12421,2025-08-28,Delhi,Delhi,Kochi,382.0,Books,6,2.76,Road,Xpressbees,1827.09,364.07,9.03,2025-08-31,2025-09-04,2025-09-10,Delayed,4.0,No,No,10,6,4.782958115183246,2191.16,0
ORD100065,CUST12438,2025-10-22,Bengaluru,Bengaluru,Delhi,522.3,Electronics,1,9.93,Rail,Delhivery,1911.67,526.89,4.52,2025-10-23,2025-10-30,2025-10-30,Delivered,5.0,No,No,7,0,3.660099559640054,2438.56,1
ORD103323,CUST12086,2025-07-29,Pune,Pune,Jaipur,893.4,Electronics,4,4.36,Air,Dtdc,8196.77,972.35,11.84,2025-08-01,2025-08-04,2025-08-10,Delayed,3.0,No,No,9,6,9.17480411909559,9169.12,0
ORD102765,CUST10373,2025-02-02,Bengaluru,Bengaluru,Ahmedabad,247.4,Sports,6,1.79,Road,Delhivery,1175.3,252.56,6.55,2025-02-04,2025-02-09,2025-02-09,Delivered,4.0,No,No,5,0,4.750606305578011,1427.86,1
ORD100595,CUST10204,2025-07-13,Hyderabad,Hyderabad,Kolkata,161.0,Home & Kitchen,6,2.82,Air,Xpressbees,1573.74,159.61,7.41,2025-07-15,2025-07-18,2025-07-18,Delivered,3.0,No,No,3,0,9.774782608695652,1733.35,1
ORD100352,CUST11669,2025-07-25,Hyderabad,Hyderabad,Delhi,323.6,Clothing,4,4.88,Road,Delhivery,1402.8,389.59,2.37,2025-07-27,2025-07-31,2025-07-31,Delivered,5.0,No,No,4,0,4.334981458590852,1792.3899999999999,1
ORD101495,CUST12045,2025-06-21,Hyderabad,Hyderabad,Lucknow,79.1,Automotive,1,4.01,Road,Shadowfax,532.32,49.16,3.87,2025-06-22,2025-06-26,2025-06-30,Delayed,4.0,No,No,8,4,6.729709228824274,581.48,0
ORD100987,CUST11660,2025-01-16,Hyderabad,Hyderabad,Kolkata,420.7,Grocery,1,5.27,Air,Dtdc,3830.1,417.24,8.61,2025-01-18,2025-01-20,2025-01-21,Delayed,4.0,No,No,3,1,9.104112193962443,4247.34,0
ORD104252,CUST11762,2025-07-10,Pune,Pune,Bhopal,302.8,Clothing,2,8.37,Rail,Ecom Express,1157.62,317.26,10.92,2025-07-12,2025-07-18,2025-07-18,Delivered,5.0,No,No,6,0,3.823051519154557,1474.8799999999999,1
ORD100982,CUST12679,2025-03-02,Hyderabad,Hyderabad,Nagpur,1121.5,Beauty,4,3.3,Air,Dtdc,10183.17,1158.66,10.0,2025-03-04,2025-03-09,2025-03-09,Delivered,5.0,No,No,5,0,9.07995541685243,11341.83,1
ORD102533,CUST10339,2025-04-22,Pune,Pune,Vijayawada,230.9,Home & Kitchen,7,1.02,Rail,Delhivery,867.52,181.47,11.84,2025-04-24,2025-05-01,2025-05-01,Delivered,5.0,No,No,7,0,3.757124296232135,1048.99,1
ORD102024,CUST10457,2025-10-05,Bengaluru,Bengaluru,Chennai,286.0,Automotive,5,9.07,Road,Delhivery,1404.28,162.33,8.21,2025-10-08,2025-10-13,2025-10-13,Delivered,5.0,No,No,5,0,4.9100699300699295,1566.61,1
ORD100321,CUST10626,2025-05-22,Bengaluru,Bengaluru,Mumbai,0.0,Clothing,3,6.05,Rail,Dtdc,531.72,156.41,9.76,2025-05-24,2025-05-30,2025-06-03,Delayed,4.0,No,No,10,4,0.0,688.13,0
ORD103312,CUST11535,2025-08-04,Chennai,Chennai,Indore,643.9,Home & Kitchen,3,3.02,Road,Shadowfax,2809.15,643.78,6.22,2025-08-06,2025-08-12,2025-08-12,Delivered,4.0,No,No,6,0,4.362711601180308,3452.9300000000003,1
ORD104888,CUST11799,2025-11-04,Bengaluru,Bengaluru,Kochi,599.5,Automotive,2,9.1,Road,Ecom Express,2704.84,402.59,8.04,2025-11-07,2025-11-12,2025-11-12,Delivered,4.0,No,No,5,0,4.511826522101751,3107.4300000000003,1
ORD101251,CUST11750,2025-08-13,Chennai,Chennai,Pune,81.7,Clothing,7,2.97,Air,Shadowfax,890.76,56.04,11.51,2025-08-16,2025-08-18,2025-08-18,Delivered,5.0,No,No,2,0,10.90281517747858,946.8,1
ORD100382,CUST12351,2025-02-05,Chennai,Chennai,Kolkata,255.9,Grocery,4,4.73,Road,Ecom Express,1207.17,258.36,5.53,2025-02-07,2025-02-12,2025-02-12,Delivered,4.0,No,No,5,0,4.717350527549824,1465.5300000000002,1
ORD102030,CUST10537,2025-12-09,Mumbai,Mumbai,Surat,462.5,Home & Kitchen,2,8.79,Road,Shadowfax,1944.33,360.0,6.94,2025-12-11,2025-12-17,2025-12-18,Delayed,3.0,No,No,7,1,4.203956756756757,2304.33,0
ORD100746,CUST10071,2025-05-28,Pune,Pune,Surat,604.3,Beauty,3,3.23,Rail,Dtdc,2040.8,412.82,6.34,2025-05-30,2025-06-05,2025-06-05,Delivered,4.0,No,No,6,0,3.3771305642892604,2453.62,1
ORD104984,CUST11217,2025-11-08,Pune,Pune,Unknown,366.3,Beauty,2,1.64,Road,Dtdc,1635.35,337.63,6.05,2025-11-10,2025-11-16,2025-11-16,Delivered,5.0,No,No,6,0,4.464509964509964,1972.98,1
ORD104409,CUST11837,2025-04-16,Pune,Pune,Chennai,185.1,Home & Kitchen,4,14.11,Road,Xpressbees,1172.58,165.76,9.78,2025-04-19,2025-04-25,2025-04-25,Delivered,5.0,No,No,6,0,6.33484602917342,1338.34,1
ORD101614,CUST10051,2025-03-17,Mumbai,Mumbai,Bhopal,616.4,Sports,5,8.56,Road,Xpressbees,2903.47,539.75,7.73,2025-03-19,2025-03-25,2025-03-28,Delayed,3.0,No,No,9,3,4.710366645035691,3443.22,0
ORD101298,CUST11607,2025-02-24,Hyderabad,Hyderabad,Delhi,591.3,Automotive,6,7.51,Road,Shadowfax,2531.83,627.32,5.01,2025-02-26,2025-03-04,2025-03-04,Delivered,5.0,No,No,6,0,4.281802807373584,3159.15,1
ORD100840,CUST11486,2025-09-17,Pune,Pune,Delhi,292.2,Books,6,2.48,Road,Dtdc,1446.77,260.22,10.71,2025-09-21,2025-09-26,2025-09-26,Delivered,4.0,No,No,5,0,4.951300479123888,1706.99,1
ORD101686,CUST10775,2025-08-25,Hyderabad,Hyderabad,Jaipur,184.5,Clothing,5,5.09,Air,Dtdc,1815.19,188.61,6.52,2025-08-27,2025-08-30,2025-08-30,Delivered,4.0,No,No,3,0,9.838428184281844,2003.8000000000002,1
ORD100449,CUST12008,2025-11-03,Mumbai,Mumbai,Chennai,384.2,Grocery,5,3.2,Road,Shadowfax,1612.46,284.73,9.37,2025-11-05,2025-11-10,2025-11-10,Delivered,4.0,No,No,5,0,4.1969286829776165,1897.19,1
ORD101844,CUST10711,2025-07-21,Delhi,Delhi,Jaipur,133.5,Automotive,5,2.31,Rail,Ecom Express,628.86,99.29,9.77,2025-07-24,2025-07-30,2025-07-30,Delivered,4.0,No,No,6,0,4.710561797752809,728.15,1
ORD102662,CUST12500,2025-05-05,Hyderabad,Hyderabad,Indore,82.8,Beauty,2,1.8,Road,Ecom Express,399.56,21.83,9.48,2025-05-08,2025-05-14,2025-05-14,Delivered,5.0,No,No,6,0,4.825603864734299,421.39,1
ORD103358,CUST12544,2025-11-11,Hyderabad,Hyderabad,Bengaluru,200.8,Books,4,10.43,Road,Dtdc,1024.24,124.09,6.46,2025-11-13,2025-11-18,2025-11-20,Delayed,3.0,No,No,7,2,5.100796812749004,1148.33,0
ORD103544,CUST10231,2025-07-28,Chennai,Chennai,Kolkata,172.0,Beauty,7,7.97,Road,Shadowfax,935.05,148.57,9.97,2025-07-31,2025-08-04,2025-08-04,Delivered,4.0,No,No,4,0,5.436337209302326,1083.62,1
ORD102455,CUST10314,2025-08-07,Mumbai,Mumbai,Indore,516.7,Grocery,2,5.37,Rail,Dtdc,1762.99,392.13,9.42,2025-08-09,2025-08-16,2025-08-16,Delivered,4.0,No,No,7,0,3.412018579446487,2155.12,1
ORD101919,CUST11439,2025-01-18,Chennai,Chennai,Coimbatore,1336.9,Beauty,1,3.92,Rail,Blue Dart,4388.8,1022.7,7.67,2025-01-20,2025-01-27,2025-01-30,Delayed,4.0,No,No,10,3,3.282818460617847,5411.5,0
ORD101426,CUST12778,2025-01-14,Pune,Pune,Bhopal,214.5,Automotive,2,3.17,Road,Blue Dart,1012.05,163.48,7.39,2025-01-17,2025-01-22,2025-01-22,Delivered,4.0,No,No,5,0,4.718181818181818,1175.53,1
ORD100606,CUST12012,2025-01-01,Bengaluru,Bengaluru,Vijayawada,66.0,Sports,7,5.48,Rail,Xpressbees,475.42,127.56,12.92,2025-01-04,2025-01-10,2025-01-10,Delivered,4.0,No,No,6,0,7.203333333333333,602.98,1
ORD102074,CUST10662,2025-10-10,Hyderabad,Hyderabad,Ahmedabad,1079.3,Grocery,2,12.69,Express,Shadowfax,7802.64,879.78,2.99,2025-10-12,2025-10-16,2025-10-16,Delivered,5.0,No,No,4,0,7.229352358009821,8682.42,1
ORD104699,CUST10542,2025-09-06,Pune,Pune,Chennai,765.5,Books,2,0.77,Rail,Blue Dart,2524.72,813.21,10.9,2025-09-09,2025-09-17,2025-09-17,Delivered,4.0,Yes,No,8,0,3.298131939908556,3337.93,1
ORD102250,CUST10654,2025-10-01,Mumbai,Mumbai,Bhopal,915.3,Books,4,7.11,Road,Delhivery,3968.0,929.28,9.94,2025-10-03,2025-10-10,2025-10-10,Delivered,4.0,No,No,7,0,4.335190647875014,4897.28,1
ORD102965,CUST12608,2025-12-06,Chennai,Chennai,Kochi,290.0,Automotive,4,3.74,Air,Ecom Express,2699.09,293.39,6.22,2025-12-09,2025-12-11,2025-12-11,Delivered,4.0,No,No,2,0,9.307206896551724,2992.48,1
ORD101780,CUST12285,2025-09-06,Bengaluru,Bengaluru,Chennai,930.5,Sports,1,5.78,Express,Xpressbees,6610.71,787.48,9.77,2025-09-08,2025-09-13,2025-09-16,Delayed,4.0,No,No,8,3,7.1044707146695325,7398.1900000000005,0
ORD104102,CUST12778,2025-05-25,Chennai,Chennai,Kochi,107.9,Sports,3,5.99,Road,Xpressbees,468.49,146.19,6.81,2025-05-27,2025-05-31,2025-05-31,Delivered,5.0,No,No,4,0,4.341890639481001,614.6800000000001,1
ORD100761,CUST11495,2025-08-10,Bengaluru,Bengaluru,Vijayawada,348.7,Electronics,7,2.98,Road,Shadowfax,1558.93,349.4,5.44,2025-08-12,2025-08-18,2025-08-19,Delayed,3.0,Yes,No,7,1,4.470691138514483,1908.33,0
ORD100346,CUST10338,2025-01-10,Hyderabad,Hyderabad,Bengaluru,368.2,Grocery,3,0.73,Road,Delhivery,1766.03,350.88,7.27,2025-01-13,2025-01-19,2025-01-19,Delivered,4.0,No,No,6,0,4.79638783269962,2116.91,1
ORD103579,CUST10762,2025-07-24,Bengaluru,Bengaluru,Surat,81.4,Books,6,7.62,Air,Blue Dart,969.6,100.03,8.78,2025-07-26,2025-07-29,2025-07-29,Delivered,4.0,No,No,3,0,11.911547911547911,1069.63,1
ORD104112,CUST11303,2025-02-24,Delhi,Delhi,Kolkata,882.6,Electronics,1,1.84,Road,Blue Dart,0.0,726.85,8.66,2025-02-27,2025-03-05,2025-03-05,Delivered,3.0,No,No,6,0,0.0,726.85,1
ORD100852,CUST11784,2025-06-09,Bengaluru,Bengaluru,Indore,161.4,Home & Kitchen,1,8.46,Express,Delhivery,1312.02,97.98,5.38,2025-06-11,2025-06-15,2025-06-15,Delivered,3.0,No,No,4,0,8.128996282527881,1410.0,1
ORD100906,CUST10756,2025-12-09,Pune,Pune,Chennai,451.3,Books,4,15.81,Rail,Shadowfax,1686.03,507.14,9.15,2025-12-12,2025-12-18,2025-12-18,Delivered,4.0,No,No,6,0,3.7359406159982274,2193.17,1
ORD100274,CUST11207,2025-09-12,Delhi,Delhi,Pune,493.2,Clothing,3,6.09,Road,Dtdc,2175.88,539.54,11.45,2025-09-15,2025-09-19,2025-09-19,Delivered,5.0,No,Yes,4,0,4.411759935117599,2715.42,1
ORD102082,CUST11684,2025-03-20,Hyderabad,Hyderabad,Pune,248.7,Automotive,2,0.22,Rail,Xpressbees,887.96,123.34,9.33,2025-03-23,2025-03-29,2025-03-29,Delivered,4.0,No,No,6,0,3.5704061117812627,1011.3000000000001,1
ORD101809,CUST10863,2025-04-12,Pune,Pune,Chennai,282.7,Home & Kitchen,6,3.2,Air,Dtdc,2640.68,315.33,8.17,2025-04-14,2025-04-16,2025-04-16,Delivered,5.0,No,No,2,0,9.340926777502652,2956.0099999999998,1
ORD104430,CUST10022,2025-12-12,Hyderabad,Hyderabad,Indore,1366.7,Automotive,1,0.91,Road,Shadowfax,5866.27,863.22,4.35,2025-12-14,2025-12-21,2025-12-21,Delivered,4.0,No,No,7,0,4.292287992975782,6729.490000000001,1
ORD100152,CUST10615,2025-03-28,Mumbai,Mumbai,Kochi,219.8,Clothing,1,9.55,Road,Xpressbees,1021.11,159.62,8.8,2025-03-30,2025-04-03,2025-04-03,Delivered,4.0,No,No,4,0,4.645632393084623,1180.73,1
ORD103610,CUST10812,2025-03-19,Hyderabad,Hyderabad,Pune,527.4,Beauty,3,1.4,Road,Ecom Express,2342.84,474.27,5.49,2025-03-21,2025-03-27,2025-03-27,Delivered,5.0,No,No,6,0,4.442244975350778,2817.11,1
ORD101826,CUST10424,2025-08-22,Pune,Pune,Lucknow,224.9,Automotive,4,13.48,Rail,Ecom Express,986.72,168.76,6.4,2025-08-25,2025-08-31,2025-09-02,Delayed,3.0,No,No,8,2,4.387372165406847,1155.48,0
ORD100678,CUST10724,2025-02-06,Delhi,Delhi,Surat,505.9,Clothing,5,4.24,Air,Shadowfax,4825.17,320.54,0.0,2025-02-08,2025-02-12,2025-02-12,Delivered,4.0,No,No,4,0,9.5377940304408,5145.71,1
ORD104441,CUST11707,2025-12-03,Pune,Pune,Nagpur,698.2,Home & Kitchen,3,6.92,Road,Dtdc,3122.24,594.9,7.64,2025-12-04,2025-12-11,2025-12-12,Delayed,3.0,No,No,8,1,4.471841879117731,3717.14,0
ORD102048,CUST11821,2025-08-10,Delhi,Delhi,Lucknow,798.9,Automotive,7,4.53,Rail,Delhivery,2816.15,723.15,7.68,2025-08-12,2025-08-19,2025-08-23,Delayed,4.0,No,No,11,4,3.525034422330705,3539.3,0
ORD103659,CUST10162,2025-03-23,Bengaluru,Bengaluru,Visakhapatnam,293.6,Books,6,15.81,Express,Xpressbees,2374.39,235.71,7.57,2025-03-26,2025-03-29,2025-03-29,Delivered,5.0,No,Yes,3,0,8.087159400544959,2610.1,1
ORD104270,CUST11344,2025-02-01,Chennai,Chennai,Bengaluru,256.8,Sports,1,4.86,Road,Shadowfax,1119.31,251.93,10.04,2025-02-04,2025-02-10,2025-02-10,Delivered,4.0,No,No,6,0,4.358683800623052,1371.24,1
ORD100339,CUST12456,2025-09-16,Pune,Pune,Kolkata,376.6,Sports,3,3.91,Road,Xpressbees,1673.02,406.35,7.35,2025-09-18,2025-09-24,2025-09-24,Delivered,4.0,No,No,6,0,4.44243228890069,2079.37,1
ORD100052,CUST11864,2025-08-17,Mumbai,Mumbai,Coimbatore,140.8,Books,4,2.4,Air,Shadowfax,1451.13,94.52,10.42,2025-08-20,2025-08-22,2025-08-22,Delivered,5.0,No,No,2,0,10.306321022727273,1545.65,1
ORD103144,CUST11224,2025-11-17,Pune,Pune,Kochi,111.7,Home & Kitchen,6,5.9,Road,Shadowfax,535.93,97.81,11.95,2025-11-20,2025-11-24,2025-11-24,Delivered,5.0,No,No,4,0,4.79794091316025,633.74,1
ORD102618,CUST11200,2025-01-06,Chennai,Chennai,Ahmedabad,287.7,Books,7,6.0,Road,Ecom Express,1224.7,270.91,8.96,2025-01-08,2025-01-13,2025-01-19,Delayed,3.0,No,No,11,6,4.256864789711505,1495.6100000000001,0
ORD102487,CUST11737,2025-07-24,Delhi,Delhi,Surat,118.3,Home & Kitchen,1,7.37,Road,Delhivery,534.72,112.28,12.43,2025-07-27,2025-07-31,2025-08-02,Delayed,3.0,No,No,6,2,4.520033812341505,647.0,0
ORD101265,CUST11583,2025-11-20,Mumbai,Mumbai,Pune,631.0,Automotive,6,0.97,Road,Ecom Express,2707.98,462.91,9.34,2025-11-23,2025-11-29,2025-11-29,Delivered,4.0,No,No,6,0,4.291568938193344,3170.89,1
ORD101741,CUST10275,2025-12-05,Pune,Pune,Surat,233.1,Automotive,1,1.55,Air,Xpressbees,2171.49,198.56,9.71,2025-12-08,2025-12-11,2025-12-13,Delayed,3.0,No,No,5,2,9.315701415701415,2370.0499999999997,0
ORD102710,CUST11127,2025-02-24,Delhi,Delhi,Jaipur,510.3,Home & Kitchen,4,5.26,Air,Shadowfax,4779.57,493.36,10.06,2025-02-26,2025-02-28,2025-02-28,Delivered,4.0,No,No,2,0,9.366196355085243,5272.929999999999,1
ORD103950,CUST11201,2025-05-21,Chennai,Chennai,Jaipur,529.4,Books,1,5.65,Rail,Delhivery,1773.07,578.94,4.59,2025-05-23,2025-05-30,2025-05-30,Delivered,4.0,No,No,7,0,3.3492066490366454,2352.01,1
ORD102984,CUST12441,2025-03-14,Pune,Pune,Bhopal,694.5,Home & Kitchen,3,3.36,Road,Xpressbees,2953.31,577.45,9.91,2025-03-16,2025-03-22,2025-03-26,Delayed,4.0,No,No,10,4,4.252426205903528,3530.76,0
ORD101630,CUST11466,2025-01-28,Pune,Pune,Kochi,516.8,Home & Kitchen,6,4.06,Rail,Dtdc,1730.05,460.84,9.44,2025-01-31,2025-02-07,2025-02-08,Delayed,3.0,No,No,8,1,3.347619969040248,2190.89,0
ORD103216,CUST10478,2025-09-09,Bengaluru,Bengaluru,Jaipur,385.4,Home & Kitchen,2,3.48,Rail,Delhivery,1119.25,380.53,12.24,2025-09-11,2025-09-18,2025-09-18,Delivered,5.0,No,No,7,0,2.9041255838090296,1499.78,1
ORD104796,CUST12209,2025-05-14,Chennai,Chennai,Kochi,326.2,Automotive,7,1.78,Road,Xpressbees,1499.7,314.36,8.92,2025-05-16,2025-05-21,2025-05-21,Delivered,5.0,No,No,5,0,4.597486204782342,1814.06,1
ORD101112,CUST10588,2025-09-05,Hyderabad,Hyderabad,Ahmedabad,158.6,Beauty,6,3.45,Rail,Delhivery,625.28,145.48,10.02,2025-09-08,2025-09-11,2025-09-11,Delivered,5.0,No,No,3,0,3.9424968474148803,770.76,1
ORD103866,CUST12027,2025-04-20,Hyderabad,Hyderabad,Indore,499.5,Home & Kitchen,6,7.36,Road,Delhivery,2186.55,555.85,5.43,2025-04-22,2025-04-29,2025-04-29,Delivered,5.0,No,No,7,0,4.377477477477478,2742.4,1
ORD101480,CUST12733,2025-11-02,Hyderabad,Hyderabad,Visakhapatnam,910.9,Sports,4,5.06,Road,Blue Dart,3898.75,738.97,6.92,2025-11-04,2025-11-10,2025-11-11,Delayed,4.0,No,No,7,1,4.280107585904051,4637.72,0
ORD102184,CUST11943,2025-05-07,Pune,Pune,Mumbai,265.4,Home & Kitchen,1,4.38,Rail,Blue Dart,794.93,268.95,10.57,2025-05-09,2025-05-15,2025-05-15,Delivered,4.0,No,No,6,0,2.9952147701582517,1063.8799999999999,1
ORD104945,CUST10476,2025-12-31,Mumbai,Mumbai,Kolkata,360.8,Grocery,3,1.36,Road,Delhivery,1536.6,266.54,9.83,2026-01-03,2026-01-07,2026-01-14,Delayed,3.0,No,No,11,7,4.258869179600887,1803.1399999999999,0
ORD102434,CUST11939,2025-01-07,Delhi,Delhi,Kolkata,156.2,Sports,3,4.33,Air,Delhivery,1671.58,127.14,7.72,2025-01-09,2025-01-11,2025-01-11,Delivered,4.0,No,No,2,0,10.701536491677338,1798.72,1
ORD102221,CUST11301,2025-05-05,Bengaluru,Bengaluru,Mumbai,273.3,Electronics,1,3.57,Express,Delhivery,1952.11,268.64,7.91,2025-05-07,2025-05-10,2025-05-10,Delivered,4.0,No,No,3,0,7.142736919136479,2220.75,1
ORD102097,CUST11293,2025-11-23,Pune,Pune,Jaipur,378.5,Sports,7,9.62,Road,Ecom Express,1958.9,205.19,10.36,2025-11-26,2025-12-02,2025-12-02,Delivered,5.0,No,No,6,0,5.175429326287979,2164.09,1
ORD100119,CUST10436,2025-11-01,Bengaluru,Bengaluru,Hyderabad,281.0,Beauty,7,9.04,Road,Ecom Express,1490.78,367.59,9.95,2025-11-04,2025-11-09,2025-11-09,Delivered,4.0,No,No,5,0,5.305266903914591,1858.37,1
ORD102543,CUST10758,2025-02-04,Delhi,Delhi,Ahmedabad,441.2,Grocery,5,3.67,Road,Ecom Express,2024.51,342.43,10.94,2025-02-07,2025-02-12,2025-02-15,Delayed,3.0,No,No,8,3,4.588644605621034,2366.94,0
ORD102320,CUST12419,2025-04-01,Chennai,Chennai,Bengaluru,237.3,Automotive,5,2.21,Road,Delhivery,1030.51,260.54,9.17,2025-04-04,2025-04-09,2025-04-09,Delivered,5.0,No,No,5,0,4.342646439106616,1291.05,1
ORD101513,CUST12002,2025-04-14,Hyderabad,Hyderabad,Delhi,754.3,Beauty,3,3.86,Road,Xpressbees,3383.34,567.03,6.14,2025-04-16,2025-04-22,2025-04-24,Delayed,3.0,No,No,8,2,4.48540368553626,3950.37,0
ORD103072,CUST12080,2025-07-15,Mumbai,Mumbai,Bhopal,164.1,Beauty,2,3.65,Road,Dtdc,771.95,122.89,9.82,2025-07-19,2025-07-25,2025-07-25,Delivered,4.0,No,No,6,0,4.7041438147471055,894.84,1
ORD104288,CUST10321,2025-08-23,Delhi,Delhi,Kolkata,128.6,Electronics,1,2.21,Road,Xpressbees,587.96,173.6,10.75,2025-08-26,2025-08-30,2025-08-30,Delivered,5.0,No,No,4,0,4.572006220839814,761.5600000000001,1
ORD101857,CUST12515,2025-01-11,Chennai,Chennai,Nagpur,664.2,Clothing,5,7.37,Road,Shadowfax,2955.84,609.61,6.82,2025-01-13,2025-01-19,2025-01-19,Delivered,4.0,No,No,6,0,4.450225835591689,3565.4500000000003,1
ORD104411,CUST11289,2025-11-24,Bengaluru,Bengaluru,Visakhapatnam,412.8,Clothing,3,5.48,Road,Blue Dart,1883.51,417.2,11.17,2025-11-26,2025-12-02,2025-12-08,Delayed,4.0,No,No,12,6,4.562766472868217,2300.71,0
ORD103946,CUST10503,2025-06-20,Bengaluru,Bengaluru,Pune,619.6,Electronics,6,4.53,Express,Delhivery,4461.41,553.1,5.61,2025-06-22,2025-06-26,2025-06-30,Delayed,5.0,No,No,8,4,7.200468043899289,5014.51,0
ORD100134,CUST11805,2025-07-07,Hyderabad,Hyderabad,Vijayawada,430.4,Electronics,1,10.15,Air,Ecom Express,4121.41,422.02,9.52,2025-07-10,2025-07-13,2025-07-13,Delivered,5.0,No,No,3,0,9.575766728624535,4543.43,1
ORD103090,CUST10410,2025-04-04,Mumbai,Mumbai,Vijayawada,753.7,Books,3,4.68,Rail,Shadowfax,2464.46,711.88,8.29,2025-04-05,2025-04-11,2025-04-11,Delivered,3.0,No,No,6,0,3.2698155764893193,3176.34,1
ORD104425,CUST11765,2025-07-11,Pune,Pune,Delhi,332.2,Books,4,7.85,Air,Xpressbees,3175.12,357.05,3.41,2025-07-13,2025-07-16,2025-07-16,Delivered,5.0,No,Yes,3,0,9.5578567128236,3532.17,1
ORD102953,CUST12221,2025-03-17,Mumbai,Mumbai,Indore,129.3,Electronics,4,3.89,Road,Xpressbees,601.57,154.25,13.1,2025-03-19,2025-03-24,2025-03-24,Delivered,4.0,No,No,5,0,4.652513534416086,755.82,1
ORD102800,CUST12481,2025-05-20,Hyderabad,Hyderabad,Nagpur,86.4,Electronics,1,10.75,Road,Shadowfax,477.47,51.47,10.4,2025-05-22,2025-05-26,2025-05-26,Delivered,4.0,No,No,4,0,5.526273148148148,528.94,1
ORD102252,CUST11678,2025-08-05,Chennai,Chennai,Bhopal,365.4,Electronics,7,6.37,Rail,Delhivery,1365.48,309.51,11.37,2025-08-08,2025-08-15,2025-08-15,Delivered,4.0,No,No,7,0,3.736945812807882,1674.99,1
ORD103035,CUST10051,2025-06-20,Pune,Pune,Mumbai,416.8,Home & Kitchen,5,8.5,Road,Blue Dart,1913.89,448.95,6.66,2025-06-22,2025-06-28,2025-06-28,Delivered,5.0,No,No,6,0,4.591866602687141,2362.84,1
ORD101738,CUST11256,2025-07-12,Hyderabad,Hyderabad,Pune,195.0,Beauty,7,7.94,Road,Blue Dart,1052.76,151.94,9.19,2025-07-14,2025-07-19,2025-07-19,Delivered,5.0,Yes,No,5,0,5.398769230769231,1204.7,1
ORD103322,CUST10431,2025-03-14,Hyderabad,Hyderabad,Lucknow,395.7,Clothing,3,5.88,Express,Delhivery,2942.81,405.0,7.2,2025-03-16,2025-03-19,2025-03-19,Delivered,4.0,No,No,3,0,7.436972453879202,3347.81,1
ORD103506,CUST12374,2025-09-17,Bengaluru,Bengaluru,Ahmedabad,371.6,Beauty,3,7.9,Road,Blue Dart,1755.2,378.74,11.05,2025-09-19,2025-09-26,2025-09-26,Delivered,5.0,No,No,7,0,4.723358449946178,2133.94,1
ORD104960,CUST10234,2025-05-09,Hyderabad,Hyderabad,Visakhapatnam,393.1,Home & Kitchen,4,3.13,Express,Delhivery,2982.65,241.31,6.92,2025-05-10,2025-05-13,2025-05-13,Delivered,5.0,No,No,3,0,7.587509539557364,3223.96,1
ORD100548,CUST12369,2025-01-25,Pune,Pune,Indore,246.7,Beauty,4,1.68,Rail,Ecom Express,766.16,265.68,9.91,2025-01-27,2025-02-02,2025-02-02,Delivered,4.0,No,No,6,0,3.105634373733279,1031.84,1
ORD102925,CUST10903,2025-11-29,Hyderabad,Hyderabad,Ahmedabad,346.1,Clothing,2,1.5,Road,Xpressbees,1540.13,350.0,5.84,2025-12-02,2025-12-08,2025-12-08,Delivered,3.0,No,No,6,0,4.449956659924878,1890.13,1
ORD103208,CUST10093,2025-06-09,Pune,Pune,Indore,202.1,Electronics,6,4.95,Road,Ecom Express,929.86,212.23,9.81,2025-06-12,2025-06-18,2025-06-18,Delivered,4.0,No,No,6,0,4.600989609104404,1142.09,1
ORD103482,CUST12067,2025-08-12,Delhi,Delhi,Bengaluru,242.6,Clothing,6,12.06,Road,Delhivery,1292.29,232.25,7.64,2025-08-14,2025-08-19,2025-08-20,Delayed,2.0,No,No,6,1,5.326834295136027,1524.54,0
ORD103009,CUST11114,2025-05-01,Hyderabad,Hyderabad,Visakhapatnam,204.3,Clothing,5,5.95,Rail,Shadowfax,830.72,183.91,8.08,2025-05-03,2025-05-09,2025-05-09,Delivered,4.0,No,No,6,0,4.066177190406266,1014.63,1
ORD103843,CUST10949,2025-12-30,Chennai,Chennai,Indore,414.7,Beauty,2,2.63,Road,Ecom Express,1742.74,306.87,7.45,2026-01-01,2026-01-07,2026-01-07,Delivered,5.0,No,No,6,0,4.202411381721727,2049.61,1
ORD103236,CUST10335,2025-03-26,Delhi,Delhi,Vijayawada,233.1,Beauty,6,6.31,Air,Xpressbees,2328.84,202.96,7.67,2025-03-28,2025-03-31,2025-03-31,Delivered,5.0,No,No,3,0,9.990733590733592,2531.8,1
ORD103601,CUST11976,2025-06-30,Pune,Pune,Visakhapatnam,663.7,Automotive,3,3.76,Express,Ecom Express,4862.17,488.15,9.08,2025-07-02,2025-07-06,2025-07-06,Delivered,3.0,No,No,4,0,7.325855054994726,5350.32,1
ORD104333,CUST11081,2025-02-25,Mumbai,Mumbai,Pune,469.8,Automotive,6,8.69,Express,Ecom Express,3350.58,394.65,12.92,2025-02-27,2025-03-03,2025-03-03,Delivered,5.0,No,No,4,0,7.131928480204342,3745.23,1
ORD103577,CUST12357,2025-12-31,Hyderabad,Hyderabad,Bhopal,292.4,Clothing,3,1.8,Rail,Shadowfax,1082.85,309.3,10.27,2026-01-03,2026-01-10,2026-01-13,Delayed,4.0,No,No,10,3,3.703317373461012,1392.1499999999999,0
ORD104882,CUST12176,2025-01-30,Pune,Pune,Visakhapatnam,127.2,Sports,1,7.34,Road,Delhivery,672.35,100.01,7.46,2025-02-02,2025-02-07,2025-02-07,Delivered,3.0,No,No,5,0,5.285770440251572,772.36,1
ORD100082,CUST11915,2025-12-16,Pune,Pune,Nagpur,277.9,Beauty,6,0.43,Rail,Blue Dart,981.15,211.97,11.44,2025-12-18,2025-12-24,2025-12-24,Delivered,4.0,No,No,6,0,3.5305865419215547,1193.12,1
ORD103138,CUST10889,2025-01-02,Delhi,Delhi,Vijayawada,165.6,Books,3,0.61,Road,Dtdc,776.52,108.0,7.75,2025-01-04,2025-01-09,2025-01-09,Delivered,4.0,No,No,5,0,4.689130434782609,884.52,1
ORD100487,CUST12617,2025-09-18,Pune,Pune,Chennai,149.6,Books,6,13.13,Road,Xpressbees,1010.92,165.23,6.42,2025-09-20,2025-09-25,2025-09-30,Delayed,4.0,No,No,10,5,6.757486631016043,1176.1499999999999,0
ORD100709,CUST12147,2025-06-17,Mumbai,Mumbai,Vijayawada,476.4,Books,7,4.51,Road,Dtdc,2114.39,323.06,8.3,2025-06-19,2025-06-23,2025-06-23,Delivered,4.0,No,No,4,0,4.438266162888329,2437.45,1
ORD102846,CUST11258,2025-09-22,Pune,Pune,Visakhapatnam,129.8,Clothing,4,8.15,Rail,Blue Dart,663.56,89.75,8.56,2025-09-23,2025-09-28,2025-09-28,Delivered,5.0,No,Yes,5,0,5.112172573189522,753.31,1
ORD103277,CUST12452,2025-07-05,Mumbai,Mumbai,Nagpur,632.5,Sports,4,5.15,Air,Ecom Express,5724.84,665.0,11.15,2025-07-07,2025-07-13,2025-07-13,Delivered,4.0,No,No,6,0,9.051130434782609,6389.84,1
ORD103172,CUST10993,2025-08-13,Delhi,Delhi,Kochi,409.8,Grocery,2,0.52,Road,Delhivery,1810.51,428.54,8.1,2025-08-15,2025-08-20,2025-08-20,Delivered,5.0,Yes,No,5,0,4.418033186920449,2239.05,1
ORD103597,CUST10837,2025-02-26,Delhi,Delhi,Visakhapatnam,483.7,Beauty,6,3.88,Air,Ecom Express,4585.42,423.01,9.25,2025-03-01,2025-03-04,2025-03-09,Delayed,4.0,No,No,8,5,9.479884225759768,5008.43,0
ORD104817,CUST11533,2025-06-10,Mumbai,Mumbai,Visakhapatnam,275.3,Clothing,3,11.18,Express,Dtdc,0.0,170.96,8.84,2025-06-12,2025-06-15,2025-06-15,Delivered,4.0,No,No,3,0,0.0,170.96,1
ORD101407,CUST10248,2025-01-01,Delhi,Delhi,Pune,265.8,Beauty,7,16.12,Express,Blue Dart,2255.25,217.78,9.82,2025-01-03,2025-01-06,2025-01-06,Delivered,3.0,No,No,3,0,8.484762979683973,2473.03,1
ORD100592,CUST11080,2025-10-02,Pune,Pune,Ahmedabad,140.3,Clothing,5,5.2,Road,Blue Dart,738.09,64.09,11.62,2025-10-04,2025-10-09,2025-10-09,Delivered,4.0,No,No,5,0,5.2607982893799,802.1800000000001,1
ORD101406,CUST11911,2025-12-20,Chennai,Chennai,Ahmedabad,850.9,Electronics,6,1.96,Road,Ecom Express,3531.28,800.73,10.2,2025-12-23,2025-12-30,2026-01-02,Delayed,4.0,Yes,No,10,3,4.150052885180398,4332.01,0
ORD102091,CUST10757,2025-10-04,Chennai,Chennai,Hyderabad,1109.1,Clothing,4,10.73,Road,Shadowfax,4952.3,1218.66,7.27,2025-10-05,2025-10-11,2025-10-11,Delivered,5.0,No,No,6,0,4.465151924984222,6170.96,1
ORD102672,CUST11843,2025-03-29,Pune,Pune,Nagpur,206.4,Clothing,1,6.26,Road,Delhivery,987.17,287.58,10.29,2025-04-01,2025-04-05,2025-04-09,Delayed,3.0,No,No,8,4,4.7828003875968985,1274.75,0
ORD104245,CUST12755,2025-04-07,Hyderabad,Hyderabad,Chennai,90.9,Books,7,3.42,Air,Ecom Express,1076.88,54.21,6.42,2025-04-09,2025-04-10,2025-04-14,Delayed,4.0,No,No,5,4,11.846864686468647,1131.0900000000001,0
ORD101798,CUST10573,2025-05-12,Chennai,Chennai,Vijayawada,349.6,Home & Kitchen,5,2.94,Road,Xpressbees,1595.7,178.23,10.7,2025-05-14,2025-05-19,2025-05-19,Delivered,5.0,No,No,5,0,4.564359267734553,1773.93,1
ORD100112,CUST10059,2025-06-16,Mumbai,Mumbai,Bengaluru,298.9,Beauty,7,8.76,Road,Xpressbees,1421.04,312.84,8.62,2025-06-17,2025-06-24,2025-06-26,Delayed,4.0,No,Yes,9,2,4.75423218467715,1733.8799999999999,0
ORD103439,CUST10959,2025-07-26,Delhi,Delhi,Ahmedabad,177.8,Clothing,2,1.58,Air,Blue Dart,1606.88,178.55,9.77,2025-07-29,2025-07-31,2025-07-31,Delivered,4.0,No,No,2,0,9.037570303712036,1785.43,1
ORD103691,CUST10881,2025-04-08,Bengaluru,Bengaluru,Hyderabad,344.6,Beauty,4,4.52,Road,Shadowfax,1586.03,421.83,8.36,2025-04-11,2025-04-15,2025-04-15,Delivered,5.0,No,No,4,0,4.602524666279744,2007.86,1
ORD104675,CUST12326,2025-01-04,Mumbai,Mumbai,Bhopal,536.0,Sports,2,9.11,Road,Xpressbees,2251.28,472.34,6.92,2025-01-06,2025-01-10,2025-01-10,Delivered,4.0,No,No,4,0,4.200149253731344,2723.6200000000003,1
ORD100681,CUST11994,2025-08-11,Bengaluru,Bengaluru,Unknown,301.6,Sports,3,6.95,Road,Dtdc,1374.29,210.09,6.45,2025-08-12,2025-08-18,2025-08-23,Delayed,4.0,No,No,11,5,4.556664456233421,1584.3799999999999,0
ORD104037,CUST11893,2025-11-25,Pune,Pune,Mumbai,418.2,Clothing,2,6.19,Road,Delhivery,1891.62,405.59,7.52,2025-11-28,2025-12-04,2025-12-04,Delivered,3.0,No,Yes,6,0,4.523242467718795,2297.21,1
ORD100271,CUST12335,2025-06-05,Bengaluru,Bengaluru,Jaipur,567.9,Home & Kitchen,6,5.55,Air,Delhivery,5357.06,610.23,8.47,2025-06-07,2025-06-10,2025-06-10,Delivered,3.0,No,No,3,0,9.433104419792217,5967.290000000001,1
ORD101677,CUST11197,2025-10-21,Chennai,Chennai,Hyderabad,296.2,Automotive,3,6.08,Rail,Ecom Express,1191.17,299.02,4.85,2025-10-23,2025-10-31,2025-10-31,Delivered,3.0,No,No,8,0,4.021505739365294,1490.19,1
ORD101578,CUST11097,2025-05-24,Bengaluru,Bengaluru,Ahmedabad,289.1,Beauty,3,9.7,Road,Xpressbees,1491.71,240.66,9.4,2025-05-26,2025-06-02,2025-06-02,Delivered,5.0,No,No,7,0,5.159840885506744,1732.3700000000001,1
ORD103875,CUST11089,2025-04-11,Hyderabad,Hyderabad,Jaipur,808.5,Electronics,1,8.11,Road,Xpressbees,3575.25,671.94,9.42,2025-04-13,2025-04-19,2025-04-19,Delivered,5.0,No,No,6,0,4.422077922077922,4247.1900000000005,1
ORD103979,CUST11964,2025-02-03,Delhi,Delhi,Kochi,453.3,Beauty,6,4.51,Road,Xpressbees,2129.86,501.82,9.64,2025-02-05,2025-02-10,2025-02-10,Delivered,4.0,No,No,5,0,4.698566071034635,2631.6800000000003,1
ORD100956,CUST10775,2025-10-04,Delhi,Delhi,Hyderabad,528.8,Clothing,6,2.38,Rail,Delhivery,1845.69,502.55,9.61,2025-10-06,2025-10-12,2025-10-17,Delayed,3.0,No,No,11,5,3.490336611195159,2348.2400000000002,0
ORD103364,CUST10385,2025-12-15,Chennai,Chennai,Lucknow,253.7,Books,7,5.62,Road,Shadowfax,1337.43,256.67,9.98,2025-12-17,2025-12-24,2025-12-24,Delivered,5.0,No,No,7,0,5.271698856917619,1594.1000000000001,1
ORD104072,CUST11550,2025-10-18,Pune,Pune,Bengaluru,214.5,Clothing,1,12.3,Rail,Shadowfax,802.79,238.2,12.01,2025-10-21,2025-10-27,2025-10-27,Delivered,4.0,No,No,6,0,3.7426107226107224,1040.99,1
ORD102815,CUST11943,2025-06-27,Bengaluru,Bengaluru,Coimbatore,819.8,Automotive,1,5.66,Air,Xpressbees,7436.41,616.05,10.4,2025-06-30,2025-07-04,2025-07-04,Delivered,5.0,No,No,4,0,9.07100512320078,8052.46,1
ORD100563,CUST10810,2025-02-11,Hyderabad,Hyderabad,Chennai,760.9,Automotive,7,7.68,Air,Ecom Express,7013.82,748.75,9.19,2025-02-13,2025-02-17,2025-02-17,Delivered,4.0,No,No,4,0,9.217794716782757,7762.57,1
ORD104314,CUST10809,2025-02-08,Chennai,Chennai,Ahmedabad,630.8,Books,5,5.87,Road,Blue Dart,2757.82,475.22,6.81,2025-02-10,2025-02-17,2025-02-17,Delivered,5.0,No,No,7,0,4.371940393151554,3233.04,1
ORD103896,CUST12219,2025-04-05,Mumbai,Mumbai,Lucknow,419.5,Electronics,3,14.85,Road,Xpressbees,2032.51,310.7,10.8,2025-04-07,2025-04-13,2025-04-13,Delivered,4.0,No,Yes,6,0,4.84507747318236,2343.21,1
ORD100328,CUST10064,2025-06-17,Hyderabad,Hyderabad,Indore,588.6,Books,4,6.43,Express,Delhivery,4296.39,428.04,6.75,2025-06-19,2025-06-23,2025-06-23,Delivered,3.0,No,No,4,0,7.299337410805301,4724.43,1
ORD104566,CUST11462,2025-07-09,Hyderabad,Hyderabad,Lucknow,227.6,Clothing,6,3.3,Air,Xpressbees,2154.53,246.74,7.22,2025-07-10,2025-07-12,2025-07-12,Delivered,4.0,No,No,2,0,9.466300527240774,2401.2700000000004,1
ORD104294,CUST11581,2025-05-05,Chennai,Chennai,Vijayawada,368.2,Clothing,5,5.31,Road,Shadowfax,1721.12,277.25,6.48,2025-05-07,2025-05-12,2025-05-12,Delivered,4.0,No,No,5,0,4.67441607821836,1998.37,1
ORD102261,CUST11821,2025-03-24,Hyderabad,Hyderabad,Nagpur,58.3,Beauty,4,7.41,Road,Blue Dart,377.9,91.18,8.13,2025-03-26,2025-03-31,2025-03-31,Delivered,4.0,No,No,5,0,6.481989708404803,469.08,1
ORD100514,CUST11224,2025-06-18,Pune,Pune,Ahmedabad,480.7,Electronics,5,10.16,Air,Delhivery,4518.88,375.72,7.46,2025-06-20,2025-06-22,2025-06-24,Delayed,3.0,No,No,4,2,9.400624089868941,4894.6,0
ORD100115,CUST11763,2025-11-12,Chennai,Chennai,Coimbatore,173.1,Books,4,3.02,Express,Dtdc,1211.06,196.41,8.74,2025-11-14,2025-11-19,2025-11-21,Delayed,4.0,No,No,7,2,6.996302715193529,1407.47,0
ORD101209,CUST11995,2025-03-15,Bengaluru,Bengaluru,Chennai,250.1,Beauty,7,7.07,Road,Delhivery,1218.89,169.33,7.31,2025-03-17,2025-03-21,2025-03-21,Delivered,5.0,No,No,4,0,4.87361055577769,1388.22,1
ORD102131,CUST11197,2025-10-17,Hyderabad,Hyderabad,Chennai,89.5,Automotive,6,9.06,Air,Shadowfax,996.18,81.26,9.1,2025-10-19,2025-10-21,2025-10-21,Delivered,5.0,No,No,2,0,11.130502793296088,1077.44,1
ORD101818,CUST11483,2025-11-16,Delhi,Delhi,Kochi,115.9,Beauty,3,3.26,Road,Xpressbees,460.63,146.6,9.91,2025-11-18,2025-11-21,2025-11-21,Delivered,4.0,No,No,3,0,3.974374460742019,607.23,1
ORD104732,CUST11856,2025-12-08,Mumbai,Mumbai,Chennai,692.2,Automotive,7,5.44,Road,Xpressbees,3057.27,697.25,11.77,2025-12-11,2025-12-17,2025-12-17,Delivered,4.0,No,No,6,0,4.4167437156891065,3754.52,1
ORD104489,CUST12037,2025-09-10,Hyderabad,Hyderabad,Bhopal,523.4,Sports,7,3.23,Express,Blue Dart,3785.99,374.7,5.1,2025-09-12,2025-09-16,2025-09-16,Delivered,5.0,Yes,No,4,0,7.23345433702713,4160.69,1
ORD102451,CUST12230,2025-02-10,Chennai,Chennai,Kochi,238.9,Clothing,6,7.5,Express,Shadowfax,1940.93,155.96,11.32,2025-02-13,2025-02-16,2025-02-16,Delivered,4.0,No,No,3,0,8.124445374633739,2096.89,1
ORD103494,CUST12770,2025-02-08,Hyderabad,Hyderabad,Mumbai,186.7,Beauty,7,4.99,Road,Ecom Express,815.74,194.83,4.14,2025-02-10,2025-02-13,2025-02-13,Delivered,4.0,Yes,No,3,0,4.369255490091056,1010.57,1
ORD100743,CUST11114,2025-03-21,Bengaluru,Bengaluru,Coimbatore,1054.9,Books,6,4.42,Road,Blue Dart,4736.9,918.55,7.64,2025-03-23,2025-03-30,2025-04-02,Delayed,4.0,No,No,10,3,4.4903782349037815,5655.45,0
ORD104051,CUST12012,2025-05-05,Chennai,Chennai,Jaipur,464.8,Beauty,1,2.91,Road,Ecom Express,2120.21,236.71,8.42,2025-05-07,2025-05-13,2025-05-13,Delivered,4.0,No,No,6,0,4.561553356282272,2356.92,1
ORD101783,CUST10088,2025-05-09,Mumbai,Mumbai,Hyderabad,226.4,Electronics,6,2.99,Rail,Delhivery,761.88,250.45,8.6,2025-05-11,2025-05-16,2025-05-16,Delivered,5.0,No,No,5,0,3.3651943462897527,1012.3299999999999,1
ORD102107,CUST10077,2025-06-30,Delhi,Delhi,Jaipur,616.7,Beauty,1,12.17,Express,Blue Dart,4640.26,544.32,8.04,2025-07-03,2025-07-06,2025-07-06,Delivered,4.0,No,No,3,0,7.524339224906762,5184.58,1
ORD104251,CUST11800,2025-04-28,Hyderabad,Hyderabad,Pune,230.9,Electronics,5,2.96,Express,Delhivery,1646.94,194.98,11.12,2025-04-30,2025-05-03,2025-05-08,Delayed,3.0,No,No,8,5,7.132698137721958,1841.92,0
ORD100994,CUST11764,2025-08-05,Pune,Pune,Indore,662.8,Grocery,3,2.51,Road,Dtdc,2841.06,507.94,8.23,2025-08-08,2025-08-15,2025-08-15,Delivered,3.0,No,No,7,0,4.28645141822571,3349.0,1
ORD103411,CUST11582,2025-12-28,Chennai,Chennai,Chennai,166.9,Automotive,5,9.93,Road,Shadowfax,985.84,57.68,5.25,2025-12-29,2026-01-04,2026-01-04,Delivered,4.0,No,No,6,0,5.9067705212702215,1043.52,1
ORD103219,CUST10902,2025-06-29,Hyderabad,Hyderabad,Vijayawada,475.1,Electronics,4,7.32,Road,Ecom Express,2270.42,358.39,10.89,2025-07-01,2025-07-06,2025-07-06,Delivered,5.0,No,Yes,5,0,4.7788255104188595,2628.81,1
ORD101704,CUST11717,2025-05-26,Pune,Pune,Visakhapatnam,487.4,Beauty,4,0.75,Air,Dtdc,4437.93,408.96,9.97,2025-05-29,2025-06-01,2025-06-02,Delayed,4.0,No,No,4,1,9.105313910545753,4846.89,0
ORD101593,CUST11385,2025-04-09,Pune,Pune,Surat,724.2,Books,6,10.25,Road,Blue Dart,3257.39,648.76,9.37,2025-04-12,2025-04-18,2025-04-18,Delivered,4.0,No,No,6,0,4.4979149406241365,3906.1499999999996,1
ORD100393,CUST10172,2025-11-25,Pune,Pune,Nagpur,402.2,Electronics,5,5.45,Road,Dtdc,1947.54,467.66,11.29,2025-11-28,2025-12-02,2025-12-02,Delivered,5.0,No,No,4,0,4.842217802088514,2415.2,1
ORD101031,CUST12494,2025-04-16,Delhi,Delhi,Mumbai,508.1,Sports,3,5.85,Road,Blue Dart,2255.17,463.46,5.55,2025-04-18,2025-04-23,2025-04-23,Delivered,5.0,No,No,5,0,4.438437315489077,2718.63,1
ORD102510,CUST12604,2025-01-27,Hyderabad,Hyderabad,Kochi,116.6,Automotive,4,4.55,Rail,Ecom Express,324.18,55.77,7.46,2025-01-29,2025-02-04,2025-02-04,Delivered,5.0,No,No,6,0,2.7802744425385937,379.95,1
ORD103655,CUST10898,2025-10-13,Bengaluru,Bengaluru,Nagpur,291.9,Beauty,3,10.52,Road,Shadowfax,1437.4,193.34,6.8,2025-10-15,2025-10-20,2025-10-21,Delayed,3.0,No,No,6,1,4.924289140116479,1630.74,0
ORD103462,CUST10602,2025-11-08,Chennai,Chennai,Bhopal,785.6,Beauty,5,6.19,Road,Dtdc,3438.6,510.66,7.98,2025-11-11,2025-11-18,2025-11-18,Delivered,4.0,No,No,7,0,4.3770366598778,3949.2599999999998,1
ORD103442,CUST11012,2025-05-17,Pune,Pune,Vijayawada,422.7,Grocery,3,3.51,Road,Dtdc,1956.58,386.39,8.87,2025-05-19,2025-05-23,2025-05-25,Delayed,4.0,No,No,6,2,4.628767447362195,2342.97,0
ORD104944,CUST10901,2025-05-08,Pune,Pune,Jaipur,449.7,Clothing,4,17.53,Road,Blue Dart,2338.46,490.52,8.83,2025-05-10,2025-05-15,2025-05-15,Delivered,4.0,No,No,5,0,5.200044474093841,2828.98,1
ORD103620,CUST10363,2025-07-17,Hyderabad,Hyderabad,Indore,281.6,Electronics,1,1.14,Rail,Shadowfax,1049.68,0.0,5.52,2025-07-19,2025-07-25,2025-07-25,Delivered,5.0,No,No,6,0,3.727556818181818,1049.68,1
ORD104381,CUST12119,2025-09-01,Hyderabad,Hyderabad,Lucknow,683.4,Books,6,4.45,Rail,Delhivery,2282.36,446.62,4.14,2025-09-03,2025-09-11,2025-09-11,Delivered,4.0,No,No,8,0,3.339713198712321,2728.98,1
ORD104653,CUST10963,2025-04-14,Chennai,Chennai,Bengaluru,79.2,Automotive,1,0.86,Air,Ecom Express,735.49,58.38,5.96,2025-04-15,2025-04-17,2025-04-17,Delivered,5.0,No,No,2,0,9.286489898989899,793.87,1
ORD102741,CUST12461,2025-08-11,Delhi,Delhi,Kochi,111.9,Books,7,8.82,Air,Ecom Express,1248.35,74.7,7.6,2025-08-13,2025-08-16,2025-08-16,Delivered,4.0,No,No,3,0,11.155942806076853,1323.05,1
ORD101107,CUST11975,2025-01-18,Bengaluru,Bengaluru,Hyderabad,446.1,Books,4,6.46,Road,Blue Dart,1985.93,401.07,5.84,2025-01-20,2025-01-27,2025-01-27,Delivered,4.0,No,No,7,0,4.451759695135619,2387.0,1
ORD104840,CUST11901,2025-07-20,Delhi,Delhi,Vijayawada,1109.0,Home & Kitchen,1,5.21,Express,Ecom Express,7931.79,775.02,7.59,2025-07-22,2025-07-28,2025-08-03,Delayed,3.0,No,No,12,6,7.152200180342651,8706.81,0
ORD102002,CUST10170,2025-03-28,Bengaluru,Bengaluru,Kolkata,234.8,Books,3,7.18,Rail,Blue Dart,943.75,222.89,4.68,2025-03-30,2025-04-05,2025-04-05,Delivered,4.0,No,Yes,6,0,4.019378194207836,1166.6399999999999,1
ORD103532,CUST12179,2025-05-17,Delhi,Delhi,Pune,117.6,Grocery,5,3.43,Rail,Dtdc,624.73,72.07,9.33,2025-05-20,2025-05-26,2025-05-26,Delivered,5.0,No,No,6,0,5.31232993197279,696.8,1
ORD101940,CUST12309,2025-10-28,Hyderabad,Hyderabad,Bengaluru,355.6,Home & Kitchen,5,6.25,Road,Dtdc,1567.76,328.46,6.62,2025-10-30,2025-11-05,2025-11-05,Delivered,4.0,No,No,6,0,4.408773903262092,1896.22,1
ORD101629,CUST12342,2025-01-14,Delhi,Delhi,Kochi,377.2,Grocery,7,20.61,Road,Xpressbees,1982.8,374.31,10.38,2025-01-17,2025-01-22,2025-01-22,Delivered,4.0,No,No,5,0,5.256627783669141,2357.11,1
ORD104135,CUST11426,2025-11-04,Delhi,Delhi,Vijayawada,137.7,Automotive,2,1.35,Air,Dtdc,1348.66,126.96,10.74,2025-11-06,2025-11-09,2025-11-09,Delivered,5.0,No,No,3,0,9.794190268700074,1475.6200000000001,1
ORD100113,CUST10216,2025-10-12,Bengaluru,Bengaluru,Indore,246.7,Home & Kitchen,1,16.01,Rail,Shadowfax,1035.38,200.72,6.72,2025-10-13,2025-10-19,2025-10-19,Delivered,5.0,No,No,6,0,4.19691933522497,1236.1000000000001,1
ORD101575,CUST12194,2025-04-05,Chennai,Chennai,Kolkata,524.9,Home & Kitchen,1,3.15,Air,Ecom Express,4649.07,618.96,8.97,2025-04-07,2025-04-11,2025-04-11,Delivered,5.0,No,No,4,0,8.85705848733092,5268.03,1
ORD103891,CUST10071,2025-12-06,Mumbai,Mumbai,Jaipur,578.3,Clothing,1,5.84,Road,Delhivery,2643.8,545.96,10.82,2025-12-09,2025-12-15,2025-12-17,Delayed,3.0,No,No,8,2,4.571675600899188,3189.76,0
ORD103803,CUST10108,2025-09-16,Pune,Pune,Bengaluru,549.9,Home & Kitchen,3,3.87,Road,Xpressbees,2433.43,573.62,6.9,2025-09-18,2025-09-24,2025-09-24,Delivered,5.0,No,No,6,0,4.425222767775959,3007.0499999999997,1
ORD100663,CUST10344,2025-03-12,Chennai,Chennai,Ahmedabad,289.1,Sports,3,3.54,Road,Delhivery,1434.42,184.88,11.17,2025-03-15,2025-03-21,2025-03-25,Delayed,3.0,No,No,10,4,4.961674161189899,1619.3000000000002,0
ORD102302,CUST10935,2025-11-23,Mumbai,Mumbai,Surat,801.3,Home & Kitchen,7,0.46,Road,Ecom Express,3525.55,923.12,9.74,2025-11-25,2025-12-02,2025-12-02,Delivered,4.0,No,No,7,0,4.399787844752278,4448.67,1
ORD104268,CUST11265,2025-11-12,Hyderabad,Hyderabad,Vijayawada,152.6,Beauty,2,9.54,Rail,Delhivery,700.01,103.99,7.81,2025-11-14,2025-11-21,2025-11-21,Delivered,5.0,No,No,7,0,4.587221494102228,804.0,1
ORD102776,CUST12674,2025-06-28,Pune,Pune,Nagpur,392.6,Home & Kitchen,4,3.24,Road,Delhivery,1835.06,429.4,7.17,2025-06-30,2025-07-05,2025-07-05,Delivered,5.0,No,No,5,0,4.674121242995414,2264.46,1
ORD101350,CUST11043,2025-12-01,Bengaluru,Bengaluru,Surat,152.0,Grocery,2,6.38,Express,Shadowfax,1021.59,103.34,8.64,2025-12-04,2025-12-07,2025-12-10,Delayed,4.0,No,No,6,3,6.720986842105264,1124.93,0
ORD101841,CUST10397,2025-03-28,Bengaluru,Bengaluru,Kochi,186.6,Sports,5,5.62,Road,Xpressbees,955.13,208.22,7.27,2025-03-30,2025-04-04,2025-04-07,Delayed,4.0,No,No,8,3,5.118595927116828,1163.35,0
ORD101964,CUST11247,2025-09-08,Pune,Pune,Vijayawada,442.0,Books,4,7.16,Road,Delhivery,1975.43,363.71,8.85,2025-09-11,2025-09-16,2025-09-16,Delivered,5.0,No,No,5,0,4.4692986425339365,2339.14,1
ORD102586,CUST10308,2025-02-11,Pune,Pune,Kochi,148.2,Sports,3,9.41,Road,Delhivery,920.44,155.11,7.26,2025-02-14,2025-02-18,2025-02-18,Delivered,3.0,No,No,4,0,6.210796221322538,1075.5500000000002,1
ORD100135,CUST12560,2025-04-15,Pune,Pune,Ahmedabad,571.8,Beauty,3,1.32,Road,Ecom Express,2337.91,538.6,8.96,2025-04-17,2025-04-23,2025-04-23,Delivered,5.0,No,No,6,0,4.0886848548443515,2876.5099999999998,1
ORD102719,CUST10857,2025-07-14,Hyderabad,Hyderabad,Kochi,492.5,Grocery,1,3.28,Road,Blue Dart,2225.58,422.15,10.47,2025-07-16,2025-07-21,2025-07-21,Delivered,4.0,No,No,5,0,4.518944162436548,2647.73,1
ORD100323,CUST11396,2025-02-11,Pune,Pune,Lucknow,488.7,Electronics,1,12.19,Road,Blue Dart,2205.23,515.36,7.2,2025-02-13,2025-02-19,2025-02-24,Delayed,3.0,No,No,11,5,4.51244117045222,2720.59,0
ORD104542,CUST10412,2025-08-30,Hyderabad,Hyderabad,Visakhapatnam,64.4,Books,4,0.57,Road,Delhivery,345.2,54.61,8.14,2025-09-01,2025-09-05,2025-09-05,Delivered,4.0,No,No,4,0,5.3602484472049685,399.81,1
ORD104584,CUST12306,2025-08-23,Bengaluru,Bengaluru,Hyderabad,139.7,Home & Kitchen,3,3.29,Air,Delhivery,1374.87,118.23,6.94,2025-08-25,2025-08-26,2025-08-26,Delivered,5.0,No,No,1,0,9.841589119541876,1493.1,1
ORD102209,CUST11118,2025-05-08,Pune,Pune,Nagpur,518.8,Grocery,2,8.87,Express,Shadowfax,3745.7,375.28,10.2,2025-05-10,2025-05-14,2025-05-15,Delayed,3.0,No,No,5,1,7.2199306090979185,4120.98,0
ORD103298,CUST11376,2025-10-13,Chennai,Chennai,Surat,191.7,Sports,5,8.67,Road,Ecom Express,1067.89,212.9,7.58,2025-10-15,2025-10-20,2025-10-20,Delivered,5.0,No,No,5,0,5.570631194574857,1280.7900000000002,1
ORD101971,CUST10266,2025-01-24,Hyderabad,Hyderabad,Kochi,365.7,Books,1,3.74,Air,Shadowfax,3531.39,393.69,8.07,2025-01-26,2025-01-28,2025-01-28,Delivered,4.0,No,No,2,0,9.656521739130435,3925.08,1
ORD101584,CUST12064,2025-03-22,Hyderabad,Hyderabad,Pune,311.2,Home & Kitchen,6,2.68,Road,Delhivery,1479.15,0.0,9.07,2025-03-24,2025-03-30,2025-03-30,Delivered,5.0,No,No,6,0,4.7530526992287925,1479.15,1
ORD104718,CUST10281,2025-04-14,Delhi,Delhi,Unknown,128.2,Beauty,3,3.77,Road,Xpressbees,596.16,122.94,9.92,2025-04-17,2025-04-23,2025-04-23,Delivered,4.0,No,No,6,0,4.650234009360375,719.0999999999999,1
ORD103168,CUST11241,2025-11-16,Delhi,Delhi,Visakhapatnam,1554.2,Grocery,7,4.36,Rail,Xpressbees,5231.1,1755.71,7.7,2025-11-18,2025-11-27,2025-12-03,Delayed,4.0,No,No,15,6,3.3657830395058554,6986.81,0
ORD101617,CUST12681,2025-04-15,Delhi,Delhi,Ahmedabad,281.6,Clothing,4,7.46,Express,Ecom Express,2242.01,291.74,10.3,2025-04-17,2025-04-20,2025-04-20,Delivered,4.0,No,No,3,0,7.961683238636364,2533.75,1
ORD101145,CUST10172,2025-02-28,Hyderabad,Hyderabad,Surat,132.0,Clothing,1,8.1,Road,Blue Dart,743.75,66.9,5.22,2025-03-02,2025-03-07,2025-03-07,Delivered,5.0,Yes,No,5,0,5.634469696969697,810.65,1
ORD100908,CUST10036,2025-02-02,Bengaluru,Bengaluru,Ahmedabad,655.9,Books,7,8.27,Road,Delhivery,2973.67,650.12,11.7,2025-02-05,2025-02-11,2025-02-11,Delivered,4.0,No,No,6,0,4.533724653148346,3623.79,1
ORD100309,CUST10472,2025-08-21,Bengaluru,Bengaluru,Ahmedabad,182.5,Sports,5,12.64,Road,Xpressbees,0.0,80.18,5.16,2025-08-23,2025-08-28,2025-08-28,Delivered,3.0,No,No,5,0,0.0,80.18,1
ORD101706,CUST10755,2025-04-29,Hyderabad,Hyderabad,Jaipur,274.7,Sports,7,10.54,Road,Blue Dart,1345.43,246.85,6.47,2025-05-01,2025-05-07,2025-05-07,Delivered,4.0,No,No,6,0,4.897815799053514,1592.28,1
ORD101623,CUST11497,2025-04-14,Delhi,Delhi,Chennai,553.8,Home & Kitchen,1,4.17,Road,Dtdc,2425.0,474.68,8.32,2025-04-17,2025-04-23,2025-04-23,Delivered,4.0,No,No,6,0,4.378837125315999,2899.68,1
ORD101725,CUST12220,2025-02-25,Bengaluru,Bengaluru,Visakhapatnam,312.0,Sports,6,9.78,Road,Delhivery,1509.72,252.31,8.92,2025-02-28,2025-03-06,2025-03-06,Delivered,3.0,No,No,6,0,4.838846153846154,1762.03,1
ORD100762,CUST11881,2025-06-14,Pune,Pune,Kolkata,521.3,Grocery,1,6.64,Express,Shadowfax,3804.84,547.18,8.02,2025-06-17,2025-06-21,2025-06-21,Delivered,5.0,No,No,4,0,7.298753117206983,4352.02,1
ORD101361,CUST11511,2025-04-20,Mumbai,Mumbai,Vijayawada,155.2,Books,2,2.68,Road,Delhivery,602.13,133.61,8.55,2025-04-23,2025-04-26,2025-04-26,Delivered,3.0,No,No,3,0,3.8797036082474228,735.74,1
ORD102142,CUST10724,2025-06-03,Pune,Pune,Lucknow,609.5,Sports,1,2.97,Road,Ecom Express,2672.18,687.42,7.47,2025-06-05,2025-06-13,2025-06-16,Delayed,4.0,No,No,11,3,4.384216570959802,3359.6,0
ORD102579,CUST10219,2025-07-17,Hyderabad,Hyderabad,Jaipur,650.2,Clothing,6,12.29,Rail,Xpressbees,2327.7,580.96,7.27,2025-07-19,2025-07-25,2025-07-25,Delivered,5.0,No,No,6,0,3.579975392187019,2908.66,1
ORD101980,CUST11947,2025-10-07,Delhi,Delhi,Coimbatore,308.8,Books,4,2.97,Express,Delhivery,2309.71,342.39,10.63,2025-10-09,2025-10-12,2025-10-12,Delivered,4.0,No,No,3,0,7.4796308290155435,2652.1,1
ORD100774,CUST10676,2025-05-25,Delhi,Delhi,Indore,341.2,Clothing,5,2.9,Rail,Delhivery,1242.45,336.12,8.35,2025-05-27,2025-06-02,2025-06-02,Delivered,4.0,No,No,6,0,3.6414126611957798,1578.5700000000002,1
ORD101951,CUST10876,2025-07-19,Hyderabad,Hyderabad,Lucknow,677.1,Clothing,3,3.41,Air,Blue Dart,6125.22,759.39,5.7,2025-07-21,2025-07-25,2025-07-25,Delivered,5.0,No,No,4,0,9.046256092157732,6884.610000000001,1
ORD101081,CUST11374,2025-09-07,Delhi,Delhi,Nagpur,175.0,Home & Kitchen,4,1.45,Air,Dtdc,1739.42,168.62,6.5,2025-09-09,2025-09-12,2025-09-12,Delivered,3.0,No,No,3,0,9.939542857142857,1908.04,1
ORD103520,CUST12388,2025-05-03,Pune,Pune,Indore,264.2,Automotive,5,3.94,Rail,Xpressbees,985.02,304.98,6.41,2025-05-05,2025-05-11,2025-05-11,Delivered,5.0,No,No,6,0,3.7283118849356547,1290.0,1
ORD102502,CUST11200,2025-04-18,Hyderabad,Hyderabad,Coimbatore,327.6,Clothing,1,2.52,Rail,Xpressbees,1140.95,227.12,9.02,2025-04-20,2025-04-27,2025-04-27,Delivered,4.0,No,No,7,0,3.482753357753358,1368.0700000000002,1
ORD102642,CUST12666,2025-10-16,Chennai,Chennai,Delhi,511.0,Electronics,6,3.71,Express,Blue Dart,3824.13,566.46,5.64,2025-10-18,2025-10-21,2025-10-21,Delivered,4.0,No,No,3,0,7.483620352250489,4390.59,1
ORD105000,CUST11550,2025-01-07,Chennai,Chennai,Kolkata,1172.6,Automotive,1,10.02,Air,Dtdc,10745.85,1259.7,5.78,2025-01-09,2025-01-14,2025-01-14,Delivered,5.0,No,No,5,0,9.164122462902952,12005.550000000001,1
ORD102525,CUST11403,2025-07-03,Delhi,Delhi,Surat,617.3,Automotive,7,6.92,Air,Shadowfax,5800.7,606.38,9.1,2025-07-05,2025-07-09,2025-07-09,Delivered,3.0,No,No,4,0,9.396889680868298,6407.08,1
ORD104568,CUST10550,2025-05-01,Mumbai,Mumbai,Surat,189.7,Sports,4,2.24,Rail,Shadowfax,713.99,146.08,7.92,2025-05-03,2025-05-09,2025-05-14,Delayed,4.0,Yes,No,11,5,3.7637849235635215,860.07,0
ORD100849,CUST11911,2025-09-25,Bengaluru,Bengaluru,Coimbatore,528.3,Home & Kitchen,7,5.79,Road,Shadowfax,2565.72,471.73,6.6,2025-09-27,2025-10-02,2025-10-02,Delivered,4.0,No,No,5,0,4.856558773424191,3037.45,1
ORD103040,CUST11619,2025-03-14,Delhi,Delhi,Ahmedabad,294.5,Grocery,7,8.16,Express,Xpressbees,2262.4,223.96,10.91,2025-03-16,2025-03-21,2025-03-21,Delivered,5.0,No,No,5,0,7.682173174872666,2486.36,1
ORD103071,CUST12789,2025-03-30,Pune,Pune,Visakhapatnam,75.1,Grocery,4,9.47,Express,Xpressbees,587.69,81.69,9.06,2025-04-01,2025-04-03,2025-04-03,Delivered,4.0,No,No,2,0,7.8254327563249015,669.3800000000001,1
ORD100305,CUST10304,2025-04-30,Bengaluru,Bengaluru,Bhopal,322.9,Home & Kitchen,4,18.1,Express,Xpressbees,2529.73,289.7,10.22,2025-05-03,2025-05-06,2025-05-06,Delivered,3.0,No,No,3,0,7.83440693713224,2819.43,1
ORD100741,CUST10957,2025-09-21,Delhi,Delhi,Surat,740.5,Clothing,3,2.62,Rail,Blue Dart,2374.27,628.2,10.42,2025-09-23,2025-10-01,2025-10-06,Delayed,4.0,No,No,13,5,3.2063065496286294,3002.4700000000003,0
ORD103618,CUST12681,2025-03-14,Pune,Pune,Vijayawada,378.2,Books,6,1.18,Air,Ecom Express,3363.24,296.13,11.98,2025-03-17,2025-03-20,2025-03-20,Delivered,4.0,No,No,3,0,8.892755156002115,3659.37,1
ORD101303,CUST11295,2025-08-22,Mumbai,Mumbai,Ahmedabad,230.8,Sports,6,7.66,Air,Ecom Express,2159.66,245.17,11.54,2025-08-25,2025-08-27,2025-08-27,Delivered,4.0,No,No,2,0,9.357279029462736,2404.83,1
ORD101820,CUST11986,2025-06-07,Delhi,Delhi,Lucknow,272.3,Books,7,6.96,Road,Blue Dart,1259.64,292.58,8.24,2025-06-09,2025-06-14,2025-06-14,Delivered,4.0,No,No,5,0,4.625927286081528,1552.22,1
ORD102862,CUST11673,2025-02-25,Bengaluru,Bengaluru,Visakhapatnam,145.2,Books,6,7.92,Air,Shadowfax,1449.21,143.56,5.11,2025-02-26,2025-02-27,2025-02-27,Delivered,4.0,No,No,1,0,9.980785123966943,1592.77,1
ORD103492,CUST11996,2025-12-22,Bengaluru,Bengaluru,Delhi,487.1,Clothing,2,2.46,Road,Xpressbees,2233.09,445.13,4.58,2025-12-24,2025-12-30,2025-12-30,Delivered,4.0,No,No,6,0,4.584459043317594,2678.2200000000003,1
ORD103034,CUST12482,2025-02-17,Mumbai,Mumbai,Kolkata,255.8,Books,1,6.39,Air,Delhivery,2420.17,138.05,9.1,2025-02-20,2025-02-23,2025-02-23,Delivered,4.0,No,No,3,0,9.461180609851446,2558.2200000000003,1
ORD103173,CUST10627,2025-04-06,Pune,Pune,Visakhapatnam,227.1,Clothing,7,3.03,Air,Delhivery,2149.77,180.98,9.87,2025-04-09,2025-04-13,2025-04-13,Delivered,5.0,No,Yes,4,0,9.466182298546896,2330.75,1
ORD101811,CUST10239,2025-02-15,Pune,Pune,Kochi,465.4,Clothing,6,9.22,Road,Delhivery,2116.3,279.28,0.0,2025-02-16,2025-02-22,2025-02-22,Delivered,5.0,No,No,6,0,4.547271164589601,2395.58,1
ORD100771,CUST10088,2025-05-12,Chennai,Chennai,Coimbatore,745.1,Books,4,14.14,Air,Shadowfax,6863.78,638.1,7.94,2025-05-15,2025-05-19,2025-05-19,Delivered,5.0,No,No,4,0,9.211891021339417,7501.88,1
ORD102219,CUST11017,2025-05-19,Hyderabad,Hyderabad,Nagpur,566.9,Electronics,6,6.73,Road,Dtdc,2604.9,515.77,6.21,2025-05-20,2025-05-25,2025-05-25,Delivered,5.0,No,No,5,0,4.594990298112542,3120.67,1
ORD103737,CUST12272,2025-10-29,Bengaluru,Bengaluru,Coimbatore,1379.6,Automotive,3,7.28,Road,Blue Dart,6010.45,1118.85,12.09,2025-11-01,2025-11-09,2025-11-09,Delivered,5.0,No,No,8,0,4.356661351116266,7129.299999999999,1
ORD102473,CUST12479,2025-12-17,Bengaluru,Bengaluru,Delhi,171.7,Books,3,2.43,Road,Blue Dart,646.37,149.64,5.11,2025-12-19,2025-12-25,2025-12-25,Delivered,4.0,No,No,6,0,3.764531158998253,796.01,1
ORD101607,CUST11454,2025-02-14,Delhi,Delhi,Pune,351.5,Beauty,1,3.09,Express,Ecom Express,2548.96,348.55,11.04,2025-02-17,2025-02-21,2025-02-21,Delivered,5.0,No,No,4,0,7.251664295874822,2897.51,1
ORD101428,CUST11875,2025-07-07,Chennai,Chennai,Lucknow,317.4,Electronics,6,2.89,Road,Xpressbees,1371.53,287.06,3.37,2025-07-08,2025-07-11,2025-07-11,Delivered,5.0,No,No,3,0,4.321140516698173,1658.59,1
ORD102270,CUST10402,2025-09-04,Mumbai,Mumbai,Vijayawada,1078.5,Sports,4,11.7,Air,Dtdc,9820.84,736.06,10.64,2025-09-07,2025-09-12,2025-09-12,Delivered,4.0,No,No,5,0,9.106017617060733,10556.9,1
ORD100387,CUST11204,2025-10-16,Bengaluru,Bengaluru,Chennai,334.8,Books,2,1.27,Road,Blue Dart,1323.26,267.53,5.46,2025-10-18,2025-10-23,2025-10-23,Delivered,4.0,No,No,5,0,3.952389486260454,1590.79,1
ORD104308,CUST10766,2025-09-21,Delhi,Delhi,Kochi,493.8,Sports,1,2.79,Road,Xpressbees,2014.53,431.07,7.67,2025-09-24,2025-09-28,2025-09-28,Delivered,4.0,No,No,4,0,4.079647630619684,2445.6,1
ORD103438,CUST10959,2025-05-09,Mumbai,Mumbai,Kolkata,315.9,Clothing,7,4.75,Road,Xpressbees,1451.98,190.19,10.65,2025-05-12,2025-05-18,2025-05-18,Delivered,4.0,No,No,6,0,4.596327951883508,1642.17,1
ORD103720,CUST12756,2025-02-24,Bengaluru,Bengaluru,Surat,323.1,Electronics,5,5.51,Air,Shadowfax,3057.5,366.7,8.55,2025-02-27,2025-03-02,2025-03-06,Delayed,3.0,No,No,7,4,9.463014546580006,3424.2,0
ORD101647,CUST12275,2025-05-21,Hyderabad,Hyderabad,Delhi,470.1,Books,1,4.95,Rail,Dtdc,1631.66,503.64,7.72,2025-05-23,2025-05-30,2025-05-30,Delivered,4.0,No,No,7,0,3.4708785364815995,2135.3,1
ORD100933,CUST11621,2025-03-10,Hyderabad,Hyderabad,Delhi,565.5,Automotive,4,3.34,Rail,Dtdc,0.0,446.19,4.86,2025-03-11,2025-03-17,2025-03-17,Delivered,5.0,No,No,6,0,0.0,446.19,1
ORD103748,CUST12573,2025-01-24,Hyderabad,Hyderabad,Lucknow,514.6,Clothing,6,1.92,Road,Xpressbees,2201.45,405.81,6.2,2025-01-26,2025-02-01,2025-02-01,Delivered,5.0,No,No,6,0,4.2779828993392925,2607.2599999999998,1
ORD101180,CUST10033,2025-06-09,Delhi,Delhi,Indore,515.1,Books,3,0.21,Road,Blue Dart,2276.5,436.12,9.58,2025-06-11,2025-06-16,2025-06-16,Delivered,4.0,No,No,5,0,4.419530188312948,2712.62,1
ORD103561,CUST11517,2025-01-24,Hyderabad,Hyderabad,Bhopal,294.3,Clothing,1,3.4,Express,Ecom Express,2202.89,0.0,5.76,2025-01-26,2025-01-29,2025-01-29,Delivered,4.0,No,No,3,0,7.485185185185184,2202.89,1
ORD102476,CUST11513,2025-01-11,Mumbai,Mumbai,Visakhapatnam,279.2,Home & Kitchen,7,2.44,Air,Ecom Express,2681.57,237.33,8.18,2025-01-13,2025-01-16,2025-01-16,Delivered,4.0,No,No,3,0,9.604477077363898,2918.9,1
ORD100784,CUST11433,2025-11-06,Pune,Pune,Nagpur,63.8,Sports,5,7.53,Rail,Xpressbees,351.76,84.93,10.75,2025-11-09,2025-11-13,2025-11-13,Delivered,5.0,No,No,4,0,5.513479623824452,436.69,1
ORD102112,CUST12082,2025-11-11,Chennai,Chennai,Visakhapatnam,358.7,Automotive,6,6.23,Road,Dtdc,1718.69,360.39,5.61,2025-11-12,2025-11-19,2025-11-19,Delivered,4.0,No,No,7,0,4.791441315862838,2079.08,1
ORD102787,CUST12054,2025-01-18,Pune,Pune,Kolkata,571.1,Home & Kitchen,4,9.53,Road,Xpressbees,2578.3,631.39,6.14,2025-01-20,2025-01-26,2025-01-26,Delivered,5.0,No,No,6,0,4.514620907021538,3209.69,1
ORD101500,CUST12321,2025-08-03,Mumbai,Mumbai,Pune,440.8,Sports,1,1.85,Air,Dtdc,3963.44,405.32,6.8,2025-08-05,2025-08-08,2025-08-08,Delivered,5.0,No,No,3,0,8.991470054446461,4368.76,1
ORD102975,CUST12755,2025-10-02,Bengaluru,Bengaluru,Lucknow,822.0,Electronics,1,4.18,Rail,Shadowfax,2670.0,613.11,11.54,2025-10-05,2025-10-13,2025-10-13,Delivered,5.0,No,No,8,0,3.2481751824817517,3283.11,1
ORD102978,CUST10049,2025-08-03,Bengaluru,Bengaluru,Hyderabad,257.0,Grocery,6,10.21,Road,Dtdc,1477.8,262.01,5.97,2025-08-04,2025-08-10,2025-08-10,Delivered,5.0,No,No,6,0,5.750194552529183,1739.81,1
ORD103667,CUST10709,2025-02-16,Bengaluru,Bengaluru,Indore,995.5,Home & Kitchen,1,1.68,Road,Ecom Express,0.0,767.38,4.8,2025-02-18,2025-02-26,2025-02-27,Delayed,4.0,No,No,9,1,0.0,767.38,0
ORD100694,CUST11622,2025-07-23,Chennai,Chennai,Mumbai,309.0,Electronics,2,5.82,Road,Dtdc,1509.44,215.62,9.33,2025-07-24,2025-07-29,2025-07-29,Delivered,5.0,No,No,5,0,4.884919093851133,1725.06,1
ORD102144,CUST12239,2025-10-03,Hyderabad,Hyderabad,Vijayawada,401.2,Electronics,2,6.03,Road,Delhivery,1793.43,288.76,9.94,2025-10-05,2025-10-10,2025-10-10,Delivered,4.0,No,No,5,0,4.470164506480558,2082.19,1
ORD101381,CUST12426,2025-12-30,Mumbai,Mumbai,Coimbatore,297.7,Electronics,5,3.21,Express,Shadowfax,2103.41,261.68,8.02,2025-12-31,2026-01-04,2026-01-04,Delivered,5.0,No,No,4,0,7.0655357742693985,2365.0899999999997,1
ORD101155,CUST12715,2025-04-13,Delhi,Delhi,Pune,667.9,Home & Kitchen,7,10.34,Rail,Delhivery,2487.65,484.43,12.43,2025-04-16,2025-04-23,2025-04-23,Delivered,4.0,No,No,7,0,3.724584518640515,2972.08,1
ORD100374,CUST10712,2025-11-10,Pune,Pune,Kolkata,455.6,Automotive,2,2.31,Air,Xpressbees,4183.4,306.67,7.28,2025-11-12,2025-11-15,2025-11-15,Delivered,5.0,No,No,3,0,9.18217734855136,4490.07,1
ORD102544,CUST11365,2025-09-17,Hyderabad,Hyderabad,Visakhapatnam,419.4,Sports,4,3.45,Express,Blue Dart,3097.78,438.93,9.98,2025-09-19,2025-09-23,2025-09-23,Delivered,5.0,No,No,4,0,7.386218407248451,3536.71,1
ORD102065,CUST11478,2025-05-24,Delhi,Delhi,Chennai,157.1,Clothing,1,6.27,Road,Xpressbees,798.0,135.25,0.0,2025-05-27,2025-06-01,2025-06-01,Delivered,4.0,No,No,5,0,5.079567154678549,933.25,1
ORD103752,CUST10745,2025-11-28,Chennai,Chennai,Hyderabad,488.6,Grocery,1,10.06,Express,Ecom Express,3498.98,297.87,6.78,2025-11-29,2025-12-03,2025-12-03,Delivered,4.0,No,No,4,0,7.16123618501842,3796.85,1
ORD100139,CUST10413,2025-05-20,Mumbai,Mumbai,Chennai,430.4,Home & Kitchen,6,4.91,Rail,Delhivery,1476.02,309.94,8.82,2025-05-21,2025-05-27,2025-05-27,Delivered,4.0,No,Yes,6,0,3.429414498141264,1785.96,1
ORD104208,CUST10093,2025-12-31,Delhi,Delhi,Jaipur,299.5,Beauty,5,6.57,Road,Shadowfax,1407.86,180.16,11.23,2026-01-02,2026-01-07,2026-01-07,Delivered,5.0,No,No,5,0,4.700701168614357,1588.02,1
ORD104521,CUST10807,2025-01-20,Delhi,Delhi,Bengaluru,180.5,Sports,5,2.84,Road,Shadowfax,880.1,165.1,8.5,2025-01-22,2025-01-27,2025-01-27,Delivered,5.0,No,No,5,0,4.87590027700831,1045.2,1
ORD100457,CUST11597,2025-05-20,Delhi,Delhi,Chennai,445.9,Beauty,3,1.63,Express,Xpressbees,3103.89,459.23,11.84,2025-05-23,2025-05-28,2025-05-31,Delayed,4.0,No,No,8,3,6.960955371159453,3563.12,0
ORD102914,CUST12248,2025-02-14,Hyderabad,Hyderabad,Surat,93.5,Home & Kitchen,2,1.78,Road,Blue Dart,383.31,90.44,10.89,2025-02-16,2025-02-20,2025-02-20,Delivered,4.0,No,No,4,0,4.099572192513369,473.75,1
ORD100738,CUST12701,2025-03-03,Bengaluru,Bengaluru,Delhi,1021.3,Automotive,7,1.43,Road,Shadowfax,4389.97,987.23,9.03,2025-03-04,2025-03-12,2025-03-12,Delivered,3.0,No,No,8,0,4.2984137863507295,5377.200000000001,1
ORD102882,CUST10469,2025-02-08,Mumbai,Mumbai,Kochi,461.7,Clothing,6,4.04,Road,Ecom Express,2108.83,399.0,12.77,2025-02-12,2025-02-17,2025-02-17,Delivered,5.0,No,No,5,0,4.567533030106129,2507.83,1
ORD101693,CUST11441,2025-12-09,Hyderabad,Hyderabad,Visakhapatnam,339.3,Books,7,4.99,Road,Blue Dart,1706.6,240.74,2.28,2025-12-11,2025-12-16,2025-12-16,Delivered,4.0,Yes,Yes,5,0,5.029767167698202,1947.34,1
ORD101999,CUST12791,2025-07-06,Bengaluru,Bengaluru,Hyderabad,328.3,Books,4,1.9,Road,Blue Dart,1595.9,206.44,6.38,2025-07-07,2025-07-12,2025-07-14,Delayed,4.0,No,No,7,2,4.86110265001523,1802.3400000000001,0
ORD101206,CUST11861,2025-12-18,Pune,Pune,Kolkata,218.9,Grocery,2,11.16,Rail,Dtdc,868.28,147.98,9.56,2025-12-20,2025-12-27,2025-12-27,Delivered,4.0,No,No,7,0,3.966560073092736,1016.26,1
ORD101633,CUST10187,2025-09-27,Chennai,Chennai,Indore,350.5,Beauty,6,2.09,Road,Xpressbees,1564.07,233.02,14.47,2025-09-29,2025-10-05,2025-10-05,Delivered,5.0,No,No,6,0,4.462396576319543,1797.09,1
ORD101465,CUST12643,2025-11-05,Bengaluru,Bengaluru,Lucknow,305.9,Automotive,4,5.62,Road,Ecom Express,1423.71,435.78,6.14,2025-11-07,2025-11-10,2025-11-12,Delayed,3.0,No,No,5,2,4.654168028767572,1859.49,0
ORD104304,CUST10238,2025-09-20,Bengaluru,Bengaluru,Kolkata,600.0,Sports,6,1.62,Road,Delhivery,2618.48,662.4,9.63,2025-09-22,2025-09-27,2025-09-27,Delivered,4.0,No,No,5,0,4.364133333333333,3280.88,1
ORD102855,CUST12478,2025-06-23,Hyderabad,Hyderabad,Mumbai,680.5,Home & Kitchen,5,3.03,Rail,Blue Dart,2306.97,604.69,7.31,2025-06-24,2025-07-01,2025-07-04,Delayed,3.0,No,No,10,3,3.3901102130786183,2911.66,0
ORD100945,CUST10715,2025-05-19,Hyderabad,Hyderabad,Lucknow,280.7,Automotive,4,6.96,Road,Ecom Express,1357.96,200.76,8.85,2025-05-21,2025-05-27,2025-05-27,Delivered,3.0,No,No,6,0,4.8377627360171,1558.72,1
ORD100284,CUST12301,2025-05-18,Chennai,Chennai,Pune,300.9,Sports,4,7.38,Road,Blue Dart,1370.18,255.72,8.93,2025-05-20,2025-05-25,2025-05-25,Delivered,4.0,No,No,5,0,4.553605849119309,1625.9,1
ORD103020,CUST10957,2025-05-24,Delhi,Delhi,Chennai,232.2,Beauty,7,2.93,Road,Xpressbees,1043.1,193.67,12.83,2025-05-27,2025-06-02,2025-06-02,Delivered,5.0,No,No,6,0,4.492248062015504,1236.77,1
ORD100727,CUST12434,2025-09-01,Pune,Pune,Lucknow,749.7,Books,1,4.36,Air,Ecom Express,6828.37,789.28,9.44,2025-09-04,2025-09-07,2025-09-07,Delivered,3.0,No,No,3,0,9.10813658796852,7617.65,1
ORD101461,CUST12489,2025-09-21,Mumbai,Mumbai,Coimbatore,368.1,Electronics,4,8.55,Road,Shadowfax,1618.43,362.62,10.09,2025-09-23,2025-09-28,2025-09-28,Delivered,5.0,Yes,No,5,0,4.396712849769084,1981.0500000000002,1
ORD103714,CUST10354,2025-05-17,Mumbai,Mumbai,Bhopal,237.9,Grocery,5,12.72,Road,Dtdc,1259.97,198.77,11.9,2025-05-19,2025-05-25,2025-05-25,Delivered,4.0,No,No,6,0,5.296216897856242,1458.74,1
ORD104925,CUST10454,2025-01-17,Delhi,Delhi,Ahmedabad,163.4,Home & Kitchen,2,3.94,Air,Delhivery,1577.79,79.39,9.54,2025-01-19,2025-01-22,2025-01-28,Delayed,4.0,No,No,9,6,9.655997552019583,1657.18,0
ORD102327,CUST11545,2025-08-31,Bengaluru,Bengaluru,Kolkata,48.9,Books,7,2.15,Rail,Xpressbees,276.48,20.0,8.87,2025-09-02,2025-09-07,2025-09-07,Delivered,4.0,No,No,5,0,5.65398773006135,296.48,1
ORD101519,CUST12699,2025-10-24,Pune,Pune,Ahmedabad,277.9,Books,3,0.2,Road,Blue Dart,1162.23,306.41,6.76,2025-10-26,2025-10-30,2025-10-30,Delivered,5.0,No,No,4,0,4.182187837351566,1468.64,1
ORD103886,CUST12030,2025-10-04,Chennai,Chennai,Hyderabad,448.5,Automotive,4,3.95,Road,Shadowfax,1954.47,240.92,4.91,2025-10-06,2025-10-12,2025-10-12,Delivered,4.0,No,No,6,0,4.357792642140469,2195.39,1
ORD104376,CUST10715,2025-06-17,Mumbai,Mumbai,Jaipur,146.1,Clothing,1,3.09,Express,Blue Dart,1121.9,143.23,8.02,2025-06-19,2025-06-22,2025-06-22,Delivered,5.0,No,No,3,0,7.678986995208762,1265.13,1
ORD100469,CUST11157,2025-09-28,Delhi,Delhi,Pune,201.4,Grocery,1,7.14,Air,Delhivery,1898.6,172.34,11.72,2025-10-01,2025-10-04,2025-10-04,Delivered,4.0,No,No,3,0,9.427010923535253,2070.94,1
ORD103063,CUST10379,2025-09-10,Bengaluru,Bengaluru,Coimbatore,463.0,Home & Kitchen,6,14.01,Air,Xpressbees,4560.99,471.36,5.78,2025-09-12,2025-09-15,2025-09-15,Delivered,5.0,No,No,3,0,9.850950323974082,5032.349999999999,1
ORD104556,CUST11176,2025-01-05,Delhi,Delhi,Vijayawada,342.9,Clothing,2,8.09,Rail,Xpressbees,1254.97,292.64,6.29,2025-01-07,2025-01-13,2025-01-13,Delivered,3.0,No,No,6,0,3.6598716827063287,1547.6100000000001,1
ORD103663,CUST11880,2025-03-15,Hyderabad,Hyderabad,Vijayawada,145.6,Home & Kitchen,2,7.49,Air,Blue Dart,1465.02,212.33,6.71,2025-03-17,2025-03-19,2025-03-19,Delivered,4.0,No,No,2,0,10.06195054945055,1677.35,1
ORD101846,CUST11542,2025-06-04,Pune,Pune,Pune,72.0,Grocery,5,0.86,Road,Shadowfax,230.67,57.89,9.19,2025-06-07,2025-06-12,2025-06-12,Delivered,5.0,No,No,5,0,3.20375,288.56,1
ORD101056,CUST12660,2025-09-15,Bengaluru,Bengaluru,Kochi,433.4,Clothing,7,6.1,Road,Ecom Express,1854.54,456.34,8.6,2025-09-18,2025-09-24,2025-09-27,Delayed,4.0,No,No,9,3,4.279049377018921,2310.88,0
ORD102646,CUST11911,2025-09-29,Chennai,Chennai,Kochi,217.3,Home & Kitchen,7,0.66,Air,Shadowfax,2070.17,176.02,0.0,2025-09-30,2025-10-01,2025-10-01,Delivered,4.0,No,No,1,0,9.526783248964565,2246.19,1
ORD102058,CUST11975,2025-11-09,Pune,Pune,Delhi,506.8,Sports,5,11.46,Rail,Xpressbees,1816.41,463.86,5.36,2025-11-11,2025-11-18,2025-11-18,Delivered,4.0,No,No,7,0,3.584076558800316,2280.27,1
ORD103106,CUST10058,2025-08-02,Delhi,Delhi,Kochi,655.3,Grocery,7,8.47,Road,Dtdc,2995.94,501.6,9.54,2025-08-05,2025-08-12,2025-08-12,Delivered,4.0,No,No,7,0,4.5718602166946445,3497.54,1
ORD104283,CUST10811,2025-09-30,Chennai,Chennai,Hyderabad,152.2,Grocery,6,3.12,Road,Blue Dart,794.03,88.12,3.66,2025-10-02,2025-10-07,2025-10-07,Delivered,5.0,No,No,5,0,5.217017082785809,882.15,1
ORD104613,CUST12478,2025-05-28,Hyderabad,Hyderabad,Visakhapatnam,1683.5,Home & Kitchen,2,3.16,Rail,Ecom Express,5515.16,1527.62,9.54,2025-05-31,2025-06-09,2025-06-09,Delivered,4.0,No,No,9,0,3.276008316008316,7042.78,1
ORD100735,CUST12393,2025-07-31,Hyderabad,Hyderabad,Visakhapatnam,121.6,Clothing,4,2.38,Road,Dtdc,0.0,57.8,9.54,2025-08-02,2025-08-06,2025-08-06,Delivered,4.0,No,No,4,0,0.0,57.8,1
ORD102036,CUST11569,2025-03-01,Delhi,Delhi,Lucknow,351.5,Sports,6,6.58,Air,Blue Dart,3303.68,208.78,7.49,2025-03-03,2025-03-05,2025-03-05,Delivered,5.0,No,No,2,0,9.398805120910383,3512.46,1
ORD101379,CUST11362,2025-03-07,Delhi,Delhi,Jaipur,146.8,Automotive,1,3.77,Express,Blue Dart,1054.34,172.15,4.58,2025-03-08,2025-03-10,2025-03-10,Delivered,4.0,No,No,2,0,7.182152588555857,1226.49,1
ORD101225,CUST12797,2025-02-21,Pune,Pune,Bengaluru,234.2,Home & Kitchen,4,3.99,Rail,Delhivery,684.23,168.22,6.77,2025-02-22,2025-02-28,2025-02-28,Delivered,4.0,No,No,6,0,2.921562766865927,852.45,1
ORD100523,CUST11244,2025-12-07,Hyderabad,Hyderabad,Nagpur,282.6,Automotive,3,7.96,Road,Dtdc,1357.34,261.14,4.56,2025-12-08,2025-12-14,2025-12-20,Delayed,4.0,No,No,12,6,4.803043170559094,1618.48,0
ORD102989,CUST11368,2025-03-18,Bengaluru,Bengaluru,Ahmedabad,302.3,Books,5,3.07,Road,Xpressbees,1384.37,299.82,9.01,2025-03-20,2025-03-24,2025-03-24,Delivered,5.0,No,No,4,0,4.579457492557062,1684.1899999999998,1
ORD103456,CUST12051,2025-05-17,Delhi,Delhi,Jaipur,265.1,Home & Kitchen,4,1.88,Rail,Shadowfax,860.12,249.95,6.19,2025-05-19,2025-05-24,2025-05-24,Delivered,4.0,No,No,5,0,3.244511505092418,1110.07,1
ORD102066,CUST12135,2025-04-01,Hyderabad,Hyderabad,Visakhapatnam,182.4,Automotive,3,4.32,Road,Dtdc,831.83,208.5,8.81,2025-04-03,2025-04-08,2025-04-09,Delayed,4.0,No,No,6,1,4.56047149122807,1040.33,0
ORD101355,CUST10895,2025-10-09,Bengaluru,Bengaluru,Bhopal,331.7,Sports,7,0.84,Road,Shadowfax,1598.69,376.26,6.97,2025-10-12,2025-10-16,2025-10-16,Delivered,3.0,No,No,4,0,4.819686463671993,1974.95,1
ORD100624,CUST12652,2025-12-23,Hyderabad,Hyderabad,Surat,927.8,Automotive,5,5.88,Road,Ecom Express,4080.35,970.71,3.57,2025-12-25,2025-12-31,2025-12-31,Delivered,4.0,No,No,6,0,4.39787669756413,5051.0599999999995,1
ORD101082,CUST10104,2025-04-17,Mumbai,Mumbai,Indore,156.7,Clothing,1,20.14,Rail,Xpressbees,853.79,80.89,8.63,2025-04-21,2025-04-26,2025-04-26,Delivered,4.0,No,Yes,5,0,5.448564135290364,934.68,1
ORD102946,CUST11085,2025-02-22,Hyderabad,Hyderabad,Indore,300.3,Clothing,1,5.3,Air,Blue Dart,2799.05,311.09,7.16,2025-02-25,2025-02-28,2025-02-28,Delivered,4.0,No,No,3,0,9.320845820845822,3110.1400000000003,1
ORD103078,CUST11261,2025-11-21,Bengaluru,Bengaluru,Kolkata,634.4,Beauty,3,2.74,Road,Delhivery,2694.15,475.95,7.08,2025-11-23,2025-11-28,2025-11-28,Delivered,5.0,No,No,5,0,4.246768600252207,3170.1,1
ORD101287,CUST11807,2025-09-30,Delhi,Delhi,Mumbai,422.4,Sports,4,2.83,Road,Shadowfax,1990.33,465.79,7.99,2025-10-02,2025-10-07,2025-10-07,Delivered,4.0,No,No,5,0,4.711955492424242,2456.12,1
ORD104465,CUST12777,2025-01-04,Chennai,Chennai,Delhi,652.6,Electronics,3,2.58,Road,Xpressbees,2678.45,661.37,11.67,2025-01-07,2025-01-12,2025-01-15,Delayed,4.0,No,No,8,3,4.104275206864848,3339.8199999999997,0
ORD101142,CUST12575,2025-09-02,Mumbai,Mumbai,Surat,1557.5,Books,4,4.32,Express,Blue Dart,11084.95,1254.84,9.8,2025-09-04,2025-09-12,2025-09-17,Delayed,3.0,No,No,13,5,7.117142857142857,12339.79,0
ORD102479,CUST10541,2025-02-02,Chennai,Chennai,Indore,115.1,Sports,7,17.89,Express,Blue Dart,1150.74,84.56,8.9,2025-02-04,2025-02-07,2025-02-07,Delivered,5.0,No,No,3,0,9.997741094700261,1235.3,1
ORD101851,CUST10187,2025-03-08,Chennai,Chennai,Lucknow,398.2,Books,7,5.47,Air,Ecom Express,3736.66,319.39,6.38,2025-03-11,2025-03-14,2025-03-21,Delayed,4.0,No,No,10,7,9.383877448518332,4056.0499999999997,0
ORD104341,CUST11717,2025-08-23,Chennai,Chennai,Indore,337.3,Grocery,1,6.12,Road,Ecom Express,1560.83,371.71,5.64,2025-08-25,2025-08-30,2025-08-30,Delivered,4.0,No,No,5,0,4.6274236584642745,1932.54,1
ORD103491,CUST10187,2025-07-28,Bengaluru,Bengaluru,Coimbatore,830.2,Beauty,2,3.61,Road,Xpressbees,3611.51,825.11,6.17,2025-07-30,2025-08-03,2025-08-07,Delayed,3.0,No,No,8,4,4.350168634064081,4436.62,0
ORD100104,CUST10903,2025-08-19,Hyderabad,Hyderabad,Vijayawada,1162.7,Sports,1,13.17,Express,Ecom Express,8333.29,923.58,5.14,2025-08-21,2025-08-26,2025-08-28,Delayed,3.0,No,No,7,2,7.167188440698375,9256.87,0
ORD103324,CUST11957,2025-10-08,Pune,Pune,Hyderabad,113.4,Automotive,6,11.07,Rail,Ecom Express,754.74,136.94,11.17,2025-10-10,2025-10-14,2025-10-14,Delivered,4.0,No,No,4,0,6.655555555555555,891.6800000000001,1
ORD100220,CUST10715,2025-01-20,Mumbai,Mumbai,Kochi,1259.4,Clothing,1,12.17,Express,Xpressbees,8971.75,774.33,8.66,2025-01-22,2025-01-27,2025-01-27,Delivered,5.0,No,No,5,0,7.123828807368588,9746.08,1
ORD101682,CUST10374,2025-07-12,Hyderabad,Hyderabad,Pune,36.4,Grocery,7,5.0,Road,Xpressbees,424.5,29.44,9.28,2025-07-14,2025-07-19,2025-07-19,Delivered,4.0,No,No,5,0,11.662087912087912,453.94,1
ORD100689,CUST10298,2025-12-04,Pune,Pune,Hyderabad,318.8,Beauty,5,6.74,Air,Xpressbees,3074.27,384.78,8.29,2025-12-06,2025-12-08,2025-12-08,Delivered,4.0,No,No,2,0,9.643255959849435,3459.05,1
ORD100437,CUST11197,2025-12-15,Hyderabad,Hyderabad,Kolkata,206.3,Home & Kitchen,5,3.74,Road,Delhivery,1009.23,142.96,7.08,2025-12-17,2025-12-21,2025-12-21,Delivered,3.0,No,No,4,0,4.892050412021328,1152.19,1
ORD102561,CUST11940,2025-09-09,Delhi,Delhi,Surat,173.7,Electronics,1,6.12,Air,Xpressbees,1604.63,151.55,9.84,2025-09-11,2025-09-13,2025-09-18,Delayed,3.0,No,No,7,5,9.237938975244676,1756.18,0
ORD101589,CUST10225,2025-11-06,Bengaluru,Bengaluru,Mumbai,230.3,Grocery,3,1.7,Air,Ecom Express,2186.18,152.84,11.1,2025-11-08,2025-11-11,2025-11-11,Delivered,5.0,No,No,3,0,9.49274858879722,2339.02,1
ORD101994,CUST10255,2025-08-27,Chennai,Chennai,Ahmedabad,223.7,Books,5,2.24,Road,Dtdc,939.88,268.49,6.71,2025-08-30,2025-09-04,2025-09-04,Delivered,4.0,No,No,5,0,4.201519892713455,1208.37,1
ORD101533,CUST10664,2025-06-14,Chennai,Chennai,Coimbatore,190.7,Home & Kitchen,2,4.1,Express,Blue Dart,1411.43,187.17,5.86,2025-06-15,2025-06-18,2025-06-18,Delivered,4.0,No,No,3,0,7.401310959622444,1598.6000000000001,1
ORD104578,CUST11009,2025-09-30,Bengaluru,Bengaluru,Surat,460.8,Beauty,5,8.42,Road,Delhivery,2168.54,384.91,9.54,2025-10-02,2025-10-08,2025-10-08,Delivered,4.0,No,No,6,0,4.7060329861111105,2553.45,1
ORD102600,CUST12270,2025-01-14,Mumbai,Mumbai,Vijayawada,694.0,Grocery,4,5.09,Air,Blue Dart,6286.68,627.34,9.31,2025-01-16,2025-01-21,2025-01-21,Delivered,4.0,No,No,5,0,9.058616714697406,6914.02,1
ORD102145,CUST10797,2025-03-13,Delhi,Delhi,Visakhapatnam,1013.4,Automotive,5,6.88,Air,Xpressbees,9296.02,1020.72,0.0,2025-03-15,2025-03-18,2025-03-22,Delayed,4.0,No,No,7,4,9.173100453917506,10316.74,0
ORD102488,CUST10029,2025-04-18,Mumbai,Mumbai,Pune,532.7,Electronics,3,9.43,Road,Xpressbees,2495.77,613.96,9.03,2025-04-21,2025-04-27,2025-04-27,Delivered,5.0,No,No,6,0,4.685132344659283,3109.73,1
ORD104339,CUST12778,2025-04-24,Pune,Pune,Jaipur,973.5,Clothing,4,6.51,Air,Blue Dart,8855.39,722.2,4.75,2025-04-26,2025-04-28,2025-05-03,Delayed,2.0,No,No,7,5,9.096445814072933,9577.59,0
ORD103441,CUST11243,2025-05-13,Mumbai,Mumbai,Hyderabad,118.2,Sports,4,0.42,Road,Shadowfax,515.63,26.48,12.55,2025-05-14,2025-05-18,2025-05-18,Delivered,4.0,Yes,No,4,0,4.362351945854484,542.11,1
ORD103817,CUST10669,2025-01-22,Delhi,Delhi,Bhopal,359.8,Grocery,3,4.33,Road,Shadowfax,1569.96,365.29,7.39,2025-01-24,2025-01-28,2025-01-29,Delayed,4.0,No,No,5,1,4.363424124513618,1935.25,0
ORD101573,CUST11695,2025-12-08,Hyderabad,Hyderabad,Surat,282.3,Sports,7,4.19,Rail,Shadowfax,1116.77,185.15,6.05,2025-12-10,2025-12-16,2025-12-16,Delivered,5.0,No,No,6,0,3.955968827488487,1301.92,1
ORD100073,CUST11221,2025-07-24,Hyderabad,Hyderabad,Bengaluru,375.2,Automotive,7,1.47,Express,Dtdc,2751.4,291.14,8.16,2025-07-26,2025-07-29,2025-07-29,Delivered,4.0,No,No,3,0,7.33315565031983,3042.54,1
ORD103363,CUST10823,2025-07-10,Chennai,Chennai,Coimbatore,353.5,Beauty,6,3.67,Rail,Ecom Express,1317.15,271.51,5.56,2025-07-13,2025-07-19,2025-07-22,Delayed,3.0,No,No,9,3,3.7260254596888265,1588.66,0
ORD103228,CUST12606,2025-05-17,Hyderabad,Hyderabad,Ahmedabad,927.5,Beauty,6,4.04,Rail,Delhivery,3036.07,900.37,7.37,2025-05-20,2025-05-28,2025-05-28,Delivered,5.0,No,No,8,0,3.273390835579515,3936.44,1
ORD101092,CUST10786,2025-02-26,Mumbai,Mumbai,Surat,339.8,Home & Kitchen,1,4.33,Road,Blue Dart,1433.59,431.02,11.73,2025-03-01,2025-03-06,2025-03-06,Delivered,5.0,No,No,5,0,4.218922895821071,1864.61,1
ORD103211,CUST10835,2025-10-20,Mumbai,Mumbai,Coimbatore,454.1,Books,4,1.46,Road,Xpressbees,2031.37,448.53,5.57,2025-10-23,2025-10-29,2025-10-29,Delivered,4.0,No,No,6,0,4.473397929971371,2479.8999999999996,1
ORD103055,CUST11900,2025-10-12,Pune,Pune,Coimbatore,452.9,Home & Kitchen,5,3.03,Road,Ecom Express,1986.5,337.66,6.53,2025-10-14,2025-10-19,2025-10-22,Delayed,3.0,No,No,8,3,4.386177964230515,2324.16,0
ORD101297,CUST12414,2025-10-25,Pune,Pune,Coimbatore,476.4,Grocery,7,6.61,Rail,Delhivery,1771.0,456.88,9.75,2025-10-28,2025-11-04,2025-11-04,Delivered,4.0,No,No,7,0,3.7174643157010916,2227.88,1
ORD104625,CUST11525,2025-03-20,Hyderabad,Hyderabad,Mumbai,532.2,Electronics,1,0.74,Road,Delhivery,2329.1,593.55,8.67,2025-03-22,2025-03-28,2025-04-04,Delayed,4.0,No,No,13,7,4.376362269823374,2922.6499999999996,0
ORD102603,CUST12047,2025-08-29,Chennai,Chennai,Bengaluru,673.8,Automotive,2,6.67,Air,Ecom Express,6001.79,658.89,6.36,2025-09-01,2025-09-05,2025-09-07,Delayed,4.0,No,No,6,2,8.90737607598694,6660.68,0
ORD102294,CUST10907,2025-09-22,Hyderabad,Hyderabad,Bhopal,294.7,Automotive,4,3.13,Road,Delhivery,1272.6,215.89,7.56,2025-09-24,2025-09-29,2025-09-29,Delivered,5.0,No,No,5,0,4.318289786223278,1488.4899999999998,1
ORD102405,CUST10153,2025-08-08,Pune,Pune,Vijayawada,186.7,Grocery,6,7.75,Road,Shadowfax,920.42,252.56,7.93,2025-08-09,2025-08-14,2025-08-15,Delayed,3.0,No,No,6,1,4.929941081949652,1172.98,0
ORD104070,CUST12280,2025-10-08,Mumbai,Mumbai,Bengaluru,108.1,Automotive,5,6.95,Road,Delhivery,470.93,96.74,10.87,2025-10-11,2025-10-16,2025-10-16,Delivered,4.0,No,No,5,0,4.356429232192415,567.67,1
ORD100395,CUST10435,2025-08-03,Chennai,Chennai,Mumbai,259.4,Beauty,4,6.44,Rail,Delhivery,987.87,278.78,7.58,2025-08-05,2025-08-12,2025-08-12,Delivered,4.0,No,No,7,0,3.8082883577486513,1266.65,1
ORD100386,CUST12723,2025-05-11,Hyderabad,Hyderabad,Vijayawada,362.9,Grocery,6,2.46,Express,Ecom Express,2678.47,307.26,8.9,2025-05-13,2025-05-18,2025-05-18,Delivered,5.0,No,No,5,0,7.380738495453293,2985.7299999999996,1
ORD103572,CUST12189,2025-08-04,Chennai,Chennai,Surat,336.0,Beauty,2,8.61,Road,Ecom Express,1524.01,308.76,5.74,2025-08-05,2025-08-10,2025-08-10,Delivered,4.0,No,No,5,0,4.535744047619048,1832.77,1
ORD102569,CUST11557,2025-02-15,Delhi,Delhi,Nagpur,902.1,Books,1,13.46,Express,Shadowfax,6398.32,818.67,12.24,2025-02-17,2025-02-21,2025-02-21,Delivered,5.0,No,No,4,0,7.0926948231903335,7216.99,1
ORD101011,CUST10728,2025-10-16,Pune,Pune,Surat,223.8,Home & Kitchen,3,2.05,Express,Xpressbees,1571.22,254.56,8.35,2025-10-17,2025-10-21,2025-10-21,Delivered,4.0,No,No,4,0,7.0206434316353885,1825.78,1
ORD100275,CUST10357,2025-06-05,Pune,Pune,Surat,805.2,Home & Kitchen,6,9.51,Air,Delhivery,7427.63,692.04,13.05,2025-06-07,2025-06-11,2025-06-11,Delivered,4.0,No,No,4,0,9.224577744659712,8119.67,1
ORD100198,CUST11231,2025-09-23,Mumbai,Mumbai,Bengaluru,479.9,Electronics,3,5.93,Road,Delhivery,2077.45,463.08,11.58,2025-09-26,2025-10-02,2025-10-02,Delivered,5.0,No,No,6,0,4.328922692227548,2540.5299999999997,1
ORD103201,CUST12322,2025-03-27,Hyderabad,Hyderabad,Mumbai,348.9,Grocery,4,7.11,Road,Delhivery,1651.28,399.54,6.02,2025-03-30,2025-04-04,2025-04-04,Delivered,4.0,No,No,5,0,4.732817426196618,2050.82,1
ORD101884,CUST11925,2025-06-16,Bengaluru,Bengaluru,Surat,776.5,Automotive,7,3.42,Rail,Delhivery,2713.72,840.23,7.15,2025-06-19,2025-06-27,2025-07-03,Delayed,4.0,No,No,14,6,3.49481004507405,3553.95,0
ORD104048,CUST10857,2025-12-27,Chennai,Chennai,Vijayawada,309.9,Home & Kitchen,3,7.65,Express,Ecom Express,2338.54,298.4,3.67,2025-12-29,2026-01-01,2026-01-04,Delayed,4.0,No,No,6,3,7.546111648919006,2636.94,0
ORD101807,CUST12339,2025-03-26,Chennai,Chennai,Ahmedabad,193.0,Books,5,6.95,Road,Shadowfax,1051.02,145.65,11.69,2025-03-28,2025-04-02,2025-04-02,Delivered,5.0,No,No,5,0,5.445699481865285,1196.67,1
ORD100972,CUST10177,2025-05-01,Bengaluru,Bengaluru,Ahmedabad,574.1,Books,4,3.25,Rail,Delhivery,2023.63,562.77,10.12,2025-05-04,2025-05-11,2025-05-12,Delayed,3.0,No,No,8,1,3.5248737153805956,2586.4,0
ORD101181,CUST12749,2025-04-19,Pune,Pune,Coimbatore,320.3,Sports,3,1.87,Road,Shadowfax,1311.97,313.12,8.55,2025-04-22,2025-04-26,2025-04-26,Delivered,4.0,No,No,4,0,4.096066187948798,1625.0900000000001,1
ORD101485,CUST10155,2025-09-05,Mumbai,Mumbai,Bengaluru,161.3,Automotive,5,4.05,Road,Delhivery,840.68,129.94,11.22,2025-09-08,2025-09-14,2025-09-14,Delivered,5.0,No,No,6,0,5.211903285802851,970.6199999999999,1
ORD103036,CUST12195,2025-08-15,Mumbai,Mumbai,Chennai,49.5,Electronics,3,2.56,Air,Ecom Express,570.24,53.0,7.66,2025-08-16,2025-08-17,2025-08-18,Delayed,3.0,No,No,2,1,11.52,623.24,0
ORD104460,CUST11065,2025-10-31,Delhi,Delhi,Surat,157.4,Books,4,5.42,Express,Delhivery,1295.51,170.83,8.57,2025-11-02,2025-11-05,2025-11-05,Delivered,4.0,No,No,3,0,8.230686149936467,1466.34,1
ORD100515,CUST10620,2025-10-09,Hyderabad,Hyderabad,Delhi,412.2,Home & Kitchen,1,3.8,Air,Delhivery,3858.99,434.44,4.63,2025-10-10,2025-10-12,2025-10-12,Delivered,4.0,No,No,2,0,9.36193595342067,4293.429999999999,1
ORD100286,CUST10479,2025-10-11,Pune,Pune,Surat,685.6,Clothing,3,7.01,Rail,Delhivery,2408.24,615.31,8.64,2025-10-13,2025-10-20,2025-10-20,Delivered,4.0,No,No,7,0,3.512602100350058,3023.5499999999997,1
ORD104207,CUST10370,2025-08-12,Bengaluru,Bengaluru,Chennai,345.0,Books,4,4.43,Rail,Delhivery,1180.59,293.22,0.0,2025-08-15,2025-08-20,2025-08-20,Delivered,3.0,No,No,5,0,3.4219999999999997,1473.81,1
ORD104253,CUST10892,2025-09-06,Hyderabad,Hyderabad,Visakhapatnam,304.4,Grocery,5,9.31,Road,Xpressbees,1429.92,329.16,4.48,2025-09-08,2025-09-14,2025-09-14,Delivered,3.0,No,No,6,0,4.697503285151117,1759.0800000000002,1
ORD100575,CUST12271,2025-04-07,Chennai,Chennai,Visakhapatnam,579.9,Automotive,5,7.68,Road,Delhivery,2609.0,509.96,9.08,2025-04-09,2025-04-15,2025-04-15,Delivered,4.0,No,No,6,0,4.499051560613899,3118.96,1
ORD104058,CUST10075,2025-06-30,Hyderabad,Hyderabad,Surat,410.4,Sports,1,6.31,Rail,Dtdc,1188.2,387.84,6.67,2025-07-01,2025-07-09,2025-07-09,Delivered,5.0,No,Yes,8,0,2.895224171539961,1576.04,1
ORD100227,CUST12453,2025-06-06,Hyderabad,Hyderabad,Indore,241.5,Grocery,2,8.97,Express,Delhivery,1760.51,168.07,8.29,2025-06-08,2025-06-11,2025-06-11,Delivered,4.0,No,No,3,0,7.2898964803312625,1928.58,1
ORD104575,CUST10218,2025-03-06,Mumbai,Mumbai,Bhopal,420.9,Home & Kitchen,6,3.77,Air,Xpressbees,4016.02,261.23,11.67,2025-03-09,2025-03-11,2025-03-11,Delivered,4.0,No,No,2,0,9.541506296032312,4277.25,1
ORD101470,CUST11281,2025-10-14,Chennai,Chennai,Delhi,425.2,Sports,7,6.61,Road,Blue Dart,1920.28,389.52,7.59,2025-10-16,2025-10-21,2025-10-23,Delayed,3.0,No,Yes,7,2,4.51618062088429,2309.8,0
ORD104261,CUST10916,2025-01-11,Hyderabad,Hyderabad,Vijayawada,582.0,Books,1,0.54,Air,Blue Dart,5238.82,351.13,5.69,2025-01-13,2025-01-16,2025-01-16,Delivered,4.0,No,No,3,0,9.001408934707904,5589.95,1
ORD103554,CUST12200,2025-05-21,Mumbai,Mumbai,Ahmedabad,474.0,Beauty,2,4.22,Rail,Xpressbees,1712.87,384.61,6.36,2025-05-24,2025-06-01,2025-06-02,Delayed,4.0,No,No,9,1,3.6136497890295356,2097.48,0
ORD100439,CUST10963,2025-02-13,Delhi,Delhi,Lucknow,233.4,Electronics,6,8.28,Road,Shadowfax,1205.69,183.25,10.95,2025-02-16,2025-02-20,2025-02-20,Delivered,5.0,No,No,4,0,5.165766923736076,1388.94,1
ORD103562,CUST11157,2025-02-15,Hyderabad,Hyderabad,Ahmedabad,156.7,Home & Kitchen,3,6.3,Express,Blue Dart,1268.16,129.58,9.54,2025-02-17,2025-02-21,2025-02-21,Delivered,4.0,No,No,4,0,8.092916400765796,1397.74,1
ORD102281,CUST10545,2025-12-01,Pune,Pune,Vijayawada,665.7,Beauty,4,1.21,Rail,Shadowfax,2191.09,750.55,7.97,2025-12-03,2025-12-11,2025-12-11,Delivered,5.0,No,No,8,0,3.2914075409343546,2941.6400000000003,1
ORD102723,CUST11278,2025-02-17,Bengaluru,Bengaluru,Chennai,490.9,Clothing,1,3.23,Road,Shadowfax,1984.42,440.9,0.0,2025-02-19,2025-02-25,2025-02-25,Delivered,5.0,No,No,6,0,4.042411896516603,2425.32,1
ORD101227,CUST12008,2025-08-24,Pune,Pune,Lucknow,279.2,Books,7,6.42,Road,Ecom Express,1411.58,153.94,6.41,2025-08-27,2025-09-02,2025-09-02,Delivered,4.0,No,No,6,0,5.0558022922636106,1565.52,1
ORD101216,CUST11498,2025-11-17,Pune,Pune,Mumbai,194.4,Automotive,3,1.46,Express,Shadowfax,1364.73,197.88,10.02,2025-11-20,2025-11-23,2025-11-23,Delivered,4.0,No,No,3,0,7.020216049382716,1562.6100000000001,1
ORD100277,CUST11314,2025-12-20,Bengaluru,Bengaluru,Delhi,348.5,Beauty,4,0.29,Rail,Blue Dart,1242.55,402.92,8.33,2025-12-23,2025-12-30,2025-12-30,Delivered,4.0,No,No,7,0,3.565423242467719,1645.47,1
ORD100486,CUST11222,2025-04-23,Delhi,Delhi,Bhopal,348.8,Grocery,3,8.78,Road,Delhivery,1762.56,232.0,8.75,2025-04-24,2025-04-29,2025-04-29,Delivered,4.0,No,No,5,0,5.053211009174311,1994.56,1
ORD102636,CUST11249,2025-10-08,Bengaluru,Bengaluru,Lucknow,236.5,Automotive,7,5.43,Road,Blue Dart,1259.0,166.79,6.27,2025-10-10,2025-10-15,2025-10-15,Delivered,3.0,No,No,5,0,5.323467230443975,1425.79,1
ORD104721,CUST12682,2025-01-06,Bengaluru,Bengaluru,Chennai,515.6,Books,5,4.53,Rail,Dtdc,1699.22,372.9,8.45,2025-01-07,2025-01-13,2025-01-14,Delayed,3.0,No,No,7,1,3.2956167571761052,2072.12,0
ORD104955,CUST11656,2025-10-20,Chennai,Chennai,Indore,295.5,Books,6,5.31,Road,Delhivery,1295.2,269.06,7.49,2025-10-22,2025-10-26,2025-10-26,Delivered,5.0,No,No,4,0,4.383079526226735,1564.26,1
ORD102466,CUST11930,2025-08-14,Chennai,Chennai,Ahmedabad,670.3,Clothing,5,1.47,Road,Dtdc,2880.01,483.3,10.39,2025-08-16,2025-08-23,2025-08-26,Delayed,3.0,No,No,10,3,4.296598537968075,3363.3100000000004,0
ORD101024,CUST12237,2025-07-20,Pune,Pune,Delhi,203.4,Books,6,6.12,Road,Ecom Express,1036.99,178.26,10.51,2025-07-23,2025-07-28,2025-07-28,Delivered,4.0,No,No,5,0,5.098279252704032,1215.25,1
ORD101569,CUST12371,2025-04-12,Pune,Pune,Delhi,241.7,Grocery,5,3.81,Road,Ecom Express,1333.98,224.91,7.9,2025-04-14,2025-04-19,2025-04-19,Delivered,4.0,No,No,5,0,5.519155978485727,1558.89,1
ORD100470,CUST10835,2025-12-07,Mumbai,Mumbai,Lucknow,298.8,Home & Kitchen,6,7.64,Road,Shadowfax,1637.01,345.86,12.0,2025-12-11,2025-12-15,2025-12-15,Delivered,4.0,No,No,4,0,5.478614457831325,1982.87,1
ORD101762,CUST11782,2025-02-20,Pune,Pune,Delhi,207.1,Beauty,6,9.99,Road,Dtdc,1154.75,263.08,8.7,2025-02-23,2025-02-28,2025-02-28,Delivered,3.0,No,No,5,0,5.575808788025109,1417.83,1
ORD103751,CUST11597,2025-05-29,Pune,Pune,Indore,515.4,Books,6,1.8,Road,Dtdc,2148.98,433.6,7.48,2025-05-30,2025-06-03,2025-06-03,Delivered,5.0,No,No,4,0,4.16953822273962,2582.58,1
ORD104773,CUST11340,2025-07-05,Delhi,Delhi,Hyderabad,287.6,Books,7,6.61,Express,Ecom Express,2032.66,248.26,10.34,2025-07-08,2025-07-13,2025-07-17,Delayed,4.0,No,No,9,4,7.0676634214186365,2280.92,0
ORD104413,CUST11226,2025-12-24,Bengaluru,Bengaluru,Ahmedabad,544.8,Beauty,5,6.5,Road,Delhivery,2524.4,362.29,4.89,2025-12-26,2026-01-01,2026-01-01,Delivered,4.0,No,No,6,0,4.633627019089575,2886.69,1
ORD102665,CUST10004,2025-10-21,Hyderabad,Hyderabad,Indore,761.7,Home & Kitchen,7,4.46,Road,Shadowfax,3282.29,596.55,6.42,2025-10-22,2025-10-28,2025-10-28,Delivered,4.0,No,No,6,0,4.309163712747801,3878.84,1
ORD104543,CUST10566,2025-11-01,Chennai,Chennai,Hyderabad,296.6,Automotive,5,5.3,Road,Xpressbees,1521.35,346.77,13.25,2025-11-04,2025-11-08,2025-11-08,Delivered,5.0,Yes,No,4,0,5.1292987188132155,1868.12,1
ORD102860,CUST11540,2025-02-20,Pune,Pune,Kolkata,328.7,Clothing,7,0.65,Express,Xpressbees,2487.92,334.95,10.38,2025-02-23,2025-02-26,2025-02-28,Delayed,4.0,No,No,5,2,7.568968664435656,2822.87,0
ORD100064,CUST10704,2025-02-03,Bengaluru,Bengaluru,Nagpur,493.7,Sports,5,3.47,Air,Blue Dart,4409.86,512.2,8.43,2025-02-05,2025-02-11,2025-02-11,Delivered,4.0,No,No,6,0,8.93226655863885,4922.0599999999995,1
ORD104573,CUST10152,2025-01-15,Pune,Pune,Lucknow,373.1,Clothing,5,2.16,Express,Dtdc,2686.81,378.75,7.44,2025-01-18,2025-01-21,2025-01-21,Delivered,5.0,No,No,3,0,7.201313320825515,3065.56,1
ORD101311,CUST12155,2025-03-11,Delhi,Delhi,Chennai,167.6,Clothing,6,17.31,Road,Ecom Express,1116.09,132.63,10.65,2025-03-14,2025-03-18,2025-03-18,Delivered,5.0,No,No,4,0,6.659248210023866,1248.7199999999998,1
ORD100730,CUST10191,2025-08-24,Bengaluru,Bengaluru,Hyderabad,425.6,Sports,2,2.99,Express,Ecom Express,3012.08,471.8,5.9,2025-08-25,2025-08-28,2025-08-28,Delivered,5.0,No,No,3,0,7.077255639097744,3483.88,1
ORD100089,CUST11732,2025-05-28,Pune,Pune,Jaipur,794.0,Electronics,3,0.53,Air,Blue Dart,7045.95,857.61,8.86,2025-05-30,2025-06-03,2025-06-03,Delivered,5.0,No,No,4,0,8.873992443324937,7903.5599999999995,1
ORD102993,CUST11825,2025-10-01,Delhi,Delhi,Hyderabad,574.6,Electronics,6,2.81,Rail,Blue Dart,1972.56,431.19,9.83,2025-10-03,2025-10-09,2025-10-11,Delayed,3.0,No,No,8,2,3.4329272537417332,2403.75,0
ORD104167,CUST11968,2025-04-16,Hyderabad,Hyderabad,Chennai,337.8,Sports,1,1.35,Express,Xpressbees,2343.71,327.06,9.56,2025-04-19,2025-04-23,2025-04-23,Delivered,5.0,No,No,4,0,6.938158673771462,2670.77,1
ORD103461,CUST10655,2025-03-27,Bengaluru,Bengaluru,Mumbai,584.8,Home & Kitchen,4,4.59,Road,Ecom Express,2651.23,700.69,8.72,2025-03-29,2025-04-05,2025-04-09,Delayed,4.0,No,No,11,4,4.533567031463749,3351.92,0
ORD100329,CUST12421,2025-11-10,Chennai,Chennai,Kolkata,170.1,Electronics,5,5.53,Road,Shadowfax,875.04,143.46,9.56,2025-11-13,2025-11-19,2025-11-19,Delivered,5.0,No,No,6,0,5.144268077601411,1018.5,1
ORD103286,CUST12415,2025-11-19,Hyderabad,Hyderabad,Vijayawada,479.7,Books,6,3.32,Road,Ecom Express,2205.17,323.7,7.5,2025-11-21,2025-11-27,2025-11-27,Delivered,4.0,No,No,6,0,4.596977277465083,2528.87,1
ORD103964,CUST12485,2025-08-28,Delhi,Delhi,Unknown,1107.9,Sports,4,12.72,Rail,Xpressbees,3633.24,789.44,8.42,2025-08-30,2025-09-06,2025-09-11,Delayed,3.0,No,No,12,5,3.2793934470620085,4422.68,0
ORD104343,CUST10495,2025-10-13,Pune,Pune,Mumbai,143.2,Beauty,4,4.25,Road,Xpressbees,851.67,90.82,8.51,2025-10-15,2025-10-20,2025-10-20,Delivered,3.0,No,No,5,0,5.947416201117319,942.49,1
ORD100303,CUST10817,2025-05-29,Hyderabad,Hyderabad,Visakhapatnam,437.3,Sports,3,10.71,Road,Shadowfax,2061.13,428.89,9.89,2025-05-31,2025-06-05,2025-06-05,Delivered,4.0,No,No,5,0,4.713308941230276,2490.02,1
ORD101883,CUST12385,2025-05-28,Pune,Pune,Kolkata,558.5,Books,6,13.78,Air,Blue Dart,5288.13,486.91,8.48,2025-05-29,2025-06-01,2025-06-01,Delivered,4.0,No,No,3,0,9.46845120859445,5775.04,1
ORD101420,CUST11962,2025-12-28,Pune,Pune,Indore,347.0,Grocery,6,1.96,Road,Ecom Express,1438.31,268.7,12.7,2025-12-30,2026-01-04,2026-01-06,Delayed,4.0,No,No,7,2,4.144985590778098,1707.01,0
ORD101395,CUST11078,2025-08-02,Hyderabad,Hyderabad,Mumbai,334.1,Clothing,2,7.27,Air,Dtdc,3059.24,218.1,7.03,2025-08-04,2025-08-07,2025-08-07,Delivered,5.0,No,No,3,0,9.156659682729721,3277.3399999999997,1
ORD101108,CUST11604,2025-07-31,Hyderabad,Hyderabad,Mumbai,305.6,Beauty,6,4.82,Road,Blue Dart,1514.62,227.58,6.68,2025-08-02,2025-08-08,2025-08-08,Delivered,5.0,No,No,6,0,4.95621727748691,1742.1999999999998,1
ORD103226,CUST12006,2025-09-14,Bengaluru,Bengaluru,Kochi,275.7,Beauty,3,3.46,Road,Shadowfax,1203.0,276.27,8.16,2025-09-16,2025-09-21,2025-09-21,Delivered,4.0,No,No,5,0,4.363438520130577,1479.27,1
ORD103421,CUST10856,2025-01-07,Bengaluru,Bengaluru,Chennai,307.7,Clothing,3,9.42,Rail,Ecom Express,1124.62,195.47,10.15,2025-01-10,2025-01-18,2025-01-18,Delivered,5.0,No,No,8,0,3.6549236269093273,1320.09,1
ORD102180,CUST11852,2025-09-17,Hyderabad,Hyderabad,Pune,389.7,Electronics,4,1.47,Air,Shadowfax,3679.43,272.17,9.87,2025-09-20,2025-09-23,2025-09-23,Delivered,4.0,No,No,3,0,9.44169874262253,3951.6,1
ORD103067,CUST10772,2025-12-11,Bengaluru,Bengaluru,Hyderabad,578.3,Beauty,4,4.51,Road,Blue Dart,2577.42,682.61,7.23,2025-12-13,2025-12-19,2025-12-21,Delayed,4.0,No,No,8,2,4.45689088708283,3260.03,0
ORD103048,CUST10331,2025-08-01,Bengaluru,Bengaluru,Indore,753.0,Home & Kitchen,7,4.63,Road,Shadowfax,3417.9,843.53,8.53,2025-08-04,2025-08-09,2025-08-09,Delivered,5.0,No,No,5,0,4.539043824701196,4261.43,1
ORD101135,CUST12799,2025-07-12,Chennai,Chennai,Ahmedabad,233.4,Electronics,1,8.98,Road,Blue Dart,1114.5,322.02,4.45,2025-07-14,2025-07-19,2025-07-19,Delivered,4.0,No,No,5,0,4.775064267352185,1436.52,1
ORD104905,CUST10362,2025-11-17,Delhi,Delhi,Surat,121.5,Automotive,5,1.28,Road,Delhivery,622.14,112.96,7.01,2025-11-19,2025-11-24,2025-11-24,Delivered,4.0,No,No,5,0,5.120493827160494,735.1,1
ORD101126,CUST10757,2025-07-21,Pune,Pune,Nagpur,520.6,Clothing,2,3.66,Road,Ecom Express,2248.53,458.94,6.55,2025-07-24,2025-07-29,2025-07-30,Delayed,3.0,No,No,6,1,4.319112562427968,2707.4700000000003,0
ORD103463,CUST12111,2025-06-10,Hyderabad,Hyderabad,Indore,378.4,Books,6,0.52,Air,Shadowfax,3454.68,405.28,11.17,2025-06-13,2025-06-16,2025-06-16,Delivered,4.0,No,No,3,0,9.129704016913319,3859.96,1
ORD104912,CUST11646,2025-08-14,Hyderabad,Hyderabad,Unknown,658.3,Automotive,1,4.12,Road,Ecom Express,2695.76,639.96,4.08,2025-08-16,2025-08-21,2025-08-21,Delivered,5.0,No,No,5,0,4.095032659881514,3335.7200000000003,1
ORD101437,CUST11380,2025-08-07,Pune,Pune,Chennai,602.9,Home & Kitchen,1,5.23,Express,Shadowfax,4428.87,449.3,8.87,2025-08-10,2025-08-15,2025-08-15,Delivered,5.0,No,No,5,0,7.345944601094709,4878.17,1
ORD104740,CUST10020,2025-08-21,Mumbai,Mumbai,Jaipur,122.3,Sports,4,8.02,Air,Shadowfax,1355.17,79.25,10.57,2025-08-23,2025-08-25,2025-08-25,Delivered,4.0,No,No,2,0,11.080703188879804,1434.42,1
ORD102312,CUST10342,2025-07-16,Pune,Pune,Nagpur,108.7,Beauty,7,6.64,Road,Ecom Express,657.02,141.55,8.58,2025-07-18,2025-07-23,2025-07-23,Delivered,4.0,No,No,5,0,6.044342226310947,798.5699999999999,1
ORD104448,CUST10089,2025-06-18,Bengaluru,Bengaluru,Pune,448.0,Electronics,1,11.12,Rail,Xpressbees,1587.37,429.62,6.26,2025-06-21,2025-06-26,2025-06-26,Delivered,4.0,No,No,5,0,3.5432366071428567,2016.9899999999998,1
ORD100946,CUST11999,2025-10-06,Hyderabad,Hyderabad,Bengaluru,403.7,Books,3,3.62,Air,Shadowfax,3763.37,493.72,6.93,2025-10-09,2025-10-12,2025-10-18,Delayed,4.0,Yes,Yes,9,6,9.322194699033936,4257.09,0
ORD100467,CUST12561,2025-03-04,Bengaluru,Bengaluru,Chennai,344.6,Electronics,7,5.9,Road,Dtdc,1665.55,201.43,9.0,2025-03-06,2025-03-11,2025-03-11,Delivered,4.0,No,No,5,0,4.833284968078932,1866.98,1
ORD103801,CUST11049,2025-09-02,Pune,Pune,Visakhapatnam,193.9,Electronics,3,4.31,Road,Xpressbees,873.01,171.96,11.84,2025-09-05,2025-09-10,2025-09-11,Delayed,3.0,No,Yes,6,1,4.502372356884992,1044.97,0
ORD102725,CUST11385,2025-08-15,Mumbai,Mumbai,Chennai,621.3,Sports,6,1.7,Rail,Dtdc,2172.21,475.96,9.68,2025-08-17,2025-08-24,2025-08-24,Delivered,4.0,No,No,7,0,3.4962337035248674,2648.17,1
ORD100983,CUST12786,2025-12-18,Pune,Pune,Bengaluru,197.8,Beauty,3,5.79,Road,Delhivery,992.87,146.71,8.9,2025-12-21,2025-12-27,2025-12-29,Delayed,4.0,No,No,8,2,5.019565217391304,1139.58,0
ORD101411,CUST10650,2025-07-11,Hyderabad,Hyderabad,Vijayawada,540.0,Grocery,1,7.2,Road,Xpressbees,2376.93,428.55,8.11,2025-07-13,2025-07-18,2025-07-18,Delivered,4.0,No,No,5,0,4.401722222222222,2805.48,1
ORD101909,CUST12723,2025-08-09,Mumbai,Mumbai,Kochi,546.4,Beauty,1,4.52,Air,Dtdc,4979.1,534.75,10.16,2025-08-11,2025-08-14,2025-08-18,Delayed,5.0,No,No,7,4,9.112554904831626,5513.85,0
ORD100574,CUST12222,2025-02-03,Hyderabad,Hyderabad,Kolkata,261.2,Grocery,3,11.33,Rail,Dtdc,1103.6,313.5,12.68,2025-02-05,2025-02-11,2025-02-17,Delayed,3.0,No,No,12,6,4.225114854517611,1417.1,0
ORD100839,CUST10420,2025-10-27,Hyderabad,Hyderabad,Coimbatore,122.4,Beauty,1,4.01,Road,Delhivery,590.01,23.32,9.85,2025-10-30,2025-11-03,2025-11-03,Delivered,5.0,Yes,No,4,0,4.820343137254902,613.33,1
ORD100622,CUST10499,2025-12-25,Hyderabad,Hyderabad,Vijayawada,363.4,Electronics,2,4.72,Air,Blue Dart,3293.05,320.81,5.15,2025-12-27,2025-12-29,2025-12-29,Delivered,4.0,No,No,2,0,9.06177765547606,3613.86,1
ORD101427,CUST11058,2025-02-15,Mumbai,Mumbai,Bengaluru,365.5,Home & Kitchen,3,9.38,Rail,Ecom Express,1424.84,348.08,11.84,2025-02-19,2025-02-23,2025-02-26,Delayed,3.0,No,No,7,3,3.898331053351573,1772.9199999999998,0
ORD104872,CUST10272,2025-01-04,Pune,Pune,Bhopal,484.1,Beauty,7,5.77,Road,Ecom Express,2319.09,516.49,4.36,2025-01-06,2025-01-11,2025-01-17,Delayed,3.0,No,No,11,6,4.79051848791572,2835.58,0
ORD103614,CUST10267,2025-07-27,Bengaluru,Bengaluru,Nagpur,478.7,Clothing,4,4.96,Road,Dtdc,2154.18,283.63,10.83,2025-07-29,2025-08-04,2025-08-04,Delivered,5.0,No,No,6,0,4.50006266973052,2437.81,1
ORD104715,CUST12051,2025-10-25,Hyderabad,Hyderabad,Vijayawada,294.6,Electronics,2,5.6,Road,Ecom Express,1400.73,207.58,8.07,2025-10-27,2025-10-31,2025-10-31,Delivered,4.0,No,No,4,0,4.754684317718941,1608.31,1
ORD103004,CUST12073,2025-01-28,Chennai,Chennai,Indore,394.0,Automotive,5,4.17,Rail,Blue Dart,1374.29,389.07,5.29,2025-01-30,2025-02-06,2025-02-06,Delivered,4.0,No,No,7,0,3.4880456852791877,1763.36,1
ORD104194,CUST10610,2025-07-06,Bengaluru,Bengaluru,Lucknow,226.3,Home & Kitchen,2,1.38,Road,Ecom Express,887.8,202.21,8.73,2025-07-09,2025-07-14,2025-07-14,Delivered,4.0,No,No,5,0,3.9231109147149796,1090.01,1
ORD104271,CUST10526,2025-07-27,Delhi,Delhi,Lucknow,241.6,Home & Kitchen,3,13.48,Road,Blue Dart,1126.59,194.98,0.0,2025-07-30,2025-08-04,2025-08-04,Delivered,4.0,No,No,5,0,4.663038079470199,1321.57,1
ORD102919,CUST10912,2025-09-28,Hyderabad,Hyderabad,Visakhapatnam,763.8,Clothing,6,2.64,Road,Delhivery,3261.92,637.16,4.45,2025-09-30,2025-10-07,2025-10-07,Delivered,3.0,No,No,7,0,4.270646766169155,3899.08,1
ORD104582,CUST12294,2025-06-18,Mumbai,Mumbai,Bengaluru,238.5,Clothing,1,4.88,Air,Delhivery,2238.96,300.93,10.65,2025-06-20,2025-06-22,2025-06-22,Delivered,4.0,No,No,2,0,9.387672955974843,2539.89,1
ORD100558,CUST12774,2025-08-11,Bengaluru,Bengaluru,Mumbai,530.1,Books,6,8.95,Express,Blue Dart,4052.44,489.5,12.29,2025-08-13,2025-08-16,2025-08-16,Delivered,4.0,No,No,3,0,7.644670816827014,4541.9400000000005,1
ORD103395,CUST10658,2025-08-24,Hyderabad,Hyderabad,Indore,408.7,Automotive,3,4.41,Road,Xpressbees,1581.65,371.32,7.79,2025-08-25,2025-08-30,2025-08-30,Delivered,4.0,No,No,5,0,3.8699535111328607,1952.97,1
ORD104347,CUST11179,2025-10-25,Delhi,Delhi,Jaipur,311.0,Electronics,5,0.61,Road,Delhivery,1453.08,211.91,8.06,2025-10-27,2025-11-01,2025-11-01,Delivered,5.0,No,No,5,0,4.672282958199356,1664.99,1
ORD100282,CUST12479,2025-06-23,Chennai,Chennai,Hyderabad,562.0,Home & Kitchen,5,7.8,Express,Ecom Express,4194.52,616.31,7.06,2025-06-25,2025-06-29,2025-06-30,Delayed,3.0,No,No,5,1,7.4635587188612105,4810.83,0
ORD101412,CUST11384,2025-11-09,Delhi,Delhi,Pune,588.6,Clothing,1,5.42,Air,Dtdc,5366.74,544.66,7.51,2025-11-10,2025-11-14,2025-11-14,Delivered,4.0,No,No,4,0,9.117804960924227,5911.4,1
ORD100875,CUST10356,2025-04-28,Mumbai,Mumbai,Lucknow,1063.0,Beauty,5,3.8,Rail,Delhivery,3536.7,798.98,10.52,2025-05-01,2025-05-09,2025-05-09,Delivered,4.0,No,No,8,0,3.3270931326434616,4335.68,1
ORD104679,CUST11601,2025-04-01,Bengaluru,Bengaluru,Visakhapatnam,729.7,Automotive,3,0.67,Road,Blue Dart,3179.03,856.05,8.65,2025-04-03,2025-04-10,2025-04-10,Delivered,4.0,No,No,7,0,4.356626010689324,4035.08,1
ORD101975,CUST10586,2025-09-27,Hyderabad,Hyderabad,Nagpur,312.3,Beauty,1,0.58,Road,Xpressbees,1203.09,219.79,7.98,2025-09-30,2025-10-06,2025-10-11,Delayed,3.0,No,No,11,5,3.852353506243996,1422.8799999999999,0
ORD100480,CUST11750,2025-01-14,Hyderabad,Hyderabad,Pune,65.0,Home & Kitchen,4,6.38,Road,Delhivery,389.56,20.0,8.81,2025-01-16,2025-01-21,2025-01-21,Delivered,3.0,No,No,5,0,5.993230769230769,409.56,1
ORD102257,CUST11263,2025-02-21,Delhi,Delhi,Jaipur,389.7,Books,6,0.37,Road,Shadowfax,1702.92,434.27,7.8,2025-02-23,2025-03-01,2025-03-01,Delivered,5.0,No,No,6,0,4.369822940723634,2137.19,1
ORD101467,CUST10023,2025-11-18,Mumbai,Mumbai,Delhi,512.1,Electronics,5,7.44,Rail,Xpressbees,1766.24,489.12,9.02,2025-11-20,2025-11-25,2025-11-27,Delayed,3.0,No,No,7,2,3.4490138644795936,2255.36,0
ORD100414,CUST11103,2025-11-22,Mumbai,Mumbai,Bhopal,273.2,Electronics,5,8.1,Road,Blue Dart,1387.01,221.25,10.17,2025-11-25,2025-12-01,2025-12-05,Delayed,3.0,No,No,10,4,5.07690336749634,1608.26,0
ORD100246,CUST10798,2025-10-17,Hyderabad,Hyderabad,Mumbai,741.8,Automotive,4,4.67,Air,Xpressbees,6842.25,562.76,6.02,2025-10-20,2025-10-24,2025-10-28,Delayed,4.0,No,No,8,4,9.223847398220546,7405.01,0
ORD102417,CUST11744,2025-10-24,Bengaluru,Bengaluru,Bhopal,490.7,Sports,7,2.53,Road,Dtdc,2176.47,337.91,9.33,2025-10-27,2025-11-02,2025-11-02,Delivered,5.0,No,No,6,0,4.435439168534746,2514.3799999999997,1
ORD103605,CUST12364,2025-09-16,Chennai,Chennai,Nagpur,933.0,Electronics,2,2.79,Road,Ecom Express,3971.34,1059.34,3.73,2025-09-17,2025-09-24,2025-09-24,Delivered,5.0,No,No,7,0,4.2565273311897105,5030.68,1
ORD102635,CUST11489,2025-08-07,Hyderabad,Hyderabad,Lucknow,291.3,Books,3,9.64,Road,Ecom Express,1432.32,368.12,8.91,2025-08-10,2025-08-16,2025-08-16,Delivered,5.0,No,No,6,0,4.916992790937178,1800.44,1
ORD102435,CUST10048,2025-02-27,Bengaluru,Bengaluru,Chennai,208.1,Home & Kitchen,1,3.59,Road,Ecom Express,953.14,211.79,12.14,2025-03-02,2025-03-07,2025-03-07,Delivered,5.0,No,No,5,0,4.580201826045171,1164.93,1
ORD104353,CUST10232,2025-07-24,Chennai,Chennai,Lucknow,210.3,Books,5,2.82,Air,Xpressbees,1994.66,149.68,8.38,2025-07-27,2025-07-29,2025-08-01,Delayed,4.0,No,No,5,3,9.484831193533047,2144.34,0
ORD104284,CUST11776,2025-01-19,Chennai,Chennai,Hyderabad,67.5,Clothing,1,7.27,Road,Shadowfax,469.02,96.55,5.6,2025-01-21,2025-01-26,2025-01-26,Delivered,5.0,No,No,5,0,6.948444444444444,565.5699999999999,1
ORD100162,CUST12409,2025-12-25,Bengaluru,Bengaluru,Nagpur,482.4,Books,3,6.37,Road,Shadowfax,2117.48,409.08,4.67,2025-12-27,2025-12-31,2026-01-06,Delayed,4.0,No,No,10,6,4.389469320066335,2526.56,0
ORD104357,CUST12142,2025-12-12,Mumbai,Mumbai,Nagpur,303.8,Beauty,6,7.38,Rail,Blue Dart,1143.53,192.4,10.78,2025-12-15,2025-12-21,2025-12-22,Delayed,3.0,No,No,7,1,3.7640882159315336,1335.93,0
ORD104451,CUST12464,2025-10-05,Pune,Pune,Bengaluru,232.1,Clothing,2,12.42,Road,Delhivery,1170.2,196.64,6.02,2025-10-06,2025-10-10,2025-10-10,Delivered,4.0,No,No,4,0,5.041792330891857,1366.8400000000001,1
ORD103481,CUST10581,2025-09-20,Chennai,Chennai,Lucknow,356.8,Automotive,3,4.85,Road,Delhivery,1545.53,372.17,6.12,2025-09-22,2025-09-26,2025-10-02,Delayed,3.0,No,No,10,6,4.331642376681614,1917.7,0
ORD103369,CUST12142,2025-11-12,Mumbai,Mumbai,Unknown,683.9,Clothing,4,3.49,Express,Delhivery,4862.67,778.03,9.06,2025-11-14,2025-11-19,2025-11-19,Delivered,4.0,No,No,5,0,7.110206170492763,5640.7,1
ORD102941,CUST12270,2025-11-17,Bengaluru,Bengaluru,Jaipur,127.2,Electronics,2,4.55,Road,Blue Dart,728.53,85.87,9.06,2025-11-19,2025-11-23,2025-11-25,Delayed,3.0,No,No,6,2,5.727437106918239,814.4,0
ORD104911,CUST11130,2025-08-19,Hyderabad,Hyderabad,Kochi,526.7,Beauty,3,6.49,Express,Ecom Express,3812.81,537.32,4.31,2025-08-21,2025-08-24,2025-08-24,Delivered,4.0,No,No,3,0,7.239054490222137,4350.13,1
ORD100040,CUST11656,2025-08-08,Hyderabad,Hyderabad,Ahmedabad,259.7,Home & Kitchen,5,0.56,Road,Blue Dart,1186.96,255.28,6.09,2025-08-10,2025-08-17,2025-08-17,Delivered,5.0,No,No,7,0,4.57050442818637,1442.24,1
ORD101788,CUST11878,2025-01-21,Mumbai,Mumbai,Jaipur,707.8,Home & Kitchen,2,5.26,Road,Delhivery,3061.89,619.66,12.73,2025-01-23,2025-01-28,2025-01-28,Delivered,4.0,No,No,5,0,4.325925402656118,3681.5499999999997,1
ORD100314,CUST12543,2025-05-17,Hyderabad,Hyderabad,Bengaluru,227.8,Electronics,7,10.24,Express,Delhivery,1823.66,231.7,10.28,2025-05-20,2025-05-24,2025-05-24,Delivered,4.0,No,No,4,0,8.005531167690958,2055.36,1
ORD100189,CUST10280,2025-12-14,Hyderabad,Hyderabad,Pune,794.3,Electronics,6,20.51,Rail,Delhivery,0.0,882.26,6.97,2025-12-16,2025-12-23,2025-12-25,Delayed,4.0,No,No,9,2,0.0,882.26,0
ORD100633,CUST11035,2025-08-20,Mumbai,Mumbai,Lucknow,102.3,Clothing,1,4.56,Road,Shadowfax,584.19,101.43,9.58,2025-08-22,2025-08-28,2025-08-28,Delivered,4.0,Yes,No,6,0,5.7105571847507335,685.6200000000001,1
ORD100716,CUST12435,2025-03-18,Pune,Pune,Delhi,324.5,Sports,7,3.29,Express,Shadowfax,2350.65,292.08,10.2,2025-03-20,2025-03-24,2025-03-24,Delivered,4.0,No,No,4,0,7.243913713405239,2642.73,1
ORD103213,CUST11673,2025-06-05,Chennai,Chennai,Lucknow,199.1,Grocery,1,3.07,Air,Delhivery,1901.39,156.32,5.49,2025-06-07,2025-06-09,2025-06-09,Delivered,5.0,No,No,2,0,9.549924660974385,2057.71,1
ORD103239,CUST12278,2025-07-28,Hyderabad,Hyderabad,Bhopal,192.7,Home & Kitchen,3,3.93,Air,Blue Dart,1772.37,235.17,5.17,2025-07-30,2025-07-31,2025-07-31,Delivered,5.0,No,No,1,0,9.197560975609756,2007.54,1
ORD102317,CUST10754,2025-03-17,Bengaluru,Bengaluru,Delhi,99.5,Grocery,5,7.95,Air,Blue Dart,1144.24,71.57,10.82,2025-03-19,2025-03-22,2025-03-22,Delivered,4.0,No,No,3,0,11.499899497487437,1215.81,1
ORD101840,CUST11550,2025-08-16,Mumbai,Mumbai,Kochi,253.2,Electronics,1,16.73,Air,Delhivery,2563.32,143.76,6.73,2025-08-19,2025-08-23,2025-08-23,Delivered,4.0,No,No,4,0,10.123696682464455,2707.08,1
ORD100835,CUST11712,2025-10-15,Pune,Pune,Indore,245.0,Electronics,3,2.49,Rail,Shadowfax,780.72,176.26,13.91,2025-10-18,2025-10-25,2025-10-25,Delivered,4.0,No,No,7,0,3.1866122448979595,956.98,1
ORD102200,CUST11240,2025-06-18,Mumbai,Mumbai,Indore,1080.8,Beauty,5,15.07,Air,Ecom Express,10008.55,699.38,8.37,2025-06-20,2025-06-24,2025-06-24,Delivered,5.0,No,No,4,0,9.26031643227239,10707.929999999998,1
ORD103257,CUST12262,2025-12-07,Hyderabad,Hyderabad,Indore,123.2,Sports,6,6.59,Express,Ecom Express,919.19,109.85,7.07,2025-12-09,2025-12-13,2025-12-14,Delayed,4.0,No,Yes,5,1,7.460957792207792,1029.04,0
ORD100350,CUST12349,2025-05-25,Chennai,Chennai,Nagpur,384.2,Grocery,5,2.84,Road,Shadowfax,1908.23,194.76,7.3,2025-05-27,2025-06-03,2025-06-03,Delivered,4.0,No,No,7,0,4.966762103071317,2102.99,1
ORD102852,CUST11312,2025-01-29,Bengaluru,Bengaluru,Lucknow,541.7,Sports,6,5.18,Road,Shadowfax,2426.88,560.04,7.77,2025-02-01,2025-02-08,2025-02-08,Delivered,3.0,No,No,7,0,4.480118146575595,2986.92,1
ORD103425,CUST10178,2025-12-01,Chennai,Chennai,Mumbai,419.3,Books,4,4.41,Road,Ecom Express,1777.36,453.78,7.49,2025-12-03,2025-12-09,2025-12-09,Delivered,3.0,No,No,6,0,4.238874314333413,2231.14,1
ORD101203,CUST10483,2025-01-26,Mumbai,Mumbai,Bengaluru,369.1,Books,4,2.68,Road,Delhivery,1547.01,317.38,12.29,2025-01-29,2025-02-04,2025-02-04,Delivered,5.0,No,No,6,0,4.191303169872663,1864.3899999999999,1
ORD103857,CUST11204,2025-12-24,Hyderabad,Hyderabad,Lucknow,232.4,Books,7,1.83,Rail,Delhivery,724.06,188.77,8.84,2025-12-26,2026-01-01,2026-01-01,Delivered,5.0,No,No,6,0,3.1155765920826157,912.8299999999999,1
ORD103362,CUST11274,2025-12-11,Delhi,Delhi,Kolkata,242.7,Books,4,7.05,Rail,Ecom Express,920.5,262.88,8.56,2025-12-13,2025-12-19,2025-12-24,Delayed,3.0,Yes,No,11,5,3.792748248866914,1183.38,0
ORD103253,CUST12095,2025-10-27,Hyderabad,Hyderabad,Chennai,115.8,Books,5,9.18,Road,Ecom Express,779.24,98.94,7.95,2025-10-29,2025-11-02,2025-11-05,Delayed,4.0,No,No,7,3,6.729188255613126,878.1800000000001,0
ORD101340,CUST10964,2025-11-06,Pune,Pune,Chennai,411.5,Beauty,4,7.87,Road,Delhivery,1895.55,467.62,8.59,2025-11-09,2025-11-15,2025-11-15,Delivered,4.0,No,Yes,6,0,4.60643985419198,2363.17,1
ORD104030,CUST11603,2025-07-04,Hyderabad,Hyderabad,Bengaluru,300.1,Electronics,6,2.59,Road,Delhivery,1523.68,267.37,4.42,2025-07-06,2025-07-11,2025-07-14,Delayed,4.0,No,Yes,8,3,5.077240919693435,1791.0500000000002,0
ORD101417,CUST10873,2025-05-07,Pune,Pune,Bhopal,87.2,Sports,1,4.64,Rail,Shadowfax,356.48,97.36,12.84,2025-05-09,2025-05-15,2025-05-15,Delivered,5.0,No,No,6,0,4.088073394495413,453.84000000000003,1
ORD100132,CUST12266,2025-10-25,Mumbai,Mumbai,Jaipur,1057.1,Clothing,7,1.49,Road,Dtdc,4637.84,844.37,8.3,2025-10-27,2025-11-03,2025-11-07,Delayed,4.0,No,No,11,4,4.387323810424747,5482.21,0
ORD102840,CUST11115,2025-12-26,Bengaluru,Bengaluru,Ahmedabad,278.6,Automotive,3,1.29,Road,Blue Dart,1262.53,307.35,3.53,2025-12-28,2026-01-03,2026-01-03,Delivered,4.0,No,No,6,0,4.531694185211773,1569.88,1
ORD100251,CUST10705,2025-09-16,Mumbai,Mumbai,Kolkata,835.6,Home & Kitchen,5,23.83,Rail,Xpressbees,3127.75,587.04,13.52,2025-09-20,2025-09-27,2025-09-27,Delivered,4.0,No,No,7,0,3.7431187170895166,3714.79,1
ORD102028,CUST11087,2025-04-28,Pune,Pune,Ahmedabad,215.6,Electronics,2,3.88,Road,Dtdc,1140.65,258.71,8.29,2025-04-29,2025-05-04,2025-05-07,Delayed,4.0,No,No,8,3,5.290584415584416,1399.3600000000001,0
ORD101681,CUST11305,2025-02-06,Pune,Pune,Bengaluru,191.8,Clothing,7,5.75,Rail,Delhivery,687.4,254.71,6.97,2025-02-08,2025-02-13,2025-02-14,Delayed,3.0,No,No,6,1,3.583941605839416,942.11,0
ORD101292,CUST10175,2025-05-07,Hyderabad,Hyderabad,Bengaluru,288.5,Books,2,7.75,Air,Xpressbees,2711.83,298.73,11.11,2025-05-10,2025-05-12,2025-05-12,Delivered,5.0,No,No,2,0,9.399757365684575,3010.56,1
ORD101724,CUST11872,2025-10-08,Chennai,Chennai,Coimbatore,162.3,Electronics,7,9.7,Road,Ecom Express,896.24,137.13,7.31,2025-10-10,2025-10-15,2025-10-15,Delivered,5.0,No,No,5,0,5.522119531731361,1033.37,1
ORD102612,CUST10671,2025-08-31,Mumbai,Mumbai,Ahmedabad,599.5,Electronics,1,4.0,Express,Delhivery,4293.59,473.09,8.56,2025-09-01,2025-09-04,2025-09-10,Delayed,4.0,No,No,9,6,7.161951626355297,4766.68,0
ORD103384,CUST11663,2025-04-24,Delhi,Delhi,Kochi,190.7,Books,7,5.59,Road,Shadowfax,890.86,230.18,9.55,2025-04-26,2025-05-01,2025-05-06,Delayed,4.0,No,No,10,5,4.671525957000525,1121.04,0
ORD104241,CUST11160,2025-04-14,Delhi,Delhi,Pune,66.0,Books,6,9.33,Road,Blue Dart,508.12,20.0,8.23,2025-04-15,2025-04-20,2025-04-20,Delivered,5.0,No,No,5,0,7.698787878787879,528.12,1
ORD101097,CUST12046,2025-04-23,Delhi,Delhi,Pune,122.7,Electronics,1,6.27,Express,Shadowfax,986.39,67.22,10.68,2025-04-25,2025-04-29,2025-04-29,Delivered,4.0,No,No,4,0,8.039038304808475,1053.61,1
ORD102708,CUST12480,2025-10-08,Pune,Pune,Coimbatore,560.4,Sports,7,2.35,Air,Dtdc,5175.15,521.66,7.67,2025-10-10,2025-10-14,2025-10-14,Delivered,5.0,No,No,4,0,9.234743040685224,5696.8099999999995,1
ORD100184,CUST10306,2025-07-17,Hyderabad,Hyderabad,Surat,41.9,Clothing,4,0.68,Road,Blue Dart,183.09,20.0,6.15,2025-07-19,2025-07-24,2025-07-24,Delivered,4.0,No,No,5,0,4.369689737470167,203.09,1
ORD100642,CUST12650,2025-10-20,Hyderabad,Hyderabad,Ahmedabad,364.9,Sports,1,7.61,Air,Xpressbees,3264.72,308.74,6.25,2025-10-22,2025-10-24,2025-10-24,Delivered,5.0,No,No,2,0,8.946889558783228,3573.46,1
ORD104931,CUST10820,2025-11-14,Pune,Pune,Indore,356.9,Clothing,2,4.76,Road,Ecom Express,1649.23,371.45,11.52,2025-11-17,2025-11-22,2025-11-25,Delayed,4.0,No,No,8,3,4.620986270664052,2020.68,0
ORD100084,CUST12031,2025-11-26,Delhi,Delhi,Nagpur,269.7,Electronics,2,3.62,Road,Shadowfax,1322.9,267.26,5.95,2025-11-27,2025-12-02,2025-12-02,Delivered,4.0,No,No,5,0,4.905079718205414,1590.16,1
ORD104698,CUST10678,2025-07-07,Delhi,Delhi,Mumbai,113.1,Grocery,7,2.98,Air,Xpressbees,1133.29,119.74,10.56,2025-07-09,2025-07-11,2025-07-11,Delivered,4.0,No,No,2,0,10.02024756852343,1253.03,1
ORD103998,CUST10238,2025-10-28,Chennai,Chennai,Hyderabad,341.0,Electronics,2,11.89,Road,Ecom Express,1729.98,240.16,5.19,2025-10-30,2025-11-04,2025-11-04,Delivered,5.0,No,No,5,0,5.073255131964809,1970.14,1
ORD101033,CUST10137,2025-06-14,Mumbai,Mumbai,Chennai,302.4,Grocery,1,6.86,Road,Shadowfax,1327.64,249.57,11.06,2025-06-16,2025-06-21,2025-06-27,Delayed,4.0,No,No,11,6,4.390343915343916,1577.21,0
ORD103856,CUST11316,2025-11-29,Chennai,Chennai,Pune,573.7,Books,5,14.9,Express,Dtdc,4375.03,581.05,6.06,2025-12-01,2025-12-03,2025-12-03,Delivered,5.0,No,No,2,0,7.625989192957991,4956.08,1
ORD102093,CUST12766,2025-07-19,Delhi,Delhi,Bengaluru,366.9,Sports,3,4.48,Road,Shadowfax,1550.55,363.31,10.75,2025-07-21,2025-07-24,2025-07-24,Delivered,5.0,No,No,3,0,4.226083401471791,1913.86,1
ORD104769,CUST11011,2025-07-23,Pune,Pune,Coimbatore,651.5,Beauty,7,12.96,Road,Ecom Express,3041.36,554.56,11.98,2025-07-27,2025-08-02,2025-08-02,Delivered,4.0,No,No,6,0,4.668242517267844,3595.92,1
ORD104282,CUST10852,2025-02-04,Mumbai,Mumbai,Nagpur,477.4,Home & Kitchen,5,3.02,Road,Dtdc,2097.67,526.33,8.55,2025-02-06,2025-02-10,2025-02-11,Delayed,3.0,No,No,5,1,4.3939463762044415,2624.0,0
ORD102491,CUST12496,2025-07-18,Delhi,Delhi,Kochi,1123.8,Electronics,2,1.3,Rail,Delhivery,0.0,893.94,12.91,2025-07-22,2025-07-30,2025-07-31,Delayed,4.0,No,No,9,1,0.0,893.94,0
ORD103800,CUST12019,2025-05-21,Bengaluru,Bengaluru,Lucknow,199.8,Electronics,2,16.62,Road,Dtdc,1238.87,122.5,5.36,2025-05-23,2025-05-29,2025-05-29,Delivered,4.0,No,No,6,0,6.20055055055055,1361.37,1
ORD102004,CUST11467,2025-03-24,Bengaluru,Bengaluru,Jaipur,923.6,Automotive,5,2.99,Road,Dtdc,4115.26,921.26,13.38,2025-03-27,2025-04-01,2025-04-01,Delivered,4.0,No,No,5,0,4.455673451710697,5036.52,1
ORD103631,CUST11403,2025-02-13,Delhi,Delhi,Kochi,662.7,Grocery,7,5.56,Road,Dtdc,2952.1,802.87,7.11,2025-02-16,2025-02-22,2025-02-22,Delivered,4.0,No,No,6,0,4.454655198430662,3754.97,1
ORD104861,CUST11656,2025-11-23,Chennai,Chennai,Lucknow,803.7,Electronics,4,11.65,Rail,Blue Dart,2917.84,683.12,11.51,2025-11-26,2025-12-03,2025-12-07,Delayed,3.0,No,No,11,4,3.6305088963543612,3600.96,0
ORD103039,CUST11489,2025-10-19,Pune,Pune,Indore,424.2,Clothing,3,2.73,Road,Delhivery,1705.21,385.53,7.45,2025-10-21,2025-10-28,2025-10-30,Delayed,4.0,No,No,9,2,4.01982555398397,2090.74,0
ORD102396,CUST11869,2025-04-12,Mumbai,Mumbai,Pune,173.2,Electronics,3,3.35,Road,Xpressbees,771.76,159.0,9.5,2025-04-13,2025-04-18,2025-04-18,Delivered,4.0,No,No,5,0,4.455889145496536,930.76,1
ORD103526,CUST12389,2025-08-07,Delhi,Delhi,Ahmedabad,307.7,Books,3,0.85,Rail,Blue Dart,1103.72,229.24,11.76,2025-08-10,2025-08-16,2025-08-16,Delivered,4.0,No,No,6,0,3.5870003249918754,1332.96,1
ORD104242,CUST11304,2025-05-13,Delhi,Delhi,Mumbai,355.4,Beauty,3,6.77,Road,Ecom Express,1580.12,312.06,7.37,2025-05-15,2025-05-21,2025-05-21,Delivered,5.0,No,No,6,0,4.446032639279685,1892.1799999999998,1
ORD104225,CUST10785,2025-08-12,Pune,Pune,Vijayawada,658.5,Books,5,2.98,Air,Ecom Express,5991.82,473.91,7.4,2025-08-14,2025-08-17,2025-08-17,Delivered,5.0,No,No,3,0,9.099195140470766,6465.73,1
ORD104419,CUST10413,2025-08-30,Bengaluru,Bengaluru,Vijayawada,287.5,Home & Kitchen,1,9.82,Rail,Xpressbees,958.32,216.42,10.74,2025-09-02,2025-09-09,2025-09-09,Delivered,4.0,No,No,7,0,3.3332869565217393,1174.74,1
ORD104877,CUST12129,2025-12-13,Chennai,Chennai,Lucknow,534.5,Beauty,5,6.24,Air,Ecom Express,5129.89,0.0,6.93,2025-12-15,2025-12-19,2025-12-19,Delivered,4.0,No,No,4,0,9.59754911131899,5129.89,1
ORD103536,CUST10487,2025-08-25,Chennai,Chennai,Bhopal,38.4,Electronics,4,8.11,Road,Delhivery,357.13,20.0,8.28,2025-08-28,2025-09-01,2025-09-01,Delivered,3.0,No,No,4,0,9.300260416666667,377.13,1
ORD103954,CUST12360,2025-01-26,Pune,Pune,Kolkata,264.7,Sports,3,8.6,Road,Ecom Express,1344.86,250.7,9.54,2025-01-28,2025-02-01,2025-02-01,Delivered,5.0,No,No,4,0,5.080695126558368,1595.56,1
ORD102076,CUST12183,2025-02-12,Hyderabad,Hyderabad,Unknown,351.3,Clothing,3,7.79,Express,Dtdc,2488.38,293.87,8.87,2025-02-14,2025-02-17,2025-02-17,Delivered,4.0,No,No,3,0,7.08334756618275,2782.25,1
ORD100154,CUST10960,2025-08-16,Hyderabad,Hyderabad,Kolkata,301.6,Clothing,2,7.05,Road,Ecom Express,1416.64,200.3,5.41,2025-08-19,2025-08-24,2025-08-24,Delivered,4.0,No,No,5,0,4.697082228116711,1616.94,1
ORD100867,CUST10776,2025-04-25,Hyderabad,Hyderabad,Chennai,438.2,Clothing,5,2.26,Road,Ecom Express,1946.03,430.71,8.74,2025-04-27,2025-05-02,2025-05-02,Delivered,4.0,No,No,5,0,4.440963030579644,2376.74,1
ORD104370,CUST10557,2025-09-24,Chennai,Chennai,Delhi,341.0,Automotive,2,1.95,Rail,Shadowfax,1038.85,283.52,5.82,2025-09-25,2025-10-01,2025-10-01,Delivered,4.0,No,No,6,0,3.046480938416422,1322.37,1
ORD103624,CUST10433,2025-06-05,Pune,Pune,Indore,283.1,Electronics,5,3.53,Road,Delhivery,1231.06,254.09,9.61,2025-06-07,2025-06-13,2025-06-13,Delivered,5.0,No,No,6,0,4.348498763687743,1485.1499999999999,1
ORD100758,CUST10004,2025-07-22,Bengaluru,Bengaluru,Pune,242.4,Grocery,4,2.47,Road,Blue Dart,1153.42,226.14,0.0,2025-07-24,2025-07-29,2025-07-29,Delivered,5.0,No,No,5,0,4.758333333333334,1379.56,1
ORD100626,CUST10409,2025-05-13,Mumbai,Mumbai,Kolkata,863.9,Electronics,2,4.63,Air,Blue Dart,7755.75,1040.41,6.85,2025-05-15,2025-05-18,2025-05-18,Delivered,4.0,No,No,3,0,8.97760157425628,8796.16,1
ORD100657,CUST12178,2025-01-01,Delhi,Delhi,Bengaluru,495.3,Clothing,3,1.27,Rail,Ecom Express,1656.24,522.83,7.48,2025-01-02,2025-01-08,2025-01-08,Delivered,5.0,No,No,6,0,3.3439127801332527,2179.07,1
ORD101196,CUST10246,2025-12-23,Chennai,Chennai,Mumbai,146.0,Sports,6,5.27,Express,Ecom Express,1101.53,152.94,6.9,2025-12-26,2025-12-29,2025-12-29,Delivered,4.0,No,No,3,0,7.54472602739726,1254.47,1
ORD101371,CUST10181,2025-12-25,Delhi,Delhi,Coimbatore,133.6,Automotive,4,2.7,Road,Dtdc,690.35,154.44,11.19,2025-12-28,2025-12-31,2025-12-31,Delivered,4.0,No,No,3,0,5.167290419161677,844.79,1
ORD103677,CUST12003,2025-11-23,Mumbai,Mumbai,Indore,767.8,Books,5,1.92,Road,Blue Dart,3356.6,772.28,8.34,2025-11-25,2025-11-30,2025-12-02,Delayed,3.0,No,No,7,2,4.371711383172701,4128.88,0
ORD100861,CUST11421,2025-04-18,Chennai,Chennai,Bengaluru,251.7,Electronics,4,9.58,Rail,Shadowfax,888.96,220.81,9.14,2025-04-20,2025-04-26,2025-04-29,Delayed,2.0,No,No,9,3,3.5318235995232423,1109.77,0
ORD104701,CUST10558,2025-01-08,Chennai,Chennai,Vijayawada,307.2,Sports,5,2.92,Rail,Xpressbees,928.85,233.41,5.36,2025-01-10,2025-01-16,2025-01-17,Delayed,3.0,No,No,7,1,3.023600260416667,1162.26,0
ORD103024,CUST12357,2025-07-10,Mumbai,Mumbai,Ahmedabad,704.6,Automotive,4,10.9,Rail,Ecom Express,2556.21,537.01,8.4,2025-07-12,2025-07-18,2025-07-20,Delayed,3.0,No,No,8,2,3.6278881634970195,3093.2200000000003,0
ORD104490,CUST10358,2025-06-27,Bengaluru,Bengaluru,Coimbatore,504.1,Home & Kitchen,5,9.02,Rail,Ecom Express,1806.91,554.51,7.22,2025-06-29,2025-07-04,2025-07-04,Delivered,5.0,No,No,5,0,3.5844276929180716,2361.42,1
ORD104935,CUST10132,2025-11-21,Chennai,Chennai,Nagpur,438.9,Electronics,4,5.62,Road,Xpressbees,2002.02,232.24,7.15,2025-11-23,2025-11-27,2025-11-27,Delivered,5.0,No,No,4,0,4.561449077238551,2234.26,1
ORD101090,CUST10561,2025-03-15,Chennai,Chennai,Indore,406.2,Beauty,4,9.92,Road,Delhivery,1913.55,336.5,9.84,2025-03-17,2025-03-22,2025-03-22,Delivered,4.0,Yes,No,5,0,4.710856720827179,2250.05,1
ORD103908,CUST11029,2025-05-14,Pune,Pune,Coimbatore,564.8,Beauty,2,11.3,Air,Shadowfax,5196.36,593.79,7.06,2025-05-16,2025-05-20,2025-05-20,Delivered,4.0,No,No,4,0,9.200354107648725,5790.15,1
ORD104526,CUST10579,2025-11-27,Bengaluru,Bengaluru,Lucknow,134.5,Grocery,3,2.56,Road,Blue Dart,0.0,0.0,8.16,2025-11-29,2025-12-03,2025-12-03,Delivered,4.0,No,No,4,0,0.0,0.0,1
ORD102474,CUST10681,2025-09-07,Pune,Pune,Bengaluru,425.3,Electronics,3,8.32,Rail,Blue Dart,1556.19,425.98,10.33,2025-09-10,2025-09-17,2025-09-17,Delivered,5.0,No,No,7,0,3.6590406771690573,1982.17,1
ORD104212,CUST12799,2025-11-19,Bengaluru,Bengaluru,Ahmedabad,173.8,Sports,1,1.13,Road,Ecom Express,694.28,181.74,11.6,2025-11-22,2025-11-27,2025-11-27,Delivered,5.0,No,No,5,0,3.9947065592635207,876.02,1
ORD102124,CUST12754,2025-03-19,Delhi,Delhi,Kolkata,473.9,Automotive,4,0.91,Express,Blue Dart,3365.95,474.58,11.69,2025-03-22,2025-03-26,2025-03-26,Delivered,4.0,No,No,4,0,7.1026587887740025,3840.5299999999997,1
ORD103915,CUST12739,2025-04-27,Pune,Pune,Surat,503.8,Grocery,2,3.84,Rail,Delhivery,1627.26,475.32,7.35,2025-04-29,2025-05-06,2025-05-11,Delayed,3.0,No,No,12,5,3.2299722111949185,2102.58,0
ORD101742,CUST11654,2025-12-13,Hyderabad,Hyderabad,Vijayawada,112.4,Sports,1,13.6,Air,Ecom Express,1313.08,139.09,5.24,2025-12-15,2025-12-18,2025-12-22,Delayed,4.0,No,No,7,4,11.682206405693949,1452.1699999999998,0
ORD103765,CUST11319,2025-05-16,Hyderabad,Hyderabad,Visakhapatnam,417.4,Books,6,3.29,Express,Xpressbees,3084.73,284.83,10.58,2025-05-18,2025-05-20,2025-05-20,Delivered,5.0,No,No,2,0,7.390344992812651,3369.56,1
ORD101476,CUST10131,2025-07-03,Hyderabad,Hyderabad,Lucknow,582.3,Books,6,2.95,Road,Blue Dart,2653.86,569.05,8.73,2025-07-05,2025-07-10,2025-07-10,Delivered,4.0,No,No,5,0,4.557547655847502,3222.91,1
ORD104015,CUST10869,2025-07-10,Chennai,Chennai,Mumbai,157.0,Clothing,2,5.59,Air,Xpressbees,1463.91,160.89,7.12,2025-07-12,2025-07-14,2025-07-17,Delayed,3.0,No,No,5,3,9.324267515923568,1624.8000000000002,0
ORD100823,CUST12322,2025-03-09,Mumbai,Mumbai,Coimbatore,347.8,Beauty,4,1.02,Rail,Blue Dart,1122.63,333.54,10.19,2025-03-11,2025-03-16,2025-03-18,Delayed,3.0,No,No,7,2,3.227803335250144,1456.17,0
ORD102419,CUST10084,2025-02-22,Delhi,Delhi,Kochi,495.8,Electronics,5,0.58,Road,Dtdc,2120.05,528.19,9.11,2025-02-24,2025-03-02,2025-03-02,Delivered,4.0,No,No,6,0,4.276018555869302,2648.2400000000002,1
ORD100847,CUST10628,2025-10-14,Mumbai,Mumbai,Ahmedabad,215.9,Books,7,3.53,Air,Delhivery,2112.65,251.54,11.8,2025-10-16,2025-10-19,2025-10-19,Delivered,5.0,No,No,3,0,9.785317276516906,2364.19,1
ORD102970,CUST12460,2025-07-16,Hyderabad,Hyderabad,Kolkata,513.5,Clothing,3,3.08,Air,Ecom Express,4783.96,500.51,8.74,2025-07-18,2025-07-20,2025-07-20,Delivered,5.0,No,No,2,0,9.316377799415774,5284.47,1
ORD104681,CUST10903,2025-05-01,Bengaluru,Bengaluru,Surat,661.9,Automotive,6,17.32,Air,Shadowfax,6328.26,666.63,4.64,2025-05-02,2025-05-05,2025-05-08,Delayed,4.0,No,No,6,3,9.560749357909051,6994.89,0
ORD103747,CUST11985,2025-03-02,Mumbai,Mumbai,Hyderabad,582.0,Beauty,5,0.61,Express,Dtdc,4068.88,578.53,9.05,2025-03-04,2025-03-08,2025-03-08,Delivered,4.0,No,No,4,0,6.991202749140894,4647.41,1
ORD102498,CUST12149,2025-03-13,Hyderabad,Hyderabad,Visakhapatnam,1038.9,Grocery,7,5.54,Air,Ecom Express,9530.85,1061.62,7.6,2025-03-14,2025-03-19,2025-03-19,Delivered,3.0,No,No,5,0,9.173982096448166,10592.470000000001,1
ORD104400,CUST11309,2025-01-30,Delhi,Delhi,Bengaluru,341.6,Home & Kitchen,1,5.32,Air,Shadowfax,3091.14,398.42,5.73,2025-02-01,2025-02-03,2025-02-03,Delivered,3.0,No,No,2,0,9.049004683840748,3489.56,1
ORD102581,CUST10204,2025-08-29,Chennai,Chennai,Kolkata,222.3,Sports,6,8.4,Road,Blue Dart,1056.81,275.67,7.32,2025-08-31,2025-09-05,2025-09-12,Delayed,3.0,No,No,12,7,4.753981106612685,1332.48,0
ORD102258,CUST10923,2025-07-26,Pune,Pune,Kolkata,340.9,Beauty,4,1.32,Road,Shadowfax,1474.41,284.05,9.06,2025-07-28,2025-08-02,2025-08-02,Delivered,5.0,No,No,5,0,4.325051334702259,1758.46,1
ORD102140,CUST11054,2025-11-25,Pune,Pune,Jaipur,431.1,Home & Kitchen,7,2.56,Rail,Shadowfax,1622.67,299.99,5.3,2025-11-27,2025-12-03,2025-12-03,Delivered,4.0,No,No,6,0,3.7640222686151703,1922.66,1
ORD100121,CUST11605,2025-11-17,Bengaluru,Bengaluru,Bhopal,283.2,Automotive,4,2.35,Rail,Dtdc,999.37,268.73,9.93,2025-11-19,2025-11-25,2025-11-27,Delayed,4.0,No,No,8,2,3.5288488700564975,1268.1,0
ORD102827,CUST10078,2025-10-31,Pune,Pune,Lucknow,277.8,Beauty,6,0.71,Express,Delhivery,2117.37,251.86,10.03,2025-11-02,2025-11-06,2025-11-06,Delivered,3.0,No,No,4,0,7.621922246220302,2369.23,1
ORD101526,CUST11648,2025-05-30,Mumbai,Mumbai,Coimbatore,84.5,Grocery,1,9.67,Road,Delhivery,280.27,106.28,11.92,2025-06-02,2025-06-06,2025-06-06,Delivered,4.0,No,No,4,0,3.3168047337278104,386.54999999999995,1
ORD102728,CUST10392,2025-11-04,Hyderabad,Hyderabad,Pune,633.9,Books,4,5.55,Road,Shadowfax,2930.99,567.46,4.61,2025-11-06,2025-11-12,2025-11-12,Delivered,5.0,No,No,6,0,4.623741915128569,3498.45,1
ORD103220,CUST12300,2025-10-28,Hyderabad,Hyderabad,Kolkata,225.8,Electronics,2,6.47,Rail,Delhivery,786.03,219.74,8.07,2025-10-30,2025-11-04,2025-11-04,Delivered,3.0,No,No,5,0,3.481089459698848,1005.77,1
ORD103593,CUST12333,2025-03-16,Mumbai,Mumbai,Pune,672.0,Sports,7,4.39,Rail,Shadowfax,2296.2,660.84,8.92,2025-03-18,2025-03-24,2025-03-31,Delayed,4.0,No,No,13,7,3.4169642857142852,2957.04,0
ORD100802,CUST11221,2025-04-02,Pune,Pune,Chennai,503.1,Books,3,2.56,Air,Xpressbees,4551.55,401.97,12.29,2025-04-05,2025-04-07,2025-04-07,Delivered,4.0,No,No,2,0,9.047008547008547,4953.52,1
ORD102018,CUST12736,2025-07-13,Pune,Pune,Bengaluru,515.0,Automotive,4,3.77,Air,Shadowfax,4750.0,502.34,7.09,2025-07-14,2025-07-18,2025-07-18,Delivered,5.0,No,No,4,0,9.223300970873787,5252.34,1
ORD104895,CUST10105,2025-05-25,Pune,Pune,Vijayawada,226.9,Books,7,2.24,Road,Blue Dart,1053.44,188.98,6.47,2025-05-27,2025-05-31,2025-05-31,Delivered,4.0,No,No,4,0,4.642750110180696,1242.42,1
ORD102110,CUST12650,2025-10-02,Bengaluru,Bengaluru,Visakhapatnam,423.4,Grocery,6,6.24,Road,Blue Dart,1906.15,421.07,7.17,2025-10-04,2025-10-09,2025-10-09,Delivered,4.0,No,No,5,0,4.5020075578649035,2327.2200000000003,1
ORD102916,CUST12362,2025-11-14,Hyderabad,Hyderabad,Kolkata,475.1,Books,3,8.14,Rail,Dtdc,1649.13,364.81,7.67,2025-11-16,2025-11-22,2025-11-23,Delayed,5.0,No,No,7,1,3.4711218690801937,2013.94,0
ORD100474,CUST10053,2025-09-20,Mumbai,Mumbai,Ahmedabad,279.7,Clothing,6,1.52,Road,Ecom Express,1376.03,215.49,15.06,2025-09-23,2025-09-27,2025-09-29,Delayed,3.0,No,Yes,6,2,4.919663925634609,1591.52,0
ORD101299,CUST10953,2025-02-19,Bengaluru,Bengaluru,Bhopal,819.5,Automotive,4,3.6,Express,Blue Dart,5732.6,709.3,6.01,2025-02-22,2025-02-26,2025-02-26,Delivered,4.0,No,No,4,0,6.995241000610129,6441.900000000001,1
ORD103792,CUST10786,2025-08-24,Pune,Pune,Visakhapatnam,239.0,Beauty,4,5.52,Air,Shadowfax,2249.03,85.12,13.34,2025-08-26,2025-08-28,2025-08-28,Delivered,5.0,No,No,2,0,9.410167364016738,2334.15,1
ORD102851,CUST11371,2025-06-18,Delhi,Delhi,Chennai,924.1,Beauty,2,6.4,Road,Dtdc,4008.11,706.91,9.22,2025-06-20,2025-06-27,2025-06-27,Delivered,5.0,No,No,7,0,4.337311979223028,4715.02,1
ORD100151,CUST12661,2025-07-04,Pune,Pune,Delhi,230.8,Grocery,2,3.12,Rail,Blue Dart,876.58,167.58,10.57,2025-07-06,2025-07-11,2025-07-11,Delivered,4.0,No,No,5,0,3.798006932409012,1044.16,1
ORD100281,CUST11461,2025-08-28,Mumbai,Mumbai,Kolkata,255.6,Clothing,4,3.42,Rail,Xpressbees,971.5,232.87,10.1,2025-08-30,2025-09-05,2025-09-05,Delivered,4.0,No,No,6,0,3.8008607198748043,1204.37,1
ORD104081,CUST10730,2025-08-02,Delhi,Delhi,Bhopal,223.4,Electronics,3,1.14,Express,Shadowfax,1540.64,203.78,12.72,2025-08-05,2025-08-09,2025-08-09,Delivered,4.0,No,No,4,0,6.89632945389436,1744.42,1
ORD100538,CUST10069,2025-07-08,Hyderabad,Hyderabad,Nagpur,182.3,Automotive,6,2.12,Road,Blue Dart,875.46,196.46,3.06,2025-07-10,2025-07-16,2025-07-16,Delivered,5.0,No,No,6,0,4.8023038946791,1071.92,1
ORD101173,CUST10023,2025-09-20,Hyderabad,Hyderabad,Unknown,581.0,Books,4,17.61,Road,Xpressbees,2719.9,540.64,7.62,2025-09-22,2025-09-28,2025-10-04,Delayed,3.0,No,No,12,6,4.6814113597246125,3260.54,0
ORD103869,CUST10138,2025-05-19,Hyderabad,Hyderabad,Pune,597.4,Grocery,2,9.67,Rail,Xpressbees,2208.85,543.63,3.29,2025-05-20,2025-05-26,2025-05-26,Delivered,4.0,No,No,6,0,3.697438901908269,2752.48,1
ORD104487,CUST10096,2025-10-11,Mumbai,Mumbai,Chennai,363.4,Books,3,1.53,Road,Ecom Express,1529.1,263.63,7.55,2025-10-13,2025-10-19,2025-10-19,Delivered,4.0,No,No,6,0,4.2077600440286185,1792.73,1
ORD100075,CUST12202,2025-03-12,Pune,Pune,Jaipur,189.4,Grocery,7,4.3,Road,Xpressbees,834.01,99.33,8.21,2025-03-14,2025-03-18,2025-03-18,Delivered,4.0,No,No,4,0,4.403431890179514,933.34,1
ORD100586,CUST11882,2025-08-05,Pune,Pune,Chennai,394.1,Automotive,4,4.39,Express,Delhivery,2898.5,315.17,7.8,2025-08-07,2025-08-12,2025-08-12,Delivered,4.0,No,No,5,0,7.354732301446333,3213.67,1
ORD101521,CUST10603,2025-11-29,Chennai,Chennai,Mumbai,131.8,Home & Kitchen,1,2.18,Rail,Dtdc,575.88,133.96,6.61,2025-12-01,2025-12-06,2025-12-08,Delayed,4.0,No,No,7,2,4.369347496206373,709.84,0
ORD101314,CUST10127,2025-07-17,Mumbai,Mumbai,Lucknow,483.2,Sports,6,1.89,Air,Ecom Express,4413.57,287.9,4.52,2025-07-19,2025-07-22,2025-07-22,Delivered,4.0,No,No,3,0,9.134043874172185,4701.469999999999,1
ORD100600,CUST11319,2025-12-01,Hyderabad,Hyderabad,Mumbai,183.5,Clothing,2,4.15,Express,Shadowfax,1426.72,163.17,5.76,2025-12-03,2025-12-07,2025-12-07,Delivered,3.0,No,No,4,0,7.775040871934605,1589.89,1
ORD101770,CUST10987,2025-02-16,Mumbai,Mumbai,Lucknow,476.3,Automotive,2,7.28,Road,Shadowfax,2104.48,417.17,8.47,2025-02-19,2025-02-23,2025-02-23,Delivered,5.0,No,No,4,0,4.418391769892924,2521.65,1
ORD103967,CUST12752,2025-01-31,Mumbai,Mumbai,Jaipur,477.8,Grocery,7,5.22,Air,Xpressbees,4545.42,415.13,5.25,2025-02-02,2025-02-05,2025-02-10,Delayed,3.0,No,No,8,5,9.513227291753871,4960.55,0
ORD101202,CUST11992,2025-11-05,Chennai,Chennai,Vijayawada,72.1,Home & Kitchen,3,6.25,Road,Blue Dart,462.94,50.42,8.91,2025-11-07,2025-11-12,2025-11-12,Delivered,4.0,No,No,5,0,6.420804438280167,513.36,1
ORD100302,CUST11436,2025-08-21,Hyderabad,Hyderabad,Visakhapatnam,646.9,Beauty,2,4.15,Express,Xpressbees,4710.14,369.09,6.7,2025-08-22,2025-08-26,2025-08-26,Delivered,5.0,No,No,4,0,7.281094450456022,5079.2300000000005,1
ORD103558,CUST12147,2025-04-21,Mumbai,Mumbai,Kolkata,462.2,Clothing,1,5.91,Rail,Xpressbees,1662.09,454.68,6.74,2025-04-23,2025-04-29,2025-04-29,Delivered,4.0,No,No,6,0,3.5960406750324534,2116.77,1
ORD102952,CUST12479,2025-10-31,Delhi,Delhi,Nagpur,484.6,Clothing,4,2.33,Road,Xpressbees,2084.86,360.6,8.61,2025-11-02,2025-11-07,2025-11-10,Delayed,3.0,No,No,8,3,4.3022286421791165,2445.46,0
ORD104402,CUST11547,2025-10-16,Chennai,Chennai,Nagpur,853.7,Home & Kitchen,2,5.89,Road,Dtdc,3653.77,726.61,4.36,2025-10-18,2025-10-25,2025-10-28,Delayed,3.0,No,No,10,3,4.279922689469369,4380.38,0
ORD101050,CUST11047,2025-07-06,Bengaluru,Bengaluru,Indore,379.5,Beauty,2,3.99,Express,Ecom Express,2732.94,310.4,7.33,2025-07-08,2025-07-12,2025-07-16,Delayed,3.0,Yes,No,8,4,7.201422924901186,3043.34,0
ORD100443,CUST11405,2025-07-07,Pune,Pune,Visakhapatnam,576.0,Electronics,7,5.11,Rail,Blue Dart,2146.53,595.58,9.41,2025-07-09,2025-07-17,2025-07-17,Delivered,4.0,No,No,8,0,3.7266145833333337,2742.11,1
ORD104885,CUST12296,2025-08-04,Hyderabad,Hyderabad,Kochi,278.1,Automotive,4,14.23,Air,Delhivery,2752.25,312.4,10.91,2025-08-07,2025-08-11,2025-08-12,Delayed,3.0,No,No,5,1,9.896619920891764,3064.65,0
ORD104988,CUST10941,2025-08-22,Hyderabad,Hyderabad,Surat,446.8,Home & Kitchen,6,3.32,Express,Delhivery,3311.82,536.04,6.82,2025-08-24,2025-08-31,2025-08-31,Delivered,4.0,No,No,7,0,7.41230975828111,3847.86,1
ORD100941,CUST12241,2025-11-30,Mumbai,Mumbai,Coimbatore,480.1,Grocery,2,11.39,Rail,Shadowfax,1744.43,435.56,10.05,2025-12-03,2025-12-11,2025-12-14,Delayed,3.0,No,No,11,3,3.633472193293064,2179.9900000000002,0
ORD104623,CUST12685,2025-06-19,Delhi,Delhi,Pune,255.8,Books,6,13.78,Road,Ecom Express,1410.38,186.96,12.49,2025-06-22,2025-06-28,2025-06-28,Delivered,4.0,No,No,6,0,5.513604378420641,1597.3400000000001,1
ORD101032,CUST12541,2025-11-29,Pune,Pune,Surat,504.8,Automotive,5,5.04,Air,Delhivery,4697.7,604.29,6.61,2025-12-01,2025-12-03,2025-12-03,Delivered,5.0,No,No,2,0,9.306061806656102,5301.99,1
ORD101928,CUST11291,2025-11-20,Delhi,Delhi,Hyderabad,493.0,Automotive,2,1.53,Road,Blue Dart,2273.82,340.3,11.19,2025-11-23,2025-11-29,2025-11-29,Delivered,5.0,No,No,6,0,4.612210953346857,2614.1200000000003,1
ORD103238,CUST11232,2025-03-02,Hyderabad,Hyderabad,Mumbai,357.9,Grocery,4,12.86,Road,Blue Dart,1664.31,263.25,5.62,2025-03-04,2025-03-10,2025-03-10,Delivered,4.0,No,No,6,0,4.650209555741827,1927.56,1
ORD104312,CUST11281,2025-10-10,Chennai,Chennai,Bhopal,495.1,Sports,4,1.88,Road,Shadowfax,2075.99,391.03,7.89,2025-10-12,2025-10-20,2025-10-20,Delivered,5.0,No,No,8,0,4.193072106645122,2467.0199999999995,1
ORD101315,CUST11861,2025-02-15,Mumbai,Mumbai,Coimbatore,337.6,Sports,1,1.15,Rail,Ecom Express,997.05,318.08,4.07,2025-02-16,2025-02-22,2025-02-22,Delivered,5.0,No,No,6,0,2.9533471563981037,1315.1299999999999,1
ORD104233,CUST12353,2025-04-01,Hyderabad,Hyderabad,Visakhapatnam,193.0,Books,3,4.52,Road,Blue Dart,847.8,149.41,7.06,2025-04-03,2025-04-07,2025-04-07,Delivered,4.0,No,No,4,0,4.392746113989637,997.2099999999999,1
ORD100192,CUST10036,2025-02-27,Pune,Pune,Delhi,345.5,Clothing,6,4.16,Road,Blue Dart,1730.76,290.24,8.33,2025-03-01,2025-03-06,2025-03-06,Delivered,4.0,No,No,5,0,5.009435600578871,2021.0,1
ORD101522,CUST12618,2025-11-09,Bengaluru,Bengaluru,Visakhapatnam,329.0,Automotive,6,4.19,Express,Blue Dart,2443.4,325.69,10.31,2025-11-12,2025-11-16,2025-11-16,Delivered,4.0,No,No,4,0,7.426747720364742,2769.09,1
ORD104919,CUST11263,2025-03-25,Delhi,Delhi,Visakhapatnam,290.8,Sports,7,6.35,Rail,Blue Dart,1083.67,198.93,12.39,2025-03-29,2025-04-03,2025-04-03,Delivered,4.0,No,No,5,0,3.7265130674002753,1282.6000000000001,1
ORD100805,CUST11873,2025-02-03,Chennai,Chennai,Visakhapatnam,230.3,Automotive,4,16.73,Road,Shadowfax,1319.2,189.42,5.8,2025-02-05,2025-02-10,2025-02-10,Delivered,4.0,No,No,5,0,5.72818063395571,1508.6200000000001,1
ORD102954,CUST12438,2025-01-29,Pune,Pune,Indore,267.6,Automotive,3,10.99,Rail,Dtdc,1067.86,200.21,6.72,2025-02-01,2025-02-07,2025-02-09,Delayed,4.0,No,No,8,2,3.9905082212257095,1268.07,0
ORD100645,CUST12630,2025-03-11,Delhi,Delhi,Mumbai,385.8,Sports,5,0.45,Air,Blue Dart,3443.71,403.25,9.65,2025-03-13,2025-03-16,2025-03-16,Delivered,5.0,No,Yes,3,0,8.926153447382063,3846.96,1
ORD104546,CUST10490,2025-05-13,Hyderabad,Hyderabad,Chennai,304.0,Sports,4,5.58,Express,Ecom Express,2336.96,203.37,7.84,2025-05-15,2025-05-20,2025-05-20,Delivered,5.0,No,No,5,0,7.687368421052632,2540.33,1
ORD102364,CUST11264,2025-08-24,Pune,Pune,Delhi,108.4,Sports,4,4.31,Express,Ecom Express,898.08,172.27,11.59,2025-08-27,2025-08-31,2025-08-31,Delivered,4.0,No,No,4,0,8.284870848708486,1070.3500000000001,1
ORD103016,CUST10936,2025-08-22,Bengaluru,Bengaluru,Kochi,637.7,Beauty,3,7.38,Rail,Blue Dart,2304.82,521.39,8.52,2025-08-25,2025-09-03,2025-09-03,Delivered,5.0,No,No,9,0,3.614270032930845,2826.21,1
ORD103609,CUST12614,2025-10-27,Delhi,Delhi,Kochi,404.9,Books,7,6.0,Road,Delhivery,1925.93,283.05,11.77,2025-10-30,2025-11-06,2025-11-06,Delivered,4.0,No,Yes,7,0,4.756557174611015,2208.98,1
ORD100408,CUST10207,2025-05-22,Mumbai,Mumbai,Chennai,245.5,Home & Kitchen,4,13.85,Air,Blue Dart,2403.62,248.09,10.32,2025-05-25,2025-05-28,2025-05-28,Delivered,4.0,No,No,3,0,9.79071283095723,2651.71,1
ORD103780,CUST11633,2025-09-06,Delhi,Delhi,Mumbai,416.5,Electronics,7,2.43,Road,Delhivery,1898.96,435.98,8.0,2025-09-07,2025-09-12,2025-09-12,Delivered,4.0,No,No,5,0,4.559327731092437,2334.94,1
ORD100827,CUST12709,2025-02-25,Bengaluru,Bengaluru,Bhopal,361.2,Beauty,7,6.97,Road,Delhivery,1760.66,224.58,10.84,2025-02-27,2025-03-05,2025-03-10,Delayed,4.0,No,No,11,5,4.874473975636767,1985.24,0
ORD103851,CUST12540,2025-10-26,Bengaluru,Bengaluru,Coimbatore,1285.7,Clothing,6,4.22,Rail,Shadowfax,4295.48,1267.95,7.69,2025-10-28,2025-11-05,2025-11-05,Delivered,4.0,No,No,8,0,3.3409660107334522,5563.429999999999,1
ORD102734,CUST10155,2025-10-30,Bengaluru,Bengaluru,Coimbatore,139.2,Automotive,2,5.42,Road,Xpressbees,595.0,95.59,7.13,2025-11-01,2025-11-05,2025-11-05,Delivered,5.0,No,No,4,0,4.274425287356322,690.59,1
ORD100099,CUST10591,2025-02-04,Hyderabad,Hyderabad,Pune,200.7,Automotive,7,2.1,Express,Blue Dart,1379.73,182.72,8.04,2025-02-06,2025-02-09,2025-02-09,Delivered,4.0,No,No,3,0,6.8745889387145,1562.45,1
ORD102462,CUST10135,2025-01-06,Chennai,Chennai,Bhopal,362.8,Beauty,7,3.57,Road,Ecom Express,1542.82,292.34,12.56,2025-01-09,2025-01-14,2025-01-15,Delayed,4.0,No,No,6,1,4.252535832414553,1835.1599999999999,0
ORD104124,CUST12505,2025-01-19,Bengaluru,Bengaluru,Delhi,118.5,Sports,5,14.23,Road,Xpressbees,711.35,171.25,7.03,2025-01-21,2025-01-24,2025-01-24,Delivered,4.0,No,No,3,0,6.002953586497891,882.6,1
ORD103511,CUST12704,2025-12-19,Bengaluru,Bengaluru,Kochi,145.4,Clothing,6,9.35,Road,Dtdc,816.37,135.21,9.72,2025-12-22,2025-12-27,2025-12-27,Delivered,5.0,No,No,5,0,5.6146492434663,951.58,1
ORD100345,CUST10187,2025-07-07,Chennai,Chennai,Kolkata,811.5,Clothing,6,4.33,Air,Delhivery,7442.84,849.17,7.37,2025-07-10,2025-07-14,2025-07-21,Delayed,4.0,No,No,11,7,9.171706715958102,8292.01,0
ORD104272,CUST12628,2025-07-27,Hyderabad,Hyderabad,Chennai,271.8,Books,4,9.44,Road,Blue Dart,1423.17,304.05,6.48,2025-07-28,2025-08-03,2025-08-03,Delivered,4.0,No,No,6,0,5.236092715231788,1727.22,1
ORD103797,CUST11624,2025-06-05,Mumbai,Mumbai,Bengaluru,723.9,Home & Kitchen,6,3.64,Road,Ecom Express,3259.93,535.76,8.71,2025-06-07,2025-06-13,2025-06-13,Delivered,4.0,No,No,6,0,4.503287746926371,3795.6899999999996,1
ORD104587,CUST12151,2025-10-14,Delhi,Delhi,Mumbai,339.1,Books,4,1.7,Rail,Xpressbees,1266.64,313.62,6.96,2025-10-16,2025-10-22,2025-10-23,Delayed,3.0,No,No,7,1,3.735299321734002,1580.2600000000002,0
ORD100126,CUST12768,2025-06-28,Chennai,Chennai,Pune,289.8,Automotive,1,2.08,Road,Blue Dart,1168.94,292.88,5.45,2025-06-30,2025-07-07,2025-07-07,Delivered,5.0,No,No,7,0,4.033609385783299,1461.8200000000002,1
ORD102397,CUST12435,2025-01-04,Bengaluru,Bengaluru,Kolkata,528.0,Clothing,5,6.6,Rail,Blue Dart,1732.83,424.95,7.84,2025-01-06,2025-01-12,2025-01-12,Delivered,4.0,No,No,6,0,3.281875,2157.7799999999997,1
ORD100426,CUST11197,2025-06-17,Pune,Pune,Delhi,524.2,Clothing,7,5.47,Road,Dtdc,2334.64,510.86,9.77,2025-06-20,2025-06-26,2025-06-30,Delayed,3.0,No,No,10,4,4.453719954215948,2845.5,0
ORD100268,CUST10636,2025-10-16,Chennai,Chennai,Visakhapatnam,642.2,Sports,2,5.52,Air,Ecom Express,5965.49,520.77,3.55,2025-10-17,2025-10-22,2025-10-22,Delivered,5.0,No,No,5,0,9.289146683276236,6486.26,1
ORD103348,CUST12399,2025-08-18,Chennai,Chennai,Jaipur,761.9,Electronics,7,3.66,Road,Xpressbees,3374.08,812.83,9.44,2025-08-21,2025-08-27,2025-08-28,Delayed,3.0,No,No,7,1,4.428507678172989,4186.91,0
ORD103001,CUST12513,2025-03-23,Chennai,Chennai,Kochi,1197.7,Clothing,5,4.3,Road,Dtdc,5156.76,1344.47,10.44,2025-03-25,2025-04-02,2025-04-05,Delayed,3.0,No,No,11,3,4.305552308591467,6501.2300000000005,0
ORD102225,CUST11550,2025-12-08,Pune,Pune,Vijayawada,305.3,Home & Kitchen,5,4.96,Road,Shadowfax,1361.03,331.84,6.33,2025-12-10,2025-12-15,2025-12-15,Delivered,5.0,No,No,5,0,4.45800851621356,1692.87,1
ORD103650,CUST11759,2025-09-01,Hyderabad,Hyderabad,Visakhapatnam,198.3,Home & Kitchen,6,12.98,Road,Blue Dart,1072.27,198.43,11.1,2025-09-04,2025-09-08,2025-09-08,Delivered,3.0,No,No,4,0,5.407312153303076,1270.7,1
ORD100248,CUST10151,2025-05-01,Chennai,Chennai,Indore,237.7,Books,2,5.61,Road,Ecom Express,1139.54,294.63,7.98,2025-05-03,2025-05-08,2025-05-08,Delivered,4.0,No,No,5,0,4.7940260832982755,1434.17,1
ORD102897,CUST10914,2025-10-25,Delhi,Delhi,Hyderabad,285.2,Grocery,1,3.95,Road,Blue Dart,1129.28,280.0,6.89,2025-10-27,2025-11-03,2025-11-03,Delivered,3.0,No,No,7,0,3.95960729312763,1409.28,1
ORD101463,CUST10551,2025-06-04,Bengaluru,Bengaluru,Hyderabad,1014.4,Books,1,6.03,Rail,Xpressbees,3330.57,807.65,9.23,2025-06-07,2025-06-15,2025-06-15,Delivered,4.0,No,No,8,0,3.283290615141956,4138.22,1
ORD104871,CUST10107,2025-09-01,Bengaluru,Bengaluru,Kolkata,305.8,Beauty,3,5.6,Rail,Blue Dart,1181.62,245.04,5.78,2025-09-03,2025-09-10,2025-09-10,Delivered,4.0,No,No,7,0,3.864028776978417,1426.6599999999999,1
ORD104689,CUST11476,2025-03-13,Pune,Pune,Kolkata,131.7,Home & Kitchen,2,2.84,Air,Dtdc,1322.6,118.06,8.76,2025-03-16,2025-03-19,2025-03-19,Delivered,4.0,No,No,3,0,10.042520880789674,1440.6599999999999,1
ORD100093,CUST10419,2025-02-01,Hyderabad,Hyderabad,Vijayawada,818.0,Beauty,5,3.24,Road,Ecom Express,3493.57,628.02,8.4,2025-02-04,2025-02-11,2025-02-13,Delayed,3.0,No,No,9,2,4.270867970660147,4121.59,0
ORD104971,CUST10140,2025-08-24,Delhi,Delhi,Pune,396.3,Home & Kitchen,2,9.31,Road,Blue Dart,1939.59,314.92,6.79,2025-08-26,2025-09-02,2025-09-02,Delivered,5.0,No,No,7,0,4.894246782740348,2254.5099999999998,1
ORD102211,CUST12354,2025-07-30,Mumbai,Mumbai,Kochi,450.2,Electronics,7,2.54,Road,Shadowfax,2035.72,452.03,11.95,2025-08-01,2025-08-08,2025-08-08,Delivered,5.0,No,No,7,0,4.521812527765438,2487.75,1
ORD103794,CUST12421,2025-03-18,Hyderabad,Hyderabad,Bengaluru,317.9,Sports,1,1.15,Road,Delhivery,1324.57,260.5,12.15,2025-03-21,2025-03-26,2025-03-26,Delivered,4.0,No,No,5,0,4.166624724756213,1585.07,1
ORD101273,CUST10993,2025-02-06,Pune,Pune,Coimbatore,492.4,Grocery,1,5.84,Rail,Shadowfax,1738.41,493.33,5.82,2025-02-08,2025-02-15,2025-02-15,Delivered,5.0,No,No,7,0,3.5304833468724617,2231.7400000000002,1
ORD104822,CUST11764,2025-05-15,Chennai,Chennai,Surat,617.8,Automotive,3,6.81,Road,Dtdc,2717.04,520.72,3.07,2025-05-17,2025-05-22,2025-05-22,Delivered,5.0,No,No,5,0,4.39792813208158,3237.76,1
ORD104843,CUST12631,2025-04-12,Bengaluru,Bengaluru,Lucknow,572.7,Books,2,8.29,Road,Dtdc,2643.85,522.57,12.98,2025-04-15,2025-04-21,2025-04-21,Delivered,4.0,No,No,6,0,4.616465863453815,3166.42,1
ORD102384,CUST12243,2025-04-02,Chennai,Chennai,Mumbai,91.9,Books,4,9.49,Air,Xpressbees,1007.29,59.37,6.78,2025-04-05,2025-04-07,2025-04-07,Delivered,4.0,No,No,2,0,10.960718171926006,1066.6599999999999,1
ORD103773,CUST11368,2025-01-11,Chennai,Chennai,Indore,858.5,Books,2,7.31,Road,Shadowfax,3728.93,855.05,11.11,2025-01-13,2025-01-20,2025-01-20,Delivered,4.0,No,No,7,0,4.343541059988351,4583.98,1
ORD102086,CUST10678,2025-11-21,Hyderabad,Hyderabad,Kochi,233.6,Home & Kitchen,2,4.24,Rail,Delhivery,799.43,196.63,5.98,2025-11-22,2025-11-28,2025-11-28,Delivered,3.0,No,No,6,0,3.4222174657534246,996.06,1
ORD104330,CUST12661,2025-07-28,Chennai,Chennai,Nagpur,128.1,Beauty,1,22.26,Express,Ecom Express,1182.2,124.44,3.98,2025-07-29,2025-08-01,2025-08-01,Delivered,5.0,No,No,3,0,9.228727556596409,1306.64,1
ORD103097,CUST10168,2025-03-18,Hyderabad,Hyderabad,Chennai,459.5,Sports,3,15.29,Road,Delhivery,2022.43,438.32,9.05,2025-03-21,2025-03-26,2025-03-26,Delivered,5.0,No,No,5,0,4.401371055495104,2460.75,1
ORD104762,CUST11053,2025-04-02,Pune,Pune,Kochi,510.1,Books,2,5.37,Air,Xpressbees,4672.52,335.78,7.61,2025-04-03,2025-04-06,2025-04-12,Delayed,3.0,No,No,9,6,9.160007841599686,5008.3,0
ORD102083,CUST12207,2025-08-15,Hyderabad,Hyderabad,Surat,487.7,Beauty,3,6.65,Road,Shadowfax,0.0,481.66,2.85,2025-08-16,2025-08-20,2025-08-20,Delivered,4.0,No,No,4,0,0.0,481.66,1
ORD100153,CUST11895,2025-05-03,Pune,Pune,Hyderabad,162.8,Books,5,0.45,Express,Dtdc,1312.77,32.37,9.61,2025-05-06,2025-05-10,2025-05-10,Delivered,4.0,No,No,4,0,8.063697788697787,1345.1399999999999,1
ORD100407,CUST12769,2025-04-17,Pune,Pune,Visakhapatnam,243.5,Sports,2,0.44,Road,Ecom Express,985.77,218.04,11.21,2025-04-20,2025-04-24,2025-04-24,Delivered,3.0,No,No,4,0,4.048336755646817,1203.81,1
ORD100424,CUST11175,2025-08-17,Bengaluru,Bengaluru,Nagpur,487.2,Sports,4,2.36,Road,Delhivery,2183.1,484.57,11.38,2025-08-20,2025-08-26,2025-08-26,Delivered,4.0,No,No,6,0,4.480911330049261,2667.67,1
ORD104325,CUST12697,2025-05-16,Mumbai,Mumbai,Nagpur,370.0,Books,2,9.3,Express,Delhivery,2864.54,372.44,13.38,2025-05-19,2025-05-22,2025-05-22,Delivered,4.0,No,No,3,0,7.742,3236.98,1
ORD100935,CUST12060,2025-07-31,Pune,Pune,Surat,641.6,Beauty,2,5.24,Road,Blue Dart,2731.09,530.17,5.6,2025-08-02,2025-08-08,2025-08-10,Delayed,3.0,No,No,8,2,4.256686408977556,3261.26,0
ORD100466,CUST11443,2025-01-11,Bengaluru,Bengaluru,Hyderabad,401.5,Books,5,3.96,Road,Dtdc,1873.07,467.31,7.02,2025-01-13,2025-01-20,2025-01-20,Delivered,5.0,No,No,7,0,4.665180572851805,2340.38,1
ORD100025,CUST10710,2025-10-21,Bengaluru,Bengaluru,Kochi,474.0,Electronics,2,6.64,Express,Blue Dart,3493.28,361.02,6.66,2025-10-23,2025-10-27,2025-10-27,Delivered,5.0,No,No,4,0,7.369789029535865,3854.3,1
ORD102235,CUST11593,2025-02-26,Hyderabad,Hyderabad,Chennai,196.6,Home & Kitchen,3,7.07,Road,Xpressbees,866.77,113.9,6.58,2025-02-28,2025-03-03,2025-03-03,Delivered,4.0,No,No,3,0,4.408799593082401,980.67,1
ORD103728,CUST10098,2025-03-25,Hyderabad,Hyderabad,Surat,164.7,Books,2,4.49,Rail,Dtdc,636.37,178.57,8.14,2025-03-28,2025-04-04,2025-04-04,Delivered,4.0,No,No,7,0,3.8638129933211904,814.94,1
ORD101388,CUST11862,2025-05-16,Delhi,Delhi,Nagpur,169.5,Beauty,4,4.23,Rail,Dtdc,712.28,106.54,11.07,2025-05-19,2025-05-24,2025-05-24,Delivered,5.0,No,No,5,0,4.202241887905605,818.8199999999999,1
ORD104803,CUST12216,2025-12-30,Bengaluru,Bengaluru,Mumbai,765.8,Books,4,6.67,Road,Ecom Express,3383.2,632.75,5.17,2026-01-01,2026-01-07,2026-01-07,Delivered,4.0,No,No,6,0,4.417863671977018,4015.95,1
ORD103517,CUST11710,2025-11-16,Pune,Pune,Mumbai,291.7,Sports,6,3.21,Road,Ecom Express,1364.02,227.53,10.26,2025-11-18,2025-11-23,2025-11-23,Delivered,5.0,No,No,5,0,4.676105587932808,1591.55,1
ORD100397,CUST10878,2025-01-03,Mumbai,Mumbai,Bengaluru,612.2,Automotive,4,11.85,Air,Blue Dart,5739.83,568.41,7.48,2025-01-06,2025-01-10,2025-01-10,Delivered,4.0,No,No,4,0,9.375743221169552,6308.24,1
ORD104959,CUST11298,2025-12-07,Chennai,Chennai,Bhopal,840.2,Grocery,1,4.17,Road,Delhivery,3532.78,689.03,8.3,2025-12-09,2025-12-15,2025-12-15,Delivered,4.0,No,No,6,0,4.204689359676268,4221.81,1
ORD101555,CUST12366,2025-10-08,Bengaluru,Bengaluru,Coimbatore,187.2,Sports,7,10.01,Express,Ecom Express,1505.21,133.87,11.46,2025-10-11,2025-10-15,2025-10-15,Delivered,5.0,No,No,4,0,8.04065170940171,1639.08,1
ORD103564,CUST12196,2025-05-03,Mumbai,Mumbai,Chennai,556.4,Automotive,5,5.22,Road,Xpressbees,2303.89,568.7,11.15,2025-05-06,2025-05-12,2025-05-12,Delivered,3.0,No,No,6,0,4.140708123652049,2872.59,1
ORD103813,CUST12485,2025-09-21,Delhi,Delhi,Hyderabad,290.2,Automotive,7,6.68,Rail,Blue Dart,1041.05,239.69,12.67,2025-09-24,2025-09-30,2025-09-30,Delivered,4.0,No,No,6,0,3.587353549276361,1280.74,1
ORD103732,CUST12276,2025-11-27,Pune,Pune,Bhopal,411.6,Home & Kitchen,5,9.65,Road,Dtdc,1934.86,391.68,10.7,2025-11-29,2025-12-04,2025-12-04,Delivered,4.0,No,No,5,0,4.700826044703596,2326.54,1
ORD101305,CUST11421,2025-06-13,Mumbai,Mumbai,Pune,241.7,Books,1,11.26,Express,Delhivery,1690.66,213.6,12.07,2025-06-16,2025-06-19,2025-06-19,Delivered,3.0,No,No,3,0,6.994869673148532,1904.26,1
ORD102111,CUST10109,2025-03-23,Hyderabad,Hyderabad,Mumbai,585.7,Automotive,2,15.16,Road,Blue Dart,2740.58,543.46,5.12,2025-03-25,2025-03-31,2025-03-31,Delivered,5.0,No,No,6,0,4.67915315007683,3284.04,1
ORD104012,CUST12365,2025-12-19,Delhi,Delhi,Lucknow,287.8,Books,2,1.77,Road,Blue Dart,1265.86,248.86,9.57,2025-12-21,2025-12-26,2025-12-26,Delivered,5.0,No,No,5,0,4.398401667824878,1514.7199999999998,1
ORD104368,CUST12459,2025-11-28,Chennai,Chennai,Kolkata,151.7,Automotive,6,6.19,Road,Shadowfax,740.48,164.09,4.79,2025-11-29,2025-12-03,2025-12-03,Delivered,4.0,No,No,4,0,4.881212920237311,904.57,1
ORD103548,CUST11640,2025-03-23,Bengaluru,Bengaluru,Lucknow,517.2,Sports,5,10.86,Road,Dtdc,2456.16,483.06,9.77,2025-03-25,2025-04-01,2025-04-01,Delivered,4.0,No,No,7,0,4.748955916473317,2939.22,1
ORD100923,CUST12346,2025-12-15,Bengaluru,Bengaluru,Surat,356.2,Clothing,3,3.8,Air,Dtdc,3181.42,409.95,9.73,2025-12-18,2025-12-21,2025-12-21,Delivered,4.0,No,No,3,0,8.931555306007862,3591.37,1
ORD101624,CUST12191,2025-04-07,Pune,Pune,Hyderabad,320.6,Automotive,1,3.13,Express,Shadowfax,2241.23,243.04,7.87,2025-04-09,2025-04-12,2025-04-12,Delivered,4.0,No,No,3,0,6.990736119775421,2484.27,1
ORD100630,CUST12484,2025-09-04,Pune,Pune,Indore,543.8,Electronics,5,0.95,Rail,Blue Dart,1776.83,374.77,6.51,2025-09-05,2025-09-13,2025-09-16,Delayed,3.0,No,No,11,3,3.267432879735197,2151.6,0
ORD100639,CUST10891,2025-06-24,Hyderabad,Hyderabad,Mumbai,1634.2,Automotive,2,5.92,Express,Delhivery,11443.09,1467.25,6.67,2025-06-27,2025-07-02,2025-07-02,Delivered,4.0,No,No,5,0,7.002257985558683,12910.34,1
ORD104198,CUST12643,2025-10-09,Pune,Pune,Visakhapatnam,394.9,Automotive,6,2.61,Road,Ecom Express,1829.05,243.21,7.73,2025-10-10,2025-10-15,2025-10-16,Delayed,4.0,No,No,6,1,4.631678906052166,2072.2599999999998,0
ORD102934,CUST10278,2025-10-13,Chennai,Chennai,Pune,512.9,Automotive,6,2.25,Road,Dtdc,2271.17,582.08,7.6,2025-10-15,2025-10-20,2025-10-22,Delayed,4.0,No,No,7,2,4.428095145252486,2853.25,0
ORD102768,CUST11341,2025-04-11,Bengaluru,Bengaluru,Vijayawada,666.9,Electronics,6,7.42,Road,Xpressbees,3010.45,667.23,5.18,2025-04-13,2025-04-19,2025-04-21,Delayed,2.0,No,No,8,2,4.514095066726646,3677.68,0
ORD102231,CUST10537,2025-08-22,Hyderabad,Hyderabad,Lucknow,159.7,Books,1,10.09,Road,Dtdc,923.61,157.35,8.93,2025-08-24,2025-08-27,2025-08-28,Delayed,4.0,No,No,4,1,5.78340638697558,1080.96,0
ORD102001,CUST11574,2025-09-12,Mumbai,Mumbai,Indore,880.1,Home & Kitchen,6,1.5,Road,Shadowfax,3893.44,723.52,11.39,2025-09-14,2025-09-21,2025-09-21,Delivered,4.0,No,No,7,0,4.423860924894898,4616.96,1
ORD103782,CUST10699,2025-05-11,Bengaluru,Bengaluru,Bhopal,240.5,Books,5,9.66,Road,Xpressbees,1077.63,227.4,6.84,2025-05-13,2025-05-17,2025-05-17,Delivered,4.0,No,No,4,0,4.480790020790021,1305.0300000000002,1
ORD101791,CUST11689,2025-06-15,Hyderabad,Hyderabad,Coimbatore,465.0,Grocery,7,4.12,Air,Delhivery,4239.59,452.36,4.64,2025-06-17,2025-06-19,2025-06-19,Delivered,4.0,No,No,2,0,9.117397849462366,4691.95,1
ORD102915,CUST11149,2025-12-22,Mumbai,Mumbai,Bhopal,0.0,Grocery,7,2.33,Road,Blue Dart,2684.05,447.88,9.99,2025-12-24,2025-12-29,2025-12-29,Delivered,5.0,No,No,5,0,0.0,3131.9300000000003,1
ORD100182,CUST10868,2025-12-05,Mumbai,Mumbai,Coimbatore,271.6,Beauty,3,5.31,Rail,Delhivery,1061.48,171.59,10.11,2025-12-07,2025-12-14,2025-12-15,Delayed,5.0,Yes,No,8,1,3.9082474226804123,1233.07,0
ORD102471,CUST11421,2025-02-03,Mumbai,Mumbai,Kolkata,281.4,Automotive,7,1.08,Rail,Shadowfax,1021.35,324.18,12.17,2025-02-06,2025-02-12,2025-02-12,Delivered,5.0,No,No,6,0,3.62953091684435,1345.53,1
ORD104317,CUST10844,2025-12-04,Mumbai,Mumbai,Vijayawada,773.8,Clothing,3,2.51,Road,Shadowfax,3409.15,831.19,9.33,2025-12-06,2025-12-12,2025-12-18,Delayed,5.0,No,No,12,6,4.405724993538382,4240.34,0
ORD101363,CUST10576,2025-07-17,Mumbai,Mumbai,Coimbatore,828.9,Home & Kitchen,7,6.12,Rail,Shadowfax,2783.29,580.26,12.73,2025-07-20,2025-07-28,2025-07-28,Delivered,5.0,No,No,8,0,3.3578115574858245,3363.55,1
ORD103338,CUST12312,2025-04-29,Pune,Pune,Hyderabad,380.1,Home & Kitchen,6,2.92,Road,Delhivery,1618.77,300.02,11.16,2025-05-02,2025-05-08,2025-05-08,Delivered,5.0,No,Yes,6,0,4.2588003157063925,1918.79,1
ORD101843,CUST10210,2025-03-04,Chennai,Chennai,Bhopal,463.6,Automotive,5,17.72,Air,Blue Dart,4460.35,414.25,8.38,2025-03-07,2025-03-10,2025-03-10,Delivered,4.0,No,No,3,0,9.62111734253667,4874.6,1
ORD100583,CUST12463,2025-09-19,Pune,Pune,Kochi,151.9,Home & Kitchen,4,3.77,Express,Xpressbees,1135.06,171.52,10.34,2025-09-21,2025-09-24,2025-09-24,Delivered,4.0,No,No,3,0,7.472416063199472,1306.58,1
ORD100430,CUST10372,2025-09-06,Pune,Pune,Jaipur,891.5,Beauty,4,22.92,Air,Shadowfax,8504.27,597.34,5.39,2025-09-08,2025-09-10,2025-09-10,Delivered,5.0,No,No,2,0,9.539282108805384,9101.61,1
ORD100557,CUST10450,2025-05-24,Hyderabad,Hyderabad,Lucknow,543.7,Clothing,1,2.4,Air,Xpressbees,4859.59,469.58,11.03,2025-05-25,2025-05-28,2025-05-28,Delivered,4.0,No,No,3,0,8.937998896450248,5329.17,1
ORD103227,CUST11602,2025-07-11,Delhi,Delhi,Visakhapatnam,590.0,Automotive,3,4.43,Road,Dtdc,2499.45,460.78,8.95,2025-07-14,2025-07-18,2025-07-18,Delivered,4.0,No,No,4,0,4.23635593220339,2960.2299999999996,1
ORD101812,CUST11040,2025-08-28,Chennai,Chennai,Coimbatore,799.4,Sports,3,11.46,Road,Blue Dart,3628.56,820.26,5.09,2025-08-29,2025-09-04,2025-09-04,Delivered,4.0,No,No,6,0,4.539104328246185,4448.82,1
ORD102470,CUST12467,2025-10-01,Pune,Pune,Delhi,531.3,Books,7,4.84,Road,Blue Dart,2356.07,599.35,10.29,2025-10-04,2025-10-09,2025-10-09,Delivered,5.0,No,No,5,0,4.434537925842275,2955.42,1
ORD100433,CUST11617,2025-08-19,Pune,Pune,Delhi,281.4,Grocery,4,25.53,Road,Delhivery,1527.71,289.28,11.87,2025-08-21,2025-08-26,2025-08-26,Delivered,5.0,No,No,5,0,5.428962331201138,1816.99,1
ORD103131,CUST10996,2025-05-04,Chennai,Chennai,Ahmedabad,383.3,Books,5,6.96,Express,Xpressbees,2958.41,435.15,6.74,2025-05-07,2025-05-10,2025-05-10,Delivered,5.0,No,No,3,0,7.718262457605008,3393.56,1
ORD103716,CUST11417,2025-02-15,Delhi,Delhi,Surat,658.1,Automotive,7,4.91,Express,Ecom Express,4742.46,501.83,9.3,2025-02-18,2025-02-22,2025-02-22,Delivered,5.0,No,Yes,4,0,7.206290837258775,5244.29,1
ORD102146,CUST11241,2025-11-03,Hyderabad,Hyderabad,Mumbai,522.5,Grocery,6,7.68,Road,Dtdc,2447.24,335.96,5.97,2025-11-05,2025-11-11,2025-11-11,Delivered,4.0,No,No,6,0,4.683712918660286,2783.2,1
ORD100949,CUST10207,2025-09-18,Bengaluru,Bengaluru,Mumbai,137.5,Home & Kitchen,2,4.8,Rail,Blue Dart,469.51,76.18,7.29,2025-09-20,2025-09-27,2025-09-30,Delayed,3.0,No,No,10,3,3.4146181818181818,545.69,0
ORD101078,CUST10536,2025-01-17,Mumbai,Mumbai,Indore,67.2,Beauty,6,11.6,Road,Xpressbees,703.92,77.75,9.59,2025-01-20,2025-01-24,2025-01-24,Delivered,5.0,No,No,4,0,10.475,781.67,1
ORD103541,CUST12555,2025-08-23,Hyderabad,Hyderabad,Surat,362.7,Books,3,9.94,Express,Shadowfax,2794.09,0.0,7.07,2025-08-26,2025-08-31,2025-08-31,Delivered,4.0,No,No,5,0,7.703584229390682,2794.09,1
ORD104232,CUST12208,2025-11-26,Hyderabad,Hyderabad,Unknown,84.8,Electronics,4,4.17,Road,Xpressbees,443.49,62.66,5.97,2025-11-29,2025-12-03,2025-12-03,Delivered,3.0,No,No,4,0,5.229834905660377,506.15,1
ORD101949,CUST10542,2025-06-25,Hyderabad,Hyderabad,Vijayawada,435.3,Home & Kitchen,3,0.66,Air,Xpressbees,3991.71,339.72,3.93,2025-06-27,2025-06-30,2025-06-30,Delivered,4.0,No,Yes,3,0,9.170020675396279,4331.43,1
ORD101796,CUST12597,2025-09-05,Bengaluru,Bengaluru,Indore,211.9,Grocery,1,1.54,Road,Ecom Express,934.85,206.66,9.69,2025-09-07,2025-09-11,2025-09-11,Delivered,5.0,No,No,4,0,4.411750825861255,1141.51,1
ORD103973,CUST11141,2025-11-01,Chennai,Chennai,Visakhapatnam,534.6,Automotive,2,2.0,Express,Dtdc,3849.85,604.94,10.93,2025-11-04,2025-11-08,2025-11-08,Delivered,5.0,No,No,4,0,7.201365506921062,4454.79,1
ORD102866,CUST11762,2025-11-20,Delhi,Delhi,Kochi,409.9,Clothing,6,12.84,Road,Delhivery,2058.2,459.56,11.09,2025-11-22,2025-11-27,2025-11-27,Delivered,4.0,No,No,5,0,5.021224688948524,2517.7599999999998,1
ORD104293,CUST12367,2025-09-17,Bengaluru,Bengaluru,Nagpur,263.8,Electronics,5,1.29,Rail,Dtdc,934.23,204.55,8.09,2025-09-19,2025-09-25,2025-09-25,Delivered,4.0,No,No,6,0,3.5414329037149357,1138.78,1
ORD101952,CUST12012,2025-08-29,Hyderabad,Hyderabad,Kolkata,141.4,Electronics,3,2.89,Road,Xpressbees,667.33,106.82,7.69,2025-08-31,2025-09-06,2025-09-06,Delivered,4.0,No,No,6,0,4.7194483734087695,774.1500000000001,1
ORD100900,CUST10974,2025-05-03,Pune,Pune,Ahmedabad,955.4,Grocery,1,3.27,Air,Ecom Express,8746.15,658.82,8.52,2025-05-05,2025-05-09,2025-05-09,Delivered,5.0,No,No,4,0,9.154437931756332,9404.97,1
ORD102249,CUST10551,2025-07-23,Delhi,Delhi,Bhopal,83.7,Electronics,1,4.78,Road,Xpressbees,365.55,104.8,12.02,2025-07-25,2025-07-31,2025-08-04,Delayed,3.0,No,No,10,4,4.367383512544803,470.35,0
ORD101356,CUST10645,2025-07-08,Hyderabad,Hyderabad,Coimbatore,209.2,Clothing,1,5.51,Road,Delhivery,942.81,162.57,5.86,2025-07-10,2025-07-16,2025-07-16,Delivered,4.0,No,No,6,0,4.506739961759082,1105.3799999999999,1
ORD101746,CUST12737,2025-08-04,Mumbai,Mumbai,Jaipur,87.5,Books,7,2.7,Air,Dtdc,847.32,109.38,10.27,2025-08-06,2025-08-08,2025-08-10,Delayed,3.0,No,No,4,2,9.683657142857143,956.7,0
ORD104999,CUST10418,2025-10-13,Chennai,Chennai,Lucknow,232.0,Home & Kitchen,7,2.29,Air,Shadowfax,2214.46,153.01,8.58,2025-10-17,2025-10-19,2025-10-19,Delivered,4.0,No,No,2,0,9.545086206896553,2367.4700000000003,1
ORD104666,CUST11018,2025-08-29,Hyderabad,Hyderabad,Kochi,266.0,Clothing,3,2.6,Air,Dtdc,2537.48,309.88,6.97,2025-08-31,2025-09-02,2025-09-02,Delivered,4.0,No,No,2,0,9.5393984962406,2847.36,1
ORD100102,CUST12701,2025-04-08,Bengaluru,Bengaluru,Bhopal,449.8,Grocery,2,10.34,Road,Blue Dart,1954.73,436.26,11.42,2025-04-12,2025-04-17,2025-04-17,Delivered,3.0,No,No,5,0,4.345775900400178,2390.99,1
ORD102274,CUST11108,2025-09-07,Hyderabad,Hyderabad,Delhi,228.7,Clothing,3,3.06,Air,Xpressbees,2293.72,187.4,9.95,2025-09-09,2025-09-11,2025-09-11,Delivered,5.0,No,No,2,0,10.029383471797114,2481.12,1
ORD102114,CUST12135,2025-07-10,Delhi,Delhi,Lucknow,90.0,Home & Kitchen,4,14.44,Air,Delhivery,1104.41,125.79,7.8,2025-07-12,2025-07-13,2025-07-13,Delivered,4.0,No,No,1,0,12.271222222222223,1230.2,1
ORD103804,CUST10627,2025-05-20,Mumbai,Mumbai,Jaipur,795.6,Grocery,2,4.19,Express,Blue Dart,5701.31,787.55,11.19,2025-05-23,2025-05-28,2025-05-28,Delivered,4.0,No,No,5,0,7.166050779286073,6488.860000000001,1
ORD101383,CUST10518,2025-11-17,Mumbai,Mumbai,Delhi,95.4,Grocery,1,12.79,Road,Ecom Express,538.15,78.62,8.31,2025-11-19,2025-11-23,2025-11-23,Delivered,5.0,No,No,4,0,5.6409853249475885,616.77,1
ORD104491,CUST10910,2025-09-08,Bengaluru,Bengaluru,Visakhapatnam,549.2,Books,3,8.93,Rail,Dtdc,2112.11,524.71,5.73,2025-09-10,2025-09-18,2025-09-18,Delivered,4.0,No,No,8,0,3.8457938820101965,2636.82,1
ORD104748,CUST10543,2025-07-29,Mumbai,Mumbai,Visakhapatnam,320.8,Sports,1,9.39,Express,Shadowfax,2437.42,387.67,10.01,2025-07-31,2025-08-04,2025-08-06,Delayed,4.0,No,No,6,2,7.597942643391521,2825.09,0
ORD101854,CUST11451,2025-12-21,Delhi,Delhi,Mumbai,206.5,Electronics,1,4.13,Express,Xpressbees,1373.89,193.15,8.21,2025-12-23,2025-12-26,2025-12-26,Delivered,5.0,No,No,3,0,6.6532203389830515,1567.0400000000002,1
ORD104909,CUST10355,2025-09-03,Bengaluru,Bengaluru,Ahmedabad,486.3,Grocery,4,9.0,Rail,Ecom Express,1874.35,510.79,7.79,2025-09-06,2025-09-12,2025-09-12,Delivered,4.0,No,No,6,0,3.8543080403043386,2385.14,1
ORD101246,CUST10938,2025-10-13,Hyderabad,Hyderabad,Mumbai,254.6,Beauty,7,3.02,Road,Blue Dart,1202.49,237.98,8.49,2025-10-16,2025-10-22,2025-10-26,Delayed,2.0,No,No,10,4,4.723055773762765,1440.47,0
ORD101462,CUST11209,2025-05-20,Pune,Pune,Visakhapatnam,135.3,Clothing,3,6.73,Road,Blue Dart,654.61,134.33,8.25,2025-05-22,2025-05-27,2025-05-27,Delivered,5.0,No,No,5,0,4.838211382113821,788.94,1
ORD100729,CUST10009,2025-04-13,Delhi,Delhi,Lucknow,405.3,Home & Kitchen,3,3.7,Road,Ecom Express,1892.13,364.46,10.23,2025-04-16,2025-04-22,2025-04-22,Delivered,5.0,No,No,6,0,4.668467801628424,2256.59,1
ORD103653,CUST12677,2025-05-08,Bengaluru,Bengaluru,Delhi,382.1,Automotive,6,5.9,Road,Shadowfax,1749.19,410.65,10.99,2025-05-11,2025-05-16,2025-05-16,Delivered,4.0,No,No,5,0,4.57783302800314,2159.84,1
ORD103377,CUST12766,2025-05-03,Mumbai,Mumbai,Nagpur,435.8,Home & Kitchen,4,5.42,Road,Delhivery,1859.45,348.78,8.48,2025-05-05,2025-05-10,2025-05-10,Delivered,4.0,No,No,5,0,4.266750803120698,2208.23,1
ORD103806,CUST10913,2025-03-27,Delhi,Delhi,Kochi,244.7,Electronics,5,13.03,Road,Dtdc,1233.42,199.25,8.78,2025-03-29,2025-04-02,2025-04-02,Delivered,4.0,No,No,4,0,5.040539436044136,1432.67,1
ORD103347,CUST11570,2025-05-30,Pune,Pune,Surat,426.0,Books,7,1.98,Road,Dtdc,1990.33,383.79,8.34,2025-06-02,2025-06-07,2025-06-07,Delivered,5.0,No,No,5,0,4.672136150234742,2374.12,1
ORD104929,CUST12144,2025-09-29,Chennai,Chennai,Pune,218.4,Beauty,2,0.63,Air,Xpressbees,2030.4,193.66,8.77,2025-10-02,2025-10-05,2025-10-05,Delivered,4.0,No,No,3,0,9.296703296703297,2224.06,1
ORD100555,CUST10100,2025-12-22,Hyderabad,Hyderabad,Indore,662.3,Grocery,6,6.03,Express,Blue Dart,4802.33,633.65,2.44,2025-12-24,2025-12-28,2025-12-28,Delivered,4.0,No,No,4,0,7.250988977804621,5435.98,1
ORD104576,CUST11015,2025-11-28,Bengaluru,Bengaluru,Kochi,106.2,Home & Kitchen,7,5.16,Rail,Xpressbees,537.53,148.11,7.33,2025-11-29,2025-12-05,2025-12-05,Delivered,3.0,No,No,6,0,5.061487758945385,685.64,1
ORD104596,CUST10920,2025-09-09,Bengaluru,Bengaluru,Indore,280.9,Sports,3,5.45,Road,Xpressbees,1281.18,221.54,8.66,2025-09-12,2025-09-18,2025-09-18,Delivered,4.0,No,No,6,0,4.560982556069776,1502.72,1
ORD102205,CUST10202,2025-03-06,Chennai,Chennai,Bhopal,128.4,Clothing,3,3.64,Road,Delhivery,549.54,83.17,5.87,2025-03-08,2025-03-13,2025-03-17,Delayed,4.0,No,No,9,4,4.279906542056074,632.7099999999999,0
ORD102770,CUST10835,2025-11-11,Mumbai,Mumbai,Coimbatore,533.5,Clothing,1,3.16,Air,Delhivery,4927.74,333.94,8.05,2025-11-14,2025-11-16,2025-11-16,Delivered,4.0,No,No,2,0,9.236626054358013,5261.679999999999,1
ORD101154,CUST10631,2025-07-24,Bengaluru,Bengaluru,Coimbatore,1588.4,Beauty,7,7.14,Rail,Delhivery,5199.37,1156.6,10.7,2025-07-27,2025-08-04,2025-08-04,Delivered,5.0,No,No,8,0,3.273337950138504,6355.969999999999,1
ORD103002,CUST12382,2025-02-12,Bengaluru,Bengaluru,Delhi,208.5,Beauty,4,1.72,Express,Ecom Express,1573.67,160.75,11.22,2025-02-15,2025-02-18,2025-02-18,Delivered,4.0,No,Yes,3,0,7.547577937649881,1734.42,1
ORD102394,CUST12787,2025-08-19,Delhi,Delhi,Jaipur,269.9,Automotive,7,3.65,Road,Ecom Express,1367.53,197.82,10.83,2025-08-22,2025-08-27,2025-08-27,Delivered,4.0,No,No,5,0,5.066802519451649,1565.35,1
ORD100150,CUST11362,2025-05-19,Delhi,Delhi,Indore,153.6,Clothing,6,8.45,Road,Dtdc,866.57,126.75,9.49,2025-05-22,2025-05-27,2025-05-27,Delivered,5.0,No,No,5,0,5.641731770833334,993.32,1
ORD101370,CUST10320,2025-07-14,Bengaluru,Bengaluru,Mumbai,89.2,Automotive,7,1.18,Rail,Blue Dart,367.39,89.31,7.43,2025-07-17,2025-07-24,2025-07-24,Delivered,4.0,No,No,7,0,4.11872197309417,456.7,1
ORD101218,CUST10250,2025-11-25,Chennai,Chennai,Pune,308.2,Books,5,6.23,Road,Dtdc,1464.69,373.44,7.05,2025-11-27,2025-12-02,2025-12-02,Delivered,4.0,No,No,5,0,4.752401038286827,1838.13,1
ORD102945,CUST10217,2025-01-24,Mumbai,Mumbai,Hyderabad,269.2,Electronics,4,5.46,Road,Shadowfax,1313.93,0.0,7.55,2025-01-26,2025-02-01,2025-02-04,Delayed,4.0,No,No,9,3,4.880869242199109,1313.93,0
ORD104910,CUST12508,2025-08-17,Chennai,Chennai,Visakhapatnam,554.8,Books,4,3.16,Rail,Delhivery,1883.45,455.77,9.51,2025-08-19,2025-08-26,2025-08-26,Delivered,4.0,No,No,7,0,3.3948269646719544,2339.2200000000003,1
ORD102182,CUST10171,2025-06-04,Chennai,Chennai,Coimbatore,346.2,Electronics,7,6.39,Road,Delhivery,1698.81,186.51,7.34,2025-06-06,2025-06-10,2025-06-10,Delivered,5.0,No,No,4,0,4.907019064124784,1885.32,1
ORD102571,CUST10431,2025-08-15,Pune,Pune,Kochi,91.0,Beauty,1,3.1,Rail,Ecom Express,0.0,61.55,10.04,2025-08-18,2025-08-22,2025-08-22,Delivered,5.0,No,No,4,0,0.0,61.55,1
ORD101563,CUST12703,2025-02-01,Delhi,Delhi,Visakhapatnam,228.7,Grocery,4,6.87,Air,Dtdc,2146.25,189.72,7.41,2025-02-04,2025-02-07,2025-02-07,Delivered,5.0,No,No,3,0,9.384564932225624,2335.97,1
ORD103914,CUST11079,2025-07-14,Chennai,Chennai,Vijayawada,205.1,Automotive,4,8.14,Rail,Ecom Express,1010.75,230.52,9.66,2025-07-16,2025-07-22,2025-07-22,Delivered,5.0,No,No,6,0,4.92808386153096,1241.27,1
ORD100498,CUST12328,2025-02-14,Hyderabad,Hyderabad,Surat,324.4,Books,5,3.83,Road,Delhivery,1351.74,226.79,9.27,2025-02-17,2025-02-21,2025-02-21,Delivered,5.0,No,No,4,0,4.166892725030826,1578.53,1
ORD104084,CUST10106,2025-01-04,Pune,Pune,Delhi,672.5,Grocery,3,2.74,Air,Shadowfax,6217.39,660.25,7.43,2025-01-05,2025-01-10,2025-01-10,Delivered,4.0,No,No,5,0,9.245189591078068,6877.64,1
ORD102103,CUST11962,2025-10-11,Hyderabad,Hyderabad,Lucknow,383.2,Sports,7,3.65,Rail,Shadowfax,1215.04,257.55,5.61,2025-10-14,2025-10-20,2025-10-20,Delivered,4.0,No,No,6,0,3.1707724425887265,1472.59,1
ORD104222,CUST11089,2025-02-15,Mumbai,Mumbai,Pune,125.2,Electronics,7,2.55,Road,Xpressbees,670.31,153.05,11.32,2025-02-18,2025-02-24,2025-02-24,Delivered,4.0,No,No,6,0,5.353913738019169,823.3599999999999,1
ORD100233,CUST10262,2025-10-06,Delhi,Delhi,Ahmedabad,81.9,Sports,4,5.22,Air,Shadowfax,1047.99,90.56,10.38,2025-10-09,2025-10-11,2025-10-11,Delivered,4.0,No,No,2,0,12.795970695970695,1138.55,1
ORD104727,CUST11503,2025-04-27,Mumbai,Mumbai,Coimbatore,253.5,Automotive,2,3.73,Rail,Dtdc,892.13,307.07,12.49,2025-04-30,2025-05-06,2025-05-06,Delivered,5.0,No,No,6,0,3.519250493096647,1199.2,1
ORD101802,CUST11663,2025-12-17,Bengaluru,Bengaluru,Mumbai,218.7,Sports,6,1.33,Road,Dtdc,973.17,239.28,7.7,2025-12-19,2025-12-24,2025-12-24,Delivered,5.0,No,No,5,0,4.449794238683127,1212.45,1
ORD100296,CUST10200,2025-02-12,Delhi,Delhi,Mumbai,473.3,Grocery,6,11.66,Road,Xpressbees,2357.67,434.65,6.71,2025-02-15,2025-02-21,2025-02-25,Delayed,3.0,No,No,10,4,4.981343756602578,2792.32,0
ORD101672,CUST11433,2025-10-05,Delhi,Delhi,Indore,306.7,Books,6,0.9,Road,Shadowfax,1350.23,326.58,9.01,2025-10-07,2025-10-12,2025-10-12,Delivered,4.0,No,No,5,0,4.402445386371046,1676.81,1
ORD103982,CUST12516,2025-03-29,Chennai,Chennai,Jaipur,66.2,Grocery,7,20.19,Express,Xpressbees,901.21,79.19,5.56,2025-03-31,2025-04-02,2025-04-02,Delivered,5.0,No,No,2,0,13.61344410876133,980.4000000000001,1
ORD100667,CUST11690,2025-10-09,Hyderabad,Hyderabad,Pune,173.0,Clothing,6,3.73,Rail,Blue Dart,541.52,201.49,8.03,2025-10-11,2025-10-16,2025-10-16,Delivered,5.0,No,No,5,0,3.130173410404624,743.01,1
ORD100505,CUST12684,2025-08-24,Hyderabad,Hyderabad,Kolkata,1356.2,Clothing,5,2.31,Road,Shadowfax,5832.84,877.76,6.59,2025-08-27,2025-09-02,2025-09-02,Delivered,4.0,No,No,6,0,4.300870078159563,6710.6,1
ORD100501,CUST12341,2025-08-05,Chennai,Chennai,Hyderabad,314.4,Grocery,3,3.08,Rail,Shadowfax,1066.36,312.84,7.12,2025-08-07,2025-08-13,2025-08-13,Delivered,4.0,No,No,6,0,3.3917302798982187,1379.1999999999998,1
ORD102054,CUST10099,2025-06-28,Mumbai,Mumbai,Jaipur,678.4,Home & Kitchen,1,10.29,Road,Xpressbees,2997.09,618.17,12.04,2025-07-01,2025-07-06,2025-07-06,Delivered,5.0,No,Yes,5,0,4.417880306603774,3615.26,1
ORD103525,CUST12175,2025-08-13,Delhi,Delhi,Nagpur,183.3,Home & Kitchen,5,1.19,Road,Dtdc,831.25,267.0,8.05,2025-08-14,2025-08-18,2025-08-20,Delayed,3.0,No,No,6,2,4.534915439170758,1098.25,0
ORD104121,CUST10523,2025-11-11,Delhi,Delhi,Chennai,731.4,Clothing,6,10.01,Rail,Ecom Express,2566.16,590.88,10.82,2025-11-13,2025-11-21,2025-11-24,Delayed,4.0,No,No,11,3,3.508558928083128,3157.04,0
ORD101711,CUST12458,2025-07-04,Hyderabad,Hyderabad,Visakhapatnam,623.2,Sports,4,3.42,Air,Ecom Express,5861.78,467.91,5.02,2025-07-06,2025-07-10,2025-07-10,Delivered,3.0,No,No,4,0,9.40593709884467,6329.69,1
ORD102186,CUST12284,2025-07-05,Bengaluru,Bengaluru,Delhi,304.5,Clothing,1,3.86,Air,Ecom Express,2578.93,226.43,12.09,2025-07-07,2025-07-08,2025-07-08,Delivered,4.0,No,No,1,0,8.469392446633826,2805.3599999999997,1
ORD101441,CUST10579,2025-10-25,Bengaluru,Bengaluru,Pune,941.6,Grocery,6,1.96,Road,Xpressbees,4059.08,1048.88,3.73,2025-10-26,2025-11-01,2025-11-01,Delivered,5.0,No,No,6,0,4.310832625318606,5107.96,1
ORD100103,CUST11785,2025-12-07,Bengaluru,Bengaluru,Nagpur,377.7,Books,2,1.82,Road,Delhivery,1613.47,368.57,9.71,2025-12-10,2025-12-15,2025-12-15,Delivered,5.0,No,Yes,5,0,4.271829494307652,1982.04,1
ORD102059,CUST11664,2025-02-01,Delhi,Delhi,Lucknow,610.5,Sports,7,3.0,Express,Delhivery,4315.95,568.18,10.49,2025-02-03,2025-02-08,2025-02-08,Delivered,5.0,No,No,5,0,7.06953316953317,4884.13,1
ORD101532,CUST10418,2025-04-10,Hyderabad,Hyderabad,Chennai,582.6,Home & Kitchen,4,4.67,Road,Xpressbees,2596.65,512.37,7.6,2025-04-13,2025-04-18,2025-04-18,Delivered,4.0,No,No,5,0,4.457003089598352,3109.02,1
ORD100291,CUST12052,2025-03-04,Bengaluru,Bengaluru,Visakhapatnam,927.4,Sports,1,9.93,Rail,Xpressbees,3091.68,1069.5,7.36,2025-03-06,2025-03-14,2025-03-14,Delivered,4.0,No,No,8,0,3.3337071382359285,4161.18,1
ORD100948,CUST12340,2025-10-09,Hyderabad,Hyderabad,Nagpur,388.3,Grocery,2,7.92,Road,Xpressbees,1799.67,269.67,6.0,2025-10-12,2025-10-15,2025-10-15,Delivered,5.0,No,No,3,0,4.634741179500386,2069.34,1
ORD101068,CUST10383,2025-09-12,Mumbai,Mumbai,Kochi,259.5,Electronics,1,12.53,Road,Xpressbees,1415.89,188.44,10.95,2025-09-14,2025-09-18,2025-09-18,Delivered,5.0,No,No,4,0,5.456223506743738,1604.3300000000002,1
ORD100120,CUST11901,2025-12-12,Hyderabad,Hyderabad,Mumbai,55.8,Home & Kitchen,4,24.12,Express,Ecom Express,780.63,68.72,4.32,2025-12-13,2025-12-15,2025-12-15,Delivered,3.0,No,No,2,0,13.98978494623656,849.35,1
ORD102822,CUST12773,2025-02-18,Pune,Pune,Ahmedabad,558.9,Sports,3,1.39,Road,Dtdc,2537.44,587.34,4.63,2025-02-19,2025-02-25,2025-02-25,Delivered,5.0,No,No,6,0,4.5400608337806405,3124.78,1
ORD102605,CUST10007,2025-04-04,Hyderabad,Hyderabad,Surat,426.2,Electronics,7,7.76,Express,Ecom Express,3281.27,364.64,5.64,2025-04-06,2025-04-09,2025-04-09,Delivered,4.0,No,No,3,0,7.698897231346786,3645.91,1
ORD104828,CUST12120,2025-11-29,Hyderabad,Hyderabad,Chennai,665.7,Beauty,2,6.13,Road,Ecom Express,2993.91,702.19,8.12,2025-12-01,2025-12-07,2025-12-07,Delivered,4.0,No,No,6,0,4.497386210004506,3696.1,1
ORD103143,CUST12388,2025-12-15,Chennai,Chennai,Pune,545.8,Electronics,6,1.48,Road,Dtdc,2373.32,386.04,7.01,2025-12-17,2025-12-23,2025-12-23,Delivered,4.0,No,No,6,0,4.348332722609015,2759.36,1
ORD103355,CUST10093,2025-10-17,Mumbai,Mumbai,Bhopal,1325.5,Automotive,1,0.81,Road,Dtdc,5604.85,1338.15,12.05,2025-10-20,2025-10-27,2025-10-27,Delivered,4.0,No,Yes,7,0,4.2284798189362505,6943.0,1
ORD103388,CUST10870,2025-07-24,Delhi,Delhi,Chennai,547.9,Beauty,1,0.96,Road,Xpressbees,2411.53,590.63,10.08,2025-07-27,2025-07-31,2025-07-31,Delivered,3.0,No,No,4,0,4.401405365942691,3002.1600000000003,1
ORD103096,CUST11202,2025-11-12,Chennai,Chennai,Bengaluru,167.1,Home & Kitchen,5,7.3,Air,Blue Dart,1785.28,131.61,7.68,2025-11-15,2025-11-16,2025-11-16,Delivered,4.0,No,No,1,0,10.683901855176542,1916.8899999999999,1
ORD101106,CUST11290,2025-05-08,Pune,Pune,Nagpur,315.7,Automotive,6,3.13,Road,Shadowfax,1409.79,221.04,11.27,2025-05-11,2025-05-16,2025-05-17,Delayed,3.0,No,No,6,1,4.465600253405132,1630.83,0
ORD104302,CUST10126,2025-07-30,Mumbai,Mumbai,Ahmedabad,837.0,Books,7,0.28,Road,Ecom Express,3471.97,766.56,13.34,2025-08-02,2025-08-09,2025-08-09,Delivered,4.0,No,No,7,0,4.148112305854241,4238.53,1
ORD101009,CUST12776,2025-05-23,Chennai,Chennai,Lucknow,131.9,Home & Kitchen,6,5.03,Road,Shadowfax,855.23,72.82,10.12,2025-05-25,2025-05-30,2025-05-30,Delivered,4.0,No,No,5,0,6.483927217589082,928.05,1
ORD104978,CUST10499,2025-05-11,Chennai,Chennai,Ahmedabad,369.8,Sports,3,4.96,Road,Shadowfax,1517.37,226.81,5.66,2025-05-13,2025-05-19,2025-05-19,Delivered,4.0,No,No,6,0,4.103217955651703,1744.1799999999998,1
ORD101018,CUST12478,2025-04-02,Hyderabad,Hyderabad,Visakhapatnam,445.3,Clothing,2,12.96,Road,Blue Dart,2115.0,449.46,8.38,2025-04-04,2025-04-10,2025-04-10,Delivered,4.0,No,No,6,0,4.749607006512464,2564.46,1
ORD104316,CUST10795,2025-12-31,Pune,Pune,Hyderabad,270.0,Beauty,2,3.15,Road,Ecom Express,1180.47,172.36,5.75,2026-01-02,2026-01-07,2026-01-07,Delivered,5.0,No,No,5,0,4.372111111111111,1352.83,1
ORD102034,CUST11762,2025-07-03,Delhi,Delhi,Coimbatore,568.8,Beauty,6,4.02,Road,Blue Dart,2515.07,637.73,10.8,2025-07-05,2025-07-12,2025-07-12,Delivered,4.0,No,No,7,0,4.421712376933897,3152.8,1
ORD102938,CUST12344,2025-04-10,Delhi,Delhi,Vijayawada,87.6,Beauty,4,15.47,Road,Ecom Express,542.25,98.08,10.12,2025-04-13,2025-04-17,2025-04-23,Delayed,3.0,No,No,10,6,6.190068493150686,640.33,0
ORD101636,CUST12761,2025-07-07,Mumbai,Mumbai,Coimbatore,424.9,Grocery,4,8.21,Rail,Dtdc,1513.56,429.53,15.56,2025-07-10,2025-07-16,2025-07-19,Delayed,3.0,No,No,9,3,3.562155801365027,1943.09,0
ORD103332,CUST10963,2025-05-26,Pune,Pune,Hyderabad,583.9,Beauty,5,7.08,Rail,Shadowfax,0.0,569.34,8.17,2025-05-29,2025-06-05,2025-06-05,Delivered,4.0,No,No,7,0,0.0,569.34,1
ORD102101,CUST10615,2025-12-15,Hyderabad,Hyderabad,Chennai,104.2,Clothing,2,5.5,Road,Ecom Express,555.41,91.41,8.12,2025-12-17,2025-12-22,2025-12-22,Delivered,5.0,No,No,5,0,5.330230326295585,646.8199999999999,1
ORD101377,CUST10627,2025-07-15,Hyderabad,Hyderabad,Nagpur,1440.5,Electronics,1,8.66,Road,Blue Dart,6212.83,1276.38,4.49,2025-07-17,2025-07-23,2025-07-23,Delivered,5.0,No,No,6,0,4.312967719541826,7489.21,1
ORD102120,CUST11111,2025-07-02,Chennai,Chennai,Lucknow,535.7,Electronics,4,6.67,Air,Blue Dart,5061.85,579.55,8.07,2025-07-04,2025-07-07,2025-07-07,Delivered,5.0,No,No,3,0,9.449038641030427,5641.400000000001,1
ORD103264,CUST12686,2025-04-01,Delhi,Delhi,Unknown,333.5,Automotive,4,6.62,Rail,Xpressbees,1204.69,216.57,10.06,2025-04-03,2025-04-08,2025-04-08,Delivered,4.0,No,No,5,0,3.612263868065967,1421.26,1
ORD100887,CUST10871,2025-09-23,Pune,Pune,Delhi,405.6,Books,7,6.99,Air,Ecom Express,3876.29,355.36,8.16,2025-09-26,2025-09-27,2025-09-27,Delivered,5.0,No,No,1,0,9.556928007889546,4231.65,1
ORD101508,CUST11513,2025-03-06,Bengaluru,Bengaluru,Indore,393.3,Home & Kitchen,1,0.63,Road,Shadowfax,1763.37,316.08,11.75,2025-03-08,2025-03-14,2025-03-14,Delivered,5.0,No,No,6,0,4.4835240274599535,2079.45,1
ORD101732,CUST10207,2025-04-01,Bengaluru,Bengaluru,Kochi,181.9,Books,7,2.07,Road,Ecom Express,889.34,217.31,10.08,2025-04-04,2025-04-08,2025-04-08,Delivered,4.0,No,No,4,0,4.8891698735569,1106.65,1
ORD103061,CUST12315,2025-11-28,Chennai,Chennai,Vijayawada,166.1,Automotive,4,2.27,Road,Shadowfax,811.04,163.54,8.42,2025-11-30,2025-12-04,2025-12-04,Delivered,4.0,No,No,4,0,4.882841661649609,974.5799999999999,1
ORD100130,CUST10481,2025-08-20,Chennai,Chennai,Jaipur,803.4,Home & Kitchen,7,10.39,Rail,Xpressbees,2869.9,789.16,7.97,2025-08-21,2025-08-27,2025-08-27,Delivered,4.0,Yes,Yes,6,0,3.572193178989296,3659.06,1
ORD100477,CUST10758,2025-10-23,Hyderabad,Hyderabad,Chennai,764.5,Electronics,2,6.0,Road,Xpressbees,3226.49,801.92,9.89,2025-10-26,2025-11-01,2025-11-03,Delayed,3.0,No,No,8,2,4.220392413342053,4028.41,0
ORD102375,CUST11286,2025-03-23,Chennai,Chennai,Hyderabad,315.4,Home & Kitchen,3,1.62,Express,Blue Dart,2201.38,308.21,6.13,2025-03-25,2025-03-29,2025-03-29,Delivered,4.0,No,No,4,0,6.979644895370958,2509.59,1
ORD103741,CUST11034,2025-07-31,Chennai,Chennai,Nagpur,289.7,Beauty,7,14.27,Express,Blue Dart,2264.84,224.17,9.51,2025-08-02,2025-08-06,2025-08-06,Delivered,5.0,No,No,4,0,7.817880566102866,2489.01,1
ORD104256,CUST12285,2025-02-16,Chennai,Chennai,Delhi,880.2,Grocery,2,3.83,Express,Ecom Express,6279.02,984.02,4.74,2025-02-17,2025-02-21,2025-02-24,Delayed,3.0,No,No,7,3,7.1336287207452855,7263.040000000001,0
ORD103622,CUST11725,2025-09-16,Pune,Pune,Ahmedabad,216.9,Automotive,3,7.31,Road,Shadowfax,1013.02,120.51,7.84,2025-09-17,2025-09-23,2025-09-24,Delayed,4.0,No,No,7,1,4.670447210696173,1133.53,0
ORD102016,CUST11889,2025-03-14,Mumbai,Mumbai,Surat,125.1,Grocery,4,13.36,Rail,Xpressbees,626.5,172.14,11.06,2025-03-17,2025-03-22,2025-03-27,Delayed,2.0,No,No,10,5,5.0079936051159075,798.64,0
ORD104346,CUST11240,2025-08-27,Hyderabad,Hyderabad,Pune,203.3,Books,7,6.03,Air,Xpressbees,2024.41,121.57,7.14,2025-08-29,2025-09-01,2025-09-01,Delivered,4.0,No,No,3,0,9.957747171667487,2145.98,1
ORD101932,CUST11304,2025-08-24,Bengaluru,Bengaluru,Delhi,235.9,Clothing,7,0.74,Road,Shadowfax,1167.56,204.33,10.58,2025-08-27,2025-09-01,2025-09-01,Delivered,4.0,No,No,5,0,4.949385332768122,1371.8899999999999,1
ORD104240,CUST12518,2025-04-04,Bengaluru,Bengaluru,Surat,75.2,Grocery,1,8.44,Road,Dtdc,393.6,83.45,12.26,2025-04-06,2025-04-09,2025-04-09,Delivered,4.0,No,No,3,0,5.23404255319149,477.05,1
ORD100659,CUST10724,2025-10-04,Chennai,Chennai,Kochi,510.1,Books,2,9.24,Road,Blue Dart,2351.26,604.19,5.28,2025-10-06,2025-10-11,2025-10-11,Delivered,4.0,No,No,5,0,4.609409919623603,2955.4500000000003,1
ORD101740,CUST10796,2025-05-25,Hyderabad,Hyderabad,Kolkata,793.1,Electronics,4,1.44,Air,Xpressbees,7266.68,801.43,6.66,2025-05-28,2025-06-01,2025-06-01,Delivered,4.0,No,No,4,0,9.162375488589081,8068.110000000001,1
ORD102782,CUST10953,2025-01-24,Chennai,Chennai,Bhopal,1070.8,Sports,6,9.02,Road,Ecom Express,4701.96,1199.56,3.24,2025-01-26,2025-02-02,2025-02-02,Delivered,4.0,No,No,7,0,4.391072095629436,5901.52,1
ORD102829,CUST10371,2025-09-29,Chennai,Chennai,Bengaluru,432.2,Books,5,10.53,Rail,Ecom Express,1605.06,278.54,11.12,2025-10-01,2025-10-06,2025-10-06,Delivered,5.0,No,No,5,0,3.7136973623322533,1883.6,1
ORD103113,CUST10239,2025-11-14,Pune,Pune,Lucknow,372.9,Clothing,3,7.48,Rail,Delhivery,1313.32,280.59,10.64,2025-11-17,2025-11-23,2025-11-23,Delivered,5.0,No,No,6,0,3.5219093590775006,1593.9099999999999,1
ORD101306,CUST12645,2025-04-05,Chennai,Chennai,Surat,302.3,Home & Kitchen,6,12.4,Road,Blue Dart,1519.21,299.93,7.65,2025-04-07,2025-04-13,2025-04-13,Delivered,4.0,No,No,6,0,5.025504465762488,1819.14,1
ORD103953,CUST10026,2025-02-28,Hyderabad,Hyderabad,Lucknow,735.6,Beauty,7,3.11,Road,Xpressbees,3161.93,571.44,0.0,2025-03-02,2025-03-08,2025-03-08,Delivered,4.0,No,No,6,0,4.298436650353453,3733.37,1
ORD104692,CUST11914,2025-04-10,Mumbai,Mumbai,Vijayawada,444.9,Beauty,4,3.97,Road,Shadowfax,2052.31,340.69,10.29,2025-04-13,2025-04-18,2025-04-18,Delivered,4.0,No,No,5,0,4.612969206563273,2393.0,1
ORD104611,CUST10394,2025-11-11,Delhi,Delhi,Hyderabad,350.3,Electronics,4,5.17,Road,Delhivery,1564.89,294.44,12.14,2025-11-14,2025-11-18,2025-11-18,Delivered,5.0,No,No,4,0,4.46728518412789,1859.3300000000002,1
ORD102315,CUST11234,2025-05-23,Chennai,Chennai,Lucknow,257.3,Books,6,13.01,Express,Xpressbees,2170.99,289.81,8.83,2025-05-25,2025-05-28,2025-05-28,Delivered,5.0,No,No,3,0,8.437582588418188,2460.7999999999997,1
ORD104634,CUST10922,2025-11-22,Hyderabad,Hyderabad,Ahmedabad,274.1,Electronics,2,1.75,Road,Blue Dart,1243.69,196.53,5.31,2025-11-24,2025-11-30,2025-11-30,Delivered,5.0,No,No,6,0,4.537358628237869,1440.22,1
ORD100133,CUST12411,2025-04-21,Mumbai,Mumbai,Pune,301.4,Sports,6,13.22,Rail,Ecom Express,1334.79,248.77,13.08,2025-04-24,2025-05-01,2025-05-01,Delivered,3.0,No,No,7,0,4.428633045786331,1583.56,1
ORD104113,CUST11490,2025-05-01,Mumbai,Mumbai,Jaipur,442.5,Beauty,6,2.79,Road,Blue Dart,1951.75,424.84,9.87,2025-05-04,2025-05-10,2025-05-12,Delayed,3.0,Yes,Yes,8,2,4.410734463276836,2376.59,0
ORD102194,CUST10947,2025-01-17,Pune,Pune,Ahmedabad,638.5,Sports,2,0.79,Road,Delhivery,2680.99,651.73,11.11,2025-01-19,2025-01-25,2025-01-27,Delayed,3.0,No,No,8,2,4.198888018794048,3332.72,0
ORD103921,CUST12455,2025-08-29,Bengaluru,Bengaluru,Nagpur,340.4,Clothing,2,3.86,Road,Delhivery,1561.66,429.92,9.72,2025-08-31,2025-09-06,2025-09-09,Delayed,3.0,No,No,9,3,4.587720329024678,1991.5800000000002,0
ORD103487,CUST11091,2025-06-06,Hyderabad,Hyderabad,Visakhapatnam,884.0,Clothing,7,4.69,Express,Dtdc,6305.82,822.36,4.76,2025-06-08,2025-06-12,2025-06-12,Delivered,5.0,No,No,4,0,7.133280542986425,7128.179999999999,1
ORD103276,CUST11491,2025-11-22,Hyderabad,Hyderabad,Nagpur,322.3,Grocery,6,19.47,Rail,Shadowfax,1340.54,197.29,5.31,2025-11-24,2025-11-30,2025-11-30,Delivered,3.0,No,No,6,0,4.159292584548557,1537.83,1
ORD104377,CUST11989,2025-11-14,Pune,Pune,Coimbatore,384.8,Home & Kitchen,2,3.35,Road,Dtdc,1710.35,366.33,8.8,2025-11-17,2025-11-22,2025-11-22,Delivered,5.0,No,No,5,0,4.444776507276507,2076.68,1
ORD103811,CUST10496,2025-04-14,Bengaluru,Bengaluru,Nagpur,154.0,Home & Kitchen,6,1.38,Road,Xpressbees,607.03,116.22,6.68,2025-04-16,2025-04-20,2025-04-20,Delivered,4.0,No,No,4,0,3.9417532467532466,723.25,1
ORD104480,CUST11211,2025-08-29,Bengaluru,Bengaluru,Ahmedabad,255.8,Beauty,2,7.76,Road,Delhivery,1266.5,264.03,6.11,2025-09-01,2025-09-06,2025-09-06,Delivered,5.0,No,No,5,0,4.95113369820172,1530.53,1
ORD100764,CUST12674,2025-04-16,Hyderabad,Hyderabad,Bengaluru,348.9,Sports,3,9.07,Rail,Delhivery,1376.36,366.71,5.49,2025-04-18,2025-04-24,2025-04-24,Delivered,3.0,No,No,6,0,3.9448552593866437,1743.07,1
ORD104986,CUST10028,2025-01-14,Hyderabad,Hyderabad,Mumbai,453.2,Grocery,2,1.84,Road,Xpressbees,1888.95,382.79,7.1,2025-01-16,2025-01-22,2025-01-22,Delivered,3.0,No,No,6,0,4.1680273609885266,2271.7400000000002,1
ORD100285,CUST10297,2025-10-15,Mumbai,Mumbai,Visakhapatnam,513.5,Home & Kitchen,1,0.9,Road,Blue Dart,2167.22,460.99,8.79,2025-10-18,2025-10-26,2025-10-26,Delivered,4.0,No,No,8,0,4.220486854917234,2628.21,1
ORD103050,CUST10445,2025-05-17,Mumbai,Mumbai,Kolkata,411.7,Books,5,3.11,Road,Ecom Express,1840.58,307.48,12.03,2025-05-20,2025-05-25,2025-05-25,Delivered,4.0,No,No,5,0,4.470682535827058,2148.06,1
ORD102260,CUST11538,2025-03-04,Delhi,Delhi,Indore,156.6,Grocery,3,6.41,Rail,Blue Dart,620.52,102.01,7.31,2025-03-06,2025-03-12,2025-03-17,Delayed,4.0,No,No,11,5,3.9624521072796934,722.53,0
ORD102849,CUST11479,2025-05-10,Pune,Pune,Hyderabad,442.0,Books,1,2.47,Road,Xpressbees,1982.7,394.72,6.99,2025-05-13,2025-05-18,2025-05-18,Delivered,4.0,No,No,5,0,4.485746606334842,2377.42,1
ORD102109,CUST10092,2025-06-11,Mumbai,Mumbai,Bhopal,264.1,Electronics,4,16.23,Road,Blue Dart,1345.04,257.35,11.87,2025-06-13,2025-06-19,2025-06-19,Delivered,5.0,No,No,6,0,5.092919348731541,1602.3899999999999,1
ORD104957,CUST11767,2025-02-10,Mumbai,Mumbai,Indore,261.6,Books,4,0.73,Road,Xpressbees,1128.92,241.41,13.18,2025-02-14,2025-02-19,2025-02-24,Delayed,4.0,No,No,10,5,4.315443425076452,1370.3300000000002,0
ORD102477,CUST11611,2025-06-14,Mumbai,Mumbai,Bengaluru,345.6,Books,5,4.37,Air,Ecom Express,3375.79,250.96,6.18,2025-06-16,2025-06-18,2025-06-21,Delayed,3.0,No,No,5,3,9.767910879629628,3626.75,0
ORD103476,CUST11548,2025-08-15,Bengaluru,Bengaluru,Coimbatore,208.6,Sports,3,8.36,Road,Shadowfax,1006.28,199.43,6.63,2025-08-17,2025-08-21,2025-08-21,Delivered,4.0,No,No,4,0,4.823969319271333,1205.71,1
ORD104384,CUST12601,2025-10-10,Mumbai,Mumbai,Bhopal,393.7,Beauty,7,3.79,Road,Delhivery,1892.87,342.91,13.42,2025-10-13,2025-10-18,2025-10-18,Delivered,4.0,No,No,5,0,4.807899415798832,2235.7799999999997,1
ORD102247,CUST12336,2025-02-26,Chennai,Chennai,Mumbai,446.7,Automotive,5,7.12,Road,Ecom Express,2038.8,474.8,8.56,2025-02-28,2025-03-05,2025-03-05,Delivered,4.0,No,No,5,0,4.564137004701141,2513.6,1
ORD100209,CUST10010,2025-01-24,Mumbai,Mumbai,Kolkata,161.7,Automotive,3,9.74,Express,Shadowfax,1321.38,86.9,8.43,2025-01-26,2025-01-29,2025-01-29,Delivered,4.0,No,No,3,0,8.171799628942487,1408.2800000000002,1
ORD101195,CUST12660,2025-08-21,Bengaluru,Bengaluru,Kochi,352.6,Electronics,3,6.56,Road,Blue Dart,1598.31,233.3,6.56,2025-08-22,2025-08-27,2025-08-27,Delivered,5.0,No,No,5,0,4.532926829268292,1831.61,1
ORD103516,CUST11278,2025-01-21,Delhi,Delhi,Kochi,65.1,Automotive,1,0.2,Road,Delhivery,213.15,20.0,5.66,2025-01-22,2025-01-27,2025-01-28,Delayed,3.0,No,No,6,1,3.274193548387097,233.15,0
ORD100698,CUST10983,2025-09-03,Bengaluru,Bengaluru,Kochi,97.4,Electronics,3,6.04,Rail,Shadowfax,434.52,121.37,6.41,2025-09-05,2025-09-11,2025-09-11,Delivered,4.0,Yes,No,6,0,4.461190965092402,555.89,1
ORD101534,CUST12647,2025-11-09,Delhi,Delhi,Kolkata,268.3,Beauty,4,0.91,Air,Ecom Express,2478.34,284.33,8.09,2025-11-12,2025-11-14,2025-11-14,Delivered,4.0,No,No,2,0,9.237197167349981,2762.67,1
ORD102323,CUST10150,2025-09-08,Hyderabad,Hyderabad,Indore,354.1,Grocery,6,5.17,Air,Dtdc,3467.43,371.39,3.83,2025-09-10,2025-09-12,2025-09-12,Delivered,5.0,No,No,2,0,9.792233832250776,3838.8199999999997,1
ORD102226,CUST12756,2025-06-13,Hyderabad,Hyderabad,Surat,97.2,Sports,7,4.16,Express,Dtdc,826.34,116.09,7.91,2025-06-15,2025-06-17,2025-06-20,Delayed,4.0,No,No,5,3,8.501440329218108,942.4300000000001,0
ORD101566,CUST12392,2025-11-27,Hyderabad,Hyderabad,Indore,138.8,Automotive,3,25.31,Road,Shadowfax,1046.04,111.12,7.25,2025-11-28,2025-12-03,2025-12-03,Delivered,4.0,No,No,5,0,7.536311239193083,1157.1599999999999,1
ORD103790,CUST10930,2025-07-28,Hyderabad,Hyderabad,Lucknow,429.9,Grocery,2,1.92,Rail,Xpressbees,1527.22,379.55,6.15,2025-07-29,2025-08-03,2025-08-03,Delivered,5.0,No,No,5,0,3.552500581530589,1906.77,1
ORD104538,CUST10423,2025-02-12,Hyderabad,Hyderabad,Bhopal,268.4,Electronics,4,3.55,Road,Blue Dart,1193.59,228.58,7.89,2025-02-14,2025-02-20,2025-02-20,Delivered,4.0,No,No,6,0,4.447056631892697,1422.1699999999998,1
ORD101882,CUST10259,2025-01-21,Hyderabad,Hyderabad,Lucknow,88.3,Grocery,3,0.2,Road,Blue Dart,438.47,99.4,9.7,2025-01-24,2025-01-27,2025-01-27,Delivered,5.0,No,No,3,0,4.965685164212911,537.87,1
ORD101920,CUST12274,2025-09-01,Mumbai,Mumbai,Lucknow,1140.2,Clothing,4,7.6,Road,Delhivery,4842.51,890.76,10.45,2025-09-04,2025-09-12,2025-09-12,Delivered,5.0,No,No,8,0,4.2470706893527455,5733.27,1
ORD102884,CUST11822,2025-02-28,Hyderabad,Hyderabad,Indore,236.4,Grocery,7,8.22,Road,Xpressbees,1290.82,299.65,5.12,2025-03-01,2025-03-05,2025-03-05,Delivered,5.0,No,No,4,0,5.460321489001692,1590.4699999999998,1
ORD101542,CUST11600,2025-06-10,Hyderabad,Hyderabad,Jaipur,620.7,Clothing,3,3.07,Air,Shadowfax,5524.68,637.84,5.66,2025-06-11,2025-06-16,2025-06-16,Delivered,5.0,No,No,5,0,8.900724987916869,6162.52,1
ORD101896,CUST12436,2025-05-04,Hyderabad,Hyderabad,Lucknow,262.4,Grocery,7,8.6,Air,Blue Dart,2466.1,300.66,0.0,2025-05-06,2025-05-07,2025-05-10,Delayed,4.0,No,No,4,3,9.398246951219512,2766.7599999999998,0
ORD101475,CUST11504,2025-03-21,Mumbai,Mumbai,Bhopal,417.1,Electronics,1,9.51,Road,Shadowfax,1960.65,259.48,8.2,2025-03-24,2025-03-31,2025-03-31,Delivered,5.0,No,No,7,0,4.70067130184608,2220.13,1
ORD103770,CUST11493,2025-12-11,Pune,Pune,Hyderabad,91.0,Beauty,3,5.01,Express,Shadowfax,803.03,65.96,8.47,2025-12-14,2025-12-16,2025-12-16,Delivered,4.0,No,No,2,0,8.824505494505495,868.99,1
ORD102735,CUST11589,2025-08-06,Mumbai,Mumbai,Ahmedabad,381.2,Sports,4,2.43,Rail,Xpressbees,1282.52,352.81,12.29,2025-08-09,2025-08-15,2025-08-15,Delivered,4.0,No,No,6,0,3.3644281217208816,1635.33,1
ORD103581,CUST10802,2025-08-02,Hyderabad,Hyderabad,Surat,161.6,Clothing,4,16.98,Air,Ecom Express,1656.04,166.9,7.13,2025-08-04,2025-08-07,2025-08-07,Delivered,4.0,No,No,3,0,10.247772277227723,1822.94,1
ORD103306,CUST12310,2025-02-06,Mumbai,Mumbai,Bengaluru,109.6,Books,2,11.4,Road,Shadowfax,604.92,53.85,7.97,2025-02-08,2025-02-12,2025-02-12,Delivered,4.0,No,No,4,0,5.51934306569343,658.77,1
ORD104597,CUST10820,2025-01-07,Hyderabad,Hyderabad,Vijayawada,71.8,Home & Kitchen,1,8.73,Road,Shadowfax,530.0,111.45,5.86,2025-01-08,2025-01-14,2025-01-17,Delayed,5.0,No,No,9,3,7.381615598885794,641.45,0
ORD101779,CUST10395,2025-07-29,Hyderabad,Hyderabad,Kolkata,224.1,Automotive,4,6.6,Express,Shadowfax,1658.41,235.67,6.32,2025-08-01,2025-08-05,2025-08-05,Delivered,5.0,No,No,4,0,7.4003123605533245,1894.0800000000002,1
ORD103412,CUST12315,2025-01-26,Mumbai,Mumbai,Chennai,253.3,Grocery,1,10.85,Air,Blue Dart,2522.18,216.2,9.79,2025-01-28,2025-02-01,2025-02-01,Delivered,4.0,No,No,4,0,9.95728385313857,2738.3799999999997,1
ORD104747,CUST10136,2025-06-21,Delhi,Delhi,Vijayawada,101.4,Sports,1,5.96,Road,Shadowfax,471.33,93.67,9.79,2025-06-23,2025-06-28,2025-06-28,Delivered,4.0,No,No,5,0,4.648224852071006,565.0,1
ORD104352,CUST12709,2025-08-25,Delhi,Delhi,Mumbai,111.2,Books,4,1.71,Road,Shadowfax,490.64,83.21,9.67,2025-08-27,2025-08-31,2025-09-02,Delayed,4.0,No,No,6,2,4.412230215827338,573.85,0
ORD100143,CUST11768,2025-04-23,Pune,Pune,Indore,44.4,Beauty,7,4.08,Road,Xpressbees,440.97,141.54,10.87,2025-04-25,2025-04-30,2025-04-30,Delivered,4.0,No,No,5,0,9.931756756756757,582.51,1
ORD102805,CUST10031,2025-02-17,Mumbai,Mumbai,Pune,72.7,Clothing,1,5.54,Express,Dtdc,689.24,86.16,8.88,2025-02-19,2025-02-20,2025-02-27,Delayed,3.0,No,No,8,7,9.48060522696011,775.4,0
ORD104019,CUST11754,2025-09-05,Chennai,Chennai,Delhi,111.3,Electronics,5,2.89,Air,Dtdc,1194.78,120.81,3.83,2025-09-07,2025-09-09,2025-09-09,Delivered,4.0,No,No,2,0,10.734770889487871,1315.59,1
ORD103092,CUST10966,2025-12-08,Chennai,Chennai,Unknown,562.3,Clothing,4,5.63,Air,Delhivery,5337.9,498.3,6.26,2025-12-09,2025-12-13,2025-12-13,Delivered,4.0,No,Yes,4,0,9.492975280099591,5836.2,1
ORD100749,CUST11098,2025-05-02,Chennai,Chennai,Kochi,305.3,Home & Kitchen,1,6.68,Road,Shadowfax,1423.91,226.72,4.79,2025-05-04,2025-05-08,2025-05-09,Delayed,3.0,No,No,5,1,4.663969865705863,1650.63,0
ORD103250,CUST11483,2025-07-10,Mumbai,Mumbai,Vijayawada,274.7,Books,5,2.54,Rail,Blue Dart,812.04,0.0,7.88,2025-07-12,2025-07-18,2025-07-18,Delivered,4.0,No,No,6,0,2.9560975609756097,812.04,1
ORD100273,CUST11623,2025-03-07,Mumbai,Mumbai,Chennai,281.3,Sports,7,3.98,Road,Ecom Express,1253.92,222.01,9.19,2025-03-09,2025-03-15,2025-03-15,Delivered,4.0,No,Yes,6,0,4.457589761820121,1475.93,1
ORD100440,CUST12400,2025-11-14,Chennai,Chennai,Jaipur,309.7,Automotive,6,7.51,Air,Shadowfax,2943.55,301.67,3.82,2025-11-15,2025-11-17,2025-11-17,Delivered,5.0,No,No,2,0,9.504520503713271,3245.2200000000003,1
ORD101087,CUST10841,2025-05-18,Hyderabad,Hyderabad,Kochi,207.4,Books,2,5.06,Rail,Delhivery,700.31,190.59,8.05,2025-05-20,2025-05-27,2025-05-27,Delivered,5.0,No,No,7,0,3.3766152362584374,890.9,1
ORD101128,CUST10005,2025-03-24,Chennai,Chennai,Hyderabad,737.7,Electronics,7,2.24,Road,Ecom Express,3259.17,700.9,11.05,2025-03-26,2025-03-30,2025-03-30,Delivered,5.0,No,No,4,0,4.4180154534363565,3960.07,1
ORD101654,CUST12627,2025-12-17,Delhi,Delhi,Vijayawada,552.0,Electronics,3,1.51,Rail,Delhivery,1825.51,586.81,7.92,2025-12-19,2025-12-26,2025-12-26,Delivered,5.0,No,No,7,0,3.3070833333333334,2412.3199999999997,1
ORD104765,CUST11924,2025-05-07,Bengaluru,Bengaluru,Vijayawada,306.2,Automotive,4,5.52,Road,Delhivery,1512.07,180.55,10.06,2025-05-11,2025-05-17,2025-05-17,Delivered,3.0,No,No,6,0,4.938177661659046,1692.62,1
ORD101606,CUST11895,2025-09-19,Mumbai,Mumbai,Coimbatore,928.2,Beauty,7,2.41,Express,Ecom Express,6469.62,791.94,11.23,2025-09-22,2025-09-27,2025-09-30,Delayed,2.0,No,No,8,3,6.970071105365222,7261.5599999999995,0
ORD102442,CUST12051,2025-08-04,Bengaluru,Bengaluru,Pune,222.4,Automotive,1,1.94,Road,Blue Dart,1066.01,131.74,6.34,2025-08-05,2025-08-11,2025-08-11,Delivered,4.0,No,No,6,0,4.793210431654676,1197.75,1
ORD101357,CUST10746,2025-07-08,Mumbai,Mumbai,Kochi,389.8,Sports,3,8.94,Rail,Xpressbees,1454.54,266.94,10.79,2025-07-11,2025-07-17,2025-07-17,Delivered,4.0,No,No,6,0,3.731503335043612,1721.48,1
ORD104344,CUST10024,2025-04-13,Chennai,Chennai,Mumbai,136.3,Beauty,1,0.37,Rail,Xpressbees,406.57,154.54,8.34,2025-04-15,2025-04-21,2025-04-21,Delivered,5.0,No,Yes,6,0,2.9829053558327216,561.11,1
ORD100807,CUST10654,2025-01-17,Bengaluru,Bengaluru,Mumbai,501.1,Electronics,4,13.24,Road,Xpressbees,2336.83,457.98,7.33,2025-01-20,2025-01-25,2025-01-25,Delivered,5.0,No,No,5,0,4.663400518858511,2794.81,1
ORD104446,CUST10166,2025-07-11,Pune,Pune,Kolkata,485.0,Sports,5,7.85,Road,Delhivery,2194.54,513.55,9.41,2025-07-13,2025-07-18,2025-07-18,Delivered,4.0,No,No,5,0,4.524824742268041,2708.09,1
ORD103943,CUST12345,2025-12-04,Chennai,Chennai,Ahmedabad,296.7,Grocery,6,4.06,Road,Dtdc,1370.1,253.8,7.88,2025-12-05,2025-12-10,2025-12-15,Delayed,3.0,Yes,Yes,10,5,4.617795753286147,1623.8999999999999,0
ORD101810,CUST10904,2025-04-13,Delhi,Delhi,Bengaluru,449.3,Grocery,3,6.92,Rail,Delhivery,1455.99,371.6,10.12,2025-04-16,2025-04-23,2025-04-23,Delivered,4.0,No,No,7,0,3.2405742265746715,1827.5900000000001,1
ORD102757,CUST10805,2025-11-26,Delhi,Delhi,Jaipur,1156.7,Automotive,1,1.59,Road,Dtdc,4814.06,717.14,10.3,2025-11-29,2025-12-06,2025-12-06,Delivered,5.0,No,No,7,0,4.161891588138671,5531.200000000001,1
ORD101013,CUST12607,2025-05-07,Chennai,Chennai,Bengaluru,453.6,Grocery,4,2.06,Rail,Ecom Express,1546.2,440.77,4.47,2025-05-09,2025-05-15,2025-05-15,Delivered,5.0,No,No,6,0,3.4087301587301586,1986.97,1
ORD104786,CUST12471,2025-11-26,Bengaluru,Bengaluru,Chennai,163.4,Clothing,1,7.69,Rail,Dtdc,465.89,199.36,7.79,2025-11-27,2025-12-03,2025-12-03,Delivered,4.0,No,No,6,0,2.8512239902080783,665.25,1
ORD102948,CUST10530,2025-03-01,Hyderabad,Hyderabad,Delhi,475.3,Grocery,5,3.15,Road,Dtdc,2097.66,452.08,6.34,2025-03-03,2025-03-09,2025-03-09,Delivered,4.0,No,No,6,0,4.413338943824952,2549.74,1
ORD104106,CUST11937,2025-09-16,Bengaluru,Bengaluru,Indore,275.8,Books,7,9.78,Air,Ecom Express,2791.87,174.57,8.79,2025-09-18,2025-09-21,2025-09-21,Delivered,4.0,No,No,3,0,10.122806381435822,2966.44,1
ORD100903,CUST11979,2025-04-28,Mumbai,Mumbai,Jaipur,426.5,Clothing,5,1.22,Express,Delhivery,3025.35,313.86,11.76,2025-05-01,2025-05-04,2025-05-04,Delivered,4.0,No,No,3,0,7.093434935521688,3339.21,1
ORD103428,CUST11326,2025-01-12,Pune,Pune,Ahmedabad,1102.2,Home & Kitchen,4,11.45,Road,Shadowfax,4906.99,772.66,8.58,2025-01-14,2025-01-20,2025-01-20,Delivered,5.0,No,Yes,6,0,4.4519960079840315,5679.65,1
ORD102255,CUST10079,2025-05-15,Chennai,Chennai,Indore,367.1,Home & Kitchen,4,4.14,Road,Shadowfax,1529.23,453.48,9.22,2025-05-18,2025-05-23,2025-05-23,Delivered,4.0,No,No,5,0,4.165704167801689,1982.71,1
ORD104360,CUST11935,2025-04-13,Bengaluru,Bengaluru,Visakhapatnam,411.6,Beauty,4,2.7,Air,Dtdc,3853.08,392.88,6.69,2025-04-15,2025-04-17,2025-04-17,Delivered,4.0,No,No,2,0,9.361224489795918,4245.96,1
ORD102271,CUST11278,2025-05-29,Bengaluru,Bengaluru,Delhi,634.2,Automotive,1,3.66,Road,Dtdc,2788.28,680.74,8.88,2025-06-01,2025-06-06,2025-06-06,Delivered,5.0,No,No,5,0,4.396531062756228,3469.0200000000004,1
ORD100516,CUST11839,2025-07-14,Hyderabad,Hyderabad,Kochi,148.7,Home & Kitchen,2,5.73,Road,Ecom Express,749.18,181.14,5.79,2025-07-15,2025-07-22,2025-07-22,Delivered,4.0,No,No,7,0,5.038197713517149,930.3199999999999,1
ORD100412,CUST12167,2025-07-02,Chennai,Chennai,Mumbai,147.5,Electronics,2,2.45,Air,Ecom Express,1358.34,104.55,7.8,2025-07-04,2025-07-07,2025-07-07,Delivered,4.0,No,No,3,0,9.209084745762711,1462.8899999999999,1
ORD102599,CUST12334,2025-05-09,Bengaluru,Bengaluru,Coimbatore,976.6,Grocery,6,0.62,Road,Xpressbees,4142.53,938.76,6.33,2025-05-11,2025-05-18,2025-05-21,Delayed,5.0,No,No,10,3,4.241787835347123,5081.29,0
ORD101996,CUST11729,2025-05-04,Hyderabad,Hyderabad,Kochi,319.1,Electronics,5,12.31,Road,Dtdc,1582.72,311.61,4.38,2025-05-06,2025-05-11,2025-05-13,Delayed,4.0,No,No,7,2,4.959949858978376,1894.33,0
ORD103341,CUST10021,2025-09-20,Pune,Pune,Surat,444.9,Beauty,6,3.75,Road,Blue Dart,1835.55,438.81,7.24,2025-09-23,2025-09-29,2025-09-29,Delivered,4.0,No,No,6,0,4.125758597437627,2274.36,1
ORD100123,CUST12499,2025-11-21,Pune,Pune,Delhi,410.0,Sports,3,4.88,Rail,Shadowfax,1471.89,484.1,12.15,2025-11-23,2025-11-30,2025-11-30,Delivered,5.0,No,No,7,0,3.589975609756098,1955.9900000000002,1
ORD102637,CUST11972,2025-06-25,Bengaluru,Bengaluru,Vijayawada,642.9,Electronics,7,3.63,Air,Shadowfax,5996.12,498.23,8.14,2025-06-27,2025-06-29,2025-06-29,Delivered,4.0,No,No,2,0,9.32667599937782,6494.35,1
ORD102907,CUST11842,2025-01-12,Hyderabad,Hyderabad,Bhopal,213.7,Grocery,4,4.07,Rail,Shadowfax,662.58,168.65,8.71,2025-01-15,2025-01-22,2025-01-22,Delivered,4.0,No,No,7,0,3.1005147402901265,831.23,1
ORD102903,CUST10172,2025-11-11,Hyderabad,Hyderabad,Unknown,141.9,Sports,1,8.42,Road,Dtdc,855.68,145.76,10.48,2025-11-14,2025-11-20,2025-11-20,Delivered,4.0,No,No,6,0,6.0301620859760385,1001.4399999999999,1
ORD103192,CUST10253,2025-12-30,Mumbai,Mumbai,Bengaluru,491.0,Grocery,5,1.0,Road,Xpressbees,2070.68,311.57,9.23,2026-01-01,2026-01-06,2026-01-09,Delayed,2.0,No,No,8,3,4.217270875763747,2382.25,0
ORD102439,CUST10806,2025-05-24,Hyderabad,Hyderabad,Nagpur,691.4,Books,4,5.87,Road,Delhivery,2974.55,620.65,6.8,2025-05-25,2025-05-30,2025-05-30,Delivered,5.0,No,No,5,0,4.302212901359561,3595.2000000000003,1
ORD101785,CUST10613,2025-10-29,Pune,Pune,Kolkata,387.2,Books,3,7.38,Road,Blue Dart,1737.92,370.4,12.03,2025-10-31,2025-11-06,2025-11-06,Delivered,5.0,No,No,6,0,4.488429752066116,2108.32,1
ORD100718,CUST12263,2025-11-24,Chennai,Chennai,Jaipur,855.7,Beauty,2,4.67,Road,Ecom Express,3686.17,687.66,9.79,2025-11-26,2025-12-03,2025-12-03,Delivered,5.0,No,No,7,0,4.307783101554283,4373.83,1
ORD104812,CUST10516,2025-03-01,Bengaluru,Bengaluru,Bhopal,1054.8,Books,6,11.89,Road,Shadowfax,4667.05,803.63,6.89,2025-03-04,2025-03-10,2025-03-15,Delayed,4.0,No,No,11,5,4.424582859309822,5470.68,0
ORD100404,CUST10075,2025-01-12,Bengaluru,Bengaluru,Delhi,418.0,Automotive,3,5.04,Express,Ecom Express,3013.58,319.03,7.78,2025-01-14,2025-01-18,2025-01-18,Delivered,4.0,No,No,4,0,7.209521531100478,3332.6099999999997,1
ORD100697,CUST11293,2025-01-18,Mumbai,Mumbai,Visakhapatnam,214.3,Grocery,3,6.01,Rail,Xpressbees,769.15,210.59,8.73,2025-01-20,2025-01-28,2025-01-28,Delivered,4.0,No,No,8,0,3.5891273915072324,979.74,1
ORD100804,CUST12656,2025-01-03,Hyderabad,Hyderabad,Chennai,142.0,Electronics,7,1.85,Air,Xpressbees,1449.08,195.5,6.69,2025-01-05,2025-01-06,2025-01-06,Delivered,4.0,No,No,1,0,10.204788732394366,1644.58,1
ORD103352,CUST12161,2025-02-11,Mumbai,Mumbai,Jaipur,177.5,Home & Kitchen,6,5.67,Road,Delhivery,921.11,152.02,9.33,2025-02-14,2025-02-19,2025-02-19,Delivered,5.0,No,No,5,0,5.1893521126760564,1073.13,1
ORD100962,CUST10153,2025-09-12,Mumbai,Mumbai,Pune,746.4,Grocery,4,3.64,Rail,Blue Dart,2626.4,859.09,10.0,2025-09-15,2025-09-23,2025-09-26,Delayed,4.0,Yes,No,11,3,3.518756698821008,3485.4900000000002,0
ORD100026,CUST11012,2025-11-17,Hyderabad,Hyderabad,Bhopal,156.7,Sports,5,6.3,Road,Blue Dart,844.97,165.1,7.13,2025-11-18,2025-11-24,2025-11-24,Delivered,5.0,No,No,6,0,5.392278238672623,1010.07,1
ORD104865,CUST11783,2025-04-16,Hyderabad,Hyderabad,Bengaluru,414.4,Beauty,3,4.03,Rail,Ecom Express,1348.14,326.86,4.26,2025-04-18,2025-04-25,2025-04-30,Delayed,3.0,No,Yes,12,5,3.253233590733591,1675.0,0
ORD101904,CUST11780,2025-11-01,Mumbai,Mumbai,Bhopal,526.0,Electronics,2,9.84,Road,Dtdc,2474.03,560.95,11.36,2025-11-03,2025-11-08,2025-11-08,Delivered,4.0,No,No,5,0,4.703479087452472,3034.9800000000005,1
ORD101950,CUST10611,2025-11-08,Pune,Pune,Kolkata,384.0,Books,4,8.05,Road,Xpressbees,1759.05,368.46,11.22,2025-11-10,2025-11-15,2025-11-16,Delayed,4.0,No,No,6,1,4.580859375,2127.5099999999998,0
ORD104580,CUST11880,2025-01-21,Pune,Pune,Chennai,633.7,Sports,2,8.24,Rail,Blue Dart,2216.6,705.43,6.11,2025-01-22,2025-01-28,2025-01-28,Delivered,4.0,No,No,6,0,3.497869654410604,2922.0299999999997,1
ORD102659,CUST11008,2025-02-22,Hyderabad,Hyderabad,Mumbai,203.6,Clothing,4,5.79,Air,Delhivery,2013.3,223.46,7.83,2025-02-24,2025-02-26,2025-02-28,Delayed,3.0,No,No,4,2,9.888506876227899,2236.7599999999998,0
ORD102748,CUST12588,2025-02-20,Pune,Pune,Nagpur,1228.2,Books,4,10.81,Air,Delhivery,11301.84,1154.54,10.66,2025-02-23,2025-03-01,2025-03-03,Delayed,3.0,No,No,8,2,9.201954079140204,12456.380000000001,0
ORD100532,CUST12542,2025-05-01,Delhi,Delhi,Coimbatore,567.7,Books,3,5.57,Road,Ecom Express,2448.4,388.86,8.54,2025-05-03,2025-05-09,2025-05-11,Delayed,3.0,Yes,Yes,8,2,4.312841289413423,2837.26,0
ORD103437,CUST10681,2025-07-08,Bengaluru,Bengaluru,Coimbatore,775.2,Sports,6,1.97,Road,Xpressbees,3405.82,558.24,8.5,2025-07-09,2025-07-14,2025-07-16,Delayed,4.0,No,No,7,2,4.393472652218782,3964.0600000000004,0
ORD102575,CUST11901,2025-07-11,Mumbai,Mumbai,Coimbatore,341.9,Books,1,7.5,Road,Ecom Express,1512.44,216.96,12.0,2025-07-15,2025-07-21,2025-07-22,Delayed,2.0,No,No,7,1,4.4236326411231355,1729.4,0
ORD100580,CUST11552,2025-02-26,Pune,Pune,Vijayawada,626.4,Books,5,3.82,Road,Blue Dart,2705.85,475.02,13.57,2025-03-01,2025-03-06,2025-03-06,Delivered,4.0,Yes,No,5,0,4.3196839080459775,3180.87,1
ORD104887,CUST12434,2025-02-15,Delhi,Delhi,Pune,520.4,Sports,1,4.29,Rail,Ecom Express,1766.47,454.05,5.95,2025-02-17,2025-02-23,2025-02-25,Delayed,3.0,No,No,8,2,3.3944465795541894,2220.52,0
ORD100200,CUST11263,2025-09-27,Pune,Pune,Bhopal,218.6,Automotive,7,3.65,Road,Dtdc,1067.2,180.57,11.39,2025-09-29,2025-10-04,2025-10-04,Delivered,4.0,No,No,5,0,4.881976212259835,1247.77,1
ORD104952,CUST10676,2025-06-21,Chennai,Chennai,Nagpur,804.0,Grocery,4,3.29,Rail,Dtdc,2530.38,547.84,7.49,2025-06-23,2025-06-30,2025-06-30,Delivered,4.0,No,Yes,7,0,3.1472388059701495,3078.2200000000003,1
ORD101680,CUST10662,2025-01-15,Hyderabad,Hyderabad,Visakhapatnam,656.6,Automotive,3,6.15,Road,Ecom Express,2865.66,630.62,7.42,2025-01-17,2025-01-24,2025-01-28,Delayed,4.0,No,No,11,4,4.364392324093816,3496.2799999999997,0
ORD102519,CUST10012,2025-12-24,Pune,Pune,Mumbai,208.0,Clothing,1,9.45,Air,Blue Dart,2059.22,180.63,10.96,2025-12-26,2025-12-29,2025-12-29,Delivered,4.0,No,No,3,0,9.900096153846153,2239.85,1
ORD100926,CUST11017,2025-12-29,Pune,Pune,Mumbai,128.7,Grocery,4,5.02,Road,Xpressbees,706.81,119.62,8.39,2025-12-31,2026-01-04,2026-01-04,Delivered,5.0,No,No,4,0,5.491919191919192,826.43,1
ORD101756,CUST11084,2025-04-23,Chennai,Chennai,Bhopal,74.5,Home & Kitchen,1,1.44,Road,Xpressbees,375.47,99.43,5.02,2025-04-25,2025-04-29,2025-04-29,Delivered,4.0,No,No,4,0,5.039865771812081,474.90000000000003,1
ORD100599,CUST11523,2025-08-03,Hyderabad,Hyderabad,Bengaluru,150.9,Clothing,6,1.7,Express,Dtdc,1165.12,127.7,8.88,2025-08-04,2025-08-05,2025-08-05,Delivered,4.0,No,No,1,0,7.721139827700463,1292.82,1
ORD101276,CUST11495,2025-04-03,Mumbai,Mumbai,Jaipur,622.4,Sports,2,4.08,Road,Shadowfax,2826.31,648.55,11.72,2025-04-05,2025-04-09,2025-04-09,Delivered,5.0,No,No,4,0,4.5409865038560415,3474.8599999999997,1
ORD102779,CUST11970,2025-11-01,Pune,Pune,Hyderabad,273.0,Home & Kitchen,7,2.18,Rail,Blue Dart,981.15,326.84,11.31,2025-11-04,2025-11-11,2025-11-14,Delayed,2.0,No,No,10,3,3.593956043956044,1307.99,0
ORD101326,CUST11318,2025-05-22,Delhi,Delhi,Pune,124.3,Sports,7,7.8,Road,Dtdc,695.79,195.0,8.77,2025-05-24,2025-05-28,2025-05-28,Delivered,4.0,No,No,4,0,5.597666934835076,890.79,1
ORD101386,CUST11979,2025-04-30,Bengaluru,Bengaluru,Bhopal,161.2,Beauty,3,0.78,Road,Xpressbees,829.09,156.34,8.48,2025-05-01,2025-05-05,2025-05-06,Delayed,3.0,No,No,5,1,5.1432382133995045,985.4300000000001,0
ORD102808,CUST11423,2025-01-15,Delhi,Delhi,Kolkata,728.7,Home & Kitchen,3,2.08,Air,Ecom Express,6645.3,680.15,8.55,2025-01-17,2025-01-20,2025-01-24,Delayed,4.0,No,No,7,4,9.119390695759572,7325.45,0
ORD100533,CUST12129,2025-12-02,Chennai,Chennai,Delhi,278.4,Sports,3,1.48,Road,Ecom Express,1282.98,289.8,9.02,2025-12-04,2025-12-08,2025-12-08,Delivered,4.0,No,No,4,0,4.608405172413794,1572.78,1
ORD101161,CUST10593,2025-04-15,Mumbai,Mumbai,Bengaluru,1009.7,Sports,3,3.68,Road,Ecom Express,4253.44,1032.0,8.34,2025-04-17,2025-04-22,2025-04-23,Delayed,4.0,No,No,6,1,4.2125779934634044,5285.44,0
ORD104223,CUST12578,2025-07-21,Hyderabad,Hyderabad,Ahmedabad,744.3,Home & Kitchen,2,11.04,Road,Xpressbees,3361.27,634.92,11.3,2025-07-24,2025-07-31,2025-08-03,Delayed,4.0,No,No,10,3,4.516015047695822,3996.19,0
ORD101626,CUST10990,2025-12-22,Hyderabad,Hyderabad,Coimbatore,325.6,Home & Kitchen,7,6.06,Express,Ecom Express,2470.43,294.74,10.05,2025-12-25,2025-12-27,2025-12-27,Delivered,5.0,No,No,2,0,7.587315724815724,2765.17,1
ORD104892,CUST10176,2025-06-16,Hyderabad,Hyderabad,Surat,914.5,Books,5,7.79,Express,Dtdc,6560.3,918.05,6.9,2025-06-18,2025-06-22,2025-06-22,Delivered,5.0,No,No,4,0,7.173646801530891,7478.35,1
ORD103683,CUST11357,2025-07-26,Bengaluru,Bengaluru,Surat,1162.2,Electronics,1,3.09,Road,Shadowfax,5006.91,1031.43,10.22,2025-07-29,2025-08-06,2025-08-08,Delayed,3.0,No,No,10,2,4.308131130614352,6038.34,0
ORD103514,CUST10870,2025-12-19,Hyderabad,Hyderabad,Mumbai,350.2,Beauty,2,4.14,Road,Ecom Express,1664.85,428.42,7.79,2025-12-21,2025-12-25,2025-12-25,Delivered,4.0,No,No,4,0,4.75399771559109,2093.27,1
ORD101891,CUST12583,2025-08-29,Hyderabad,Hyderabad,Lucknow,459.0,Books,3,10.91,Express,Ecom Express,3407.64,467.64,8.52,2025-08-31,2025-09-03,2025-09-03,Delivered,5.0,Yes,No,3,0,7.424052287581699,3875.2799999999997,1
ORD101091,CUST10307,2025-04-28,Mumbai,Mumbai,Pune,733.1,Grocery,4,4.54,Air,Shadowfax,6646.32,850.18,10.91,2025-04-30,2025-05-04,2025-05-04,Delivered,4.0,No,No,4,0,9.066048288091665,7496.5,1
ORD103547,CUST10650,2025-09-08,Bengaluru,Bengaluru,Jaipur,318.7,Home & Kitchen,1,5.66,Express,Blue Dart,2298.35,382.26,7.47,2025-09-11,2025-09-13,2025-09-13,Delivered,4.0,No,No,2,0,7.211641041732037,2680.6099999999997,1
ORD103665,CUST10056,2025-02-19,Mumbai,Mumbai,Visakhapatnam,827.2,Automotive,4,2.59,Road,Shadowfax,3583.12,535.85,11.02,2025-02-22,2025-03-01,2025-03-01,Delivered,4.0,No,No,7,0,4.331624758220503,4118.97,1
ORD102825,CUST11675,2025-06-05,Hyderabad,Hyderabad,Coimbatore,565.3,Grocery,6,3.55,Road,Shadowfax,2526.06,322.77,7.87,2025-06-07,2025-06-12,2025-06-12,Delivered,4.0,No,No,5,0,4.46852998407925,2848.83,1
ORD101926,CUST12151,2025-05-14,Chennai,Chennai,Hyderabad,424.9,Automotive,3,4.7,Air,Blue Dart,3996.87,418.13,7.74,2025-05-16,2025-05-19,2025-05-19,Delivered,5.0,No,No,3,0,9.40661332078136,4415.0,1
ORD103261,CUST11142,2025-04-03,Chennai,Chennai,Mumbai,717.3,Home & Kitchen,5,4.36,Express,Blue Dart,5154.54,668.11,8.43,2025-04-04,2025-04-08,2025-04-08,Delivered,5.0,No,No,4,0,7.18603094939356,5822.65,1
ORD104305,CUST11630,2025-09-20,Hyderabad,Hyderabad,Kochi,678.4,Books,4,2.05,Rail,Dtdc,2103.99,726.07,6.57,2025-09-22,2025-09-29,2025-10-04,Delayed,4.0,No,No,12,5,3.1014003537735846,2830.06,0
ORD101109,CUST11093,2025-08-17,Hyderabad,Hyderabad,Visakhapatnam,208.1,Electronics,1,4.25,Road,Xpressbees,975.71,116.1,5.79,2025-08-19,2025-08-24,2025-08-24,Delivered,4.0,No,No,5,0,4.688659298414224,1091.81,1
ORD102273,CUST10227,2025-07-01,Delhi,Delhi,Mumbai,1033.7,Home & Kitchen,6,8.22,Air,Blue Dart,9364.27,781.09,7.68,2025-07-02,2025-07-04,2025-07-04,Delivered,4.0,No,No,2,0,9.05898229660443,10145.36,1
ORD103938,CUST12587,2025-12-01,Delhi,Delhi,Visakhapatnam,236.8,Sports,2,12.73,Air,Xpressbees,2346.67,298.47,12.2,2025-12-04,2025-12-07,2025-12-08,Delayed,4.0,No,No,4,1,9.909923986486486,2645.1400000000003,0
ORD102668,CUST12031,2025-06-11,Chennai,Chennai,Lucknow,142.7,Home & Kitchen,3,1.61,Air,Xpressbees,1278.72,70.26,8.26,2025-06-13,2025-06-14,2025-06-14,Delivered,3.0,No,No,1,0,8.960896986685356,1348.98,1
ORD102348,CUST11928,2025-04-28,Mumbai,Mumbai,Vijayawada,370.1,Grocery,2,5.21,Express,Shadowfax,2600.18,400.56,13.39,2025-05-01,2025-05-04,2025-05-04,Delivered,4.0,No,No,3,0,7.025614698730072,3000.74,1
ORD101414,CUST12366,2025-05-17,Mumbai,Mumbai,Delhi,909.3,Sports,2,1.41,Air,Shadowfax,8207.01,849.55,10.99,2025-05-20,2025-05-24,2025-05-24,Delivered,4.0,No,No,4,0,9.025635103926097,9056.56,1
ORD104963,CUST10561,2025-04-17,Pune,Pune,Lucknow,526.2,Grocery,7,10.81,Road,Xpressbees,2511.28,619.2,7.27,2025-04-19,2025-04-25,2025-04-25,Delivered,4.0,No,No,6,0,4.772481946028126,3130.4800000000005,1
ORD104972,CUST10233,2025-10-28,Chennai,Chennai,Vijayawada,382.5,Sports,7,8.91,Road,Delhivery,1894.6,361.32,8.14,2025-10-30,2025-11-04,2025-11-04,Delivered,4.0,No,No,5,0,4.953202614379085,2255.92,1
ORD100215,CUST10344,2025-02-15,Bengaluru,Bengaluru,Ahmedabad,128.0,Sports,3,12.87,Road,Delhivery,864.81,79.5,7.69,2025-02-17,2025-02-21,2025-02-21,Delivered,5.0,No,No,4,0,6.756328125,944.31,1
ORD103563,CUST11277,2025-02-22,Delhi,Delhi,Coimbatore,360.0,Clothing,5,4.82,Road,Delhivery,1636.74,420.28,9.76,2025-02-24,2025-03-02,2025-03-02,Delivered,5.0,No,No,6,0,4.5465,2057.02,1
ORD100388,CUST12675,2025-01-02,Mumbai,Mumbai,Delhi,76.9,Sports,6,13.17,Rail,Dtdc,444.53,54.09,11.57,2025-01-05,2025-01-12,2025-01-12,Delivered,3.0,No,No,7,0,5.780624187256176,498.62,1
ORD104970,CUST10454,2025-01-06,Pune,Pune,Ahmedabad,318.3,Grocery,2,6.99,Rail,Blue Dart,1264.93,326.04,12.18,2025-01-10,2025-01-15,2025-01-15,Delivered,4.0,No,Yes,5,0,3.9740182218033304,1590.97,1
ORD102026,CUST10738,2025-11-12,Mumbai,Mumbai,Hyderabad,155.6,Sports,5,8.64,Rail,Delhivery,751.08,148.87,9.17,2025-11-15,2025-11-20,2025-11-20,Delivered,4.0,No,No,5,0,4.826992287917738,899.95,1
ORD102645,CUST10943,2025-11-16,Delhi,Delhi,Pune,262.2,Home & Kitchen,1,0.72,Air,Ecom Express,2502.34,221.71,6.96,2025-11-17,2025-11-21,2025-11-21,Delivered,4.0,No,No,4,0,9.543630816170863,2724.05,1
ORD100732,CUST11358,2025-06-03,Hyderabad,Hyderabad,Vijayawada,265.7,Clothing,2,5.89,Air,Shadowfax,2475.17,164.57,5.69,2025-06-05,2025-06-08,2025-06-10,Delayed,3.0,No,No,5,2,9.315656755739557,2639.7400000000002,0
ORD102660,CUST11652,2025-08-13,Hyderabad,Hyderabad,Delhi,347.4,Automotive,2,4.23,Rail,Shadowfax,1119.48,0.0,8.11,2025-08-15,2025-08-22,2025-08-22,Delivered,3.0,No,No,7,0,3.2224525043177894,1119.48,1
ORD102127,CUST10561,2025-02-08,Delhi,Delhi,Indore,620.9,Beauty,3,5.48,Rail,Shadowfax,2171.06,601.22,10.87,2025-02-11,2025-02-18,2025-02-23,Delayed,3.0,No,No,12,5,3.4966339185053954,2772.2799999999997,0
ORD100708,CUST12500,2025-08-09,Delhi,Delhi,Jaipur,345.3,Automotive,5,7.16,Road,Shadowfax,1558.14,349.96,13.37,2025-08-11,2025-08-18,2025-08-18,Delivered,4.0,No,No,7,0,4.512423979148567,1908.1000000000001,1
ORD103260,CUST10051,2025-08-03,Bengaluru,Bengaluru,Indore,341.5,Sports,1,4.55,Air,Dtdc,3103.25,220.8,7.17,2025-08-05,2025-08-07,2025-08-09,Delayed,3.0,No,No,4,2,9.087115666178624,3324.05,0
ORD101117,CUST12642,2025-04-19,Hyderabad,Hyderabad,Lucknow,374.2,Clothing,7,3.22,Rail,Dtdc,1410.36,233.36,10.47,2025-04-21,2025-04-26,2025-05-01,Delayed,4.0,No,No,10,5,3.7690005344735433,1643.7199999999998,0
ORD101511,CUST10032,2025-07-03,Bengaluru,Bengaluru,Kochi,319.2,Automotive,2,2.8,Road,Dtdc,1511.48,0.0,6.9,2025-07-06,2025-07-13,2025-07-18,Delayed,3.0,No,No,12,5,4.735213032581454,1511.48,0
ORD101446,CUST11958,2025-09-18,Bengaluru,Bengaluru,Kochi,475.3,Home & Kitchen,4,0.88,Road,Blue Dart,1989.05,333.11,7.48,2025-09-20,2025-09-24,2025-09-24,Delivered,4.0,No,Yes,4,0,4.184830633284242,2322.16,1
ORD101777,CUST12385,2025-12-28,Hyderabad,Hyderabad,Visakhapatnam,246.6,Clothing,1,6.13,Air,Shadowfax,2288.32,167.56,5.83,2025-12-30,2026-01-02,2026-01-09,Delayed,4.0,No,No,10,7,9.27948094079481,2455.88,0
ORD104589,CUST11078,2025-05-29,Bengaluru,Bengaluru,Lucknow,521.0,Books,2,9.52,Air,Xpressbees,4826.48,362.27,9.23,2025-06-01,2025-06-04,2025-06-04,Delivered,5.0,No,No,3,0,9.26387715930902,5188.75,1
ORD102966,CUST12121,2025-09-10,Hyderabad,Hyderabad,Kochi,702.4,Grocery,2,2.91,Road,Delhivery,2854.19,782.04,5.22,2025-09-12,2025-09-18,2025-09-18,Delivered,3.0,No,No,6,0,4.063482346241458,3636.23,1
ORD104295,CUST11678,2025-08-14,Mumbai,Mumbai,Indore,42.7,Books,2,2.66,Road,Dtdc,211.16,65.31,8.43,2025-08-16,2025-08-22,2025-08-22,Delivered,4.0,No,No,6,0,4.94519906323185,276.47,1
ORD102976,CUST11543,2025-09-17,Bengaluru,Bengaluru,Mumbai,395.5,Sports,1,1.85,Road,Xpressbees,1738.2,347.62,8.98,2025-09-19,2025-09-24,2025-09-25,Delayed,4.0,No,No,6,1,4.3949431099873575,2085.82,0
ORD102244,CUST11069,2025-09-27,Delhi,Delhi,Lucknow,645.1,Home & Kitchen,6,4.13,Rail,Dtdc,2195.98,584.92,10.83,2025-09-30,2025-10-07,2025-10-07,Delivered,5.0,No,No,7,0,3.4040923887769337,2780.9,1
ORD101157,CUST10228,2025-11-23,Chennai,Chennai,Visakhapatnam,193.6,Beauty,2,2.37,Road,Shadowfax,840.45,158.96,7.74,2025-11-25,2025-11-30,2025-11-30,Delivered,5.0,No,No,5,0,4.341167355371901,999.4100000000001,1
ORD103233,CUST10370,2025-09-12,Bengaluru,Bengaluru,Delhi,496.8,Home & Kitchen,1,3.5,Road,Delhivery,2133.86,397.31,8.64,2025-09-14,2025-09-19,2025-09-19,Delivered,5.0,Yes,No,5,0,4.295209339774558,2531.17,1
ORD100943,CUST12735,2025-10-03,Chennai,Chennai,Visakhapatnam,425.8,Home & Kitchen,1,3.36,Road,Shadowfax,1984.97,447.21,0.0,2025-10-04,2025-10-08,2025-10-08,Delivered,4.0,No,No,4,0,4.661742602160639,2432.18,1
ORD101116,CUST10879,2025-06-05,Delhi,Delhi,Vijayawada,154.8,Home & Kitchen,7,2.11,Air,Delhivery,1437.5,190.75,9.26,2025-06-07,2025-06-11,2025-06-12,Delayed,3.0,No,No,5,1,9.286175710594314,1628.25,0
ORD103062,CUST12333,2025-09-06,Delhi,Delhi,Mumbai,230.7,Beauty,3,14.99,Road,Shadowfax,1144.44,196.42,12.51,2025-09-10,2025-09-17,2025-09-17,Delivered,3.0,No,Yes,7,0,4.96072821846554,1340.8600000000001,1
ORD100806,CUST10265,2025-09-18,Delhi,Delhi,Bengaluru,229.5,Electronics,1,1.56,Road,Blue Dart,960.77,228.43,6.57,2025-09-20,2025-09-26,2025-09-26,Delivered,5.0,No,No,6,0,4.18636165577342,1189.2,1
ORD103958,CUST11351,2025-09-16,Pune,Pune,Indore,1385.6,Sports,6,8.37,Road,Shadowfax,5985.44,1573.41,9.09,2025-09-20,2025-09-29,2025-09-29,Delivered,4.0,No,No,9,0,4.319745958429561,7558.849999999999,1
ORD101503,CUST10992,2025-02-15,Delhi,Delhi,Bengaluru,931.3,Sports,6,2.41,Air,Ecom Express,8451.32,966.04,7.21,2025-02-17,2025-02-20,2025-02-20,Delivered,4.0,No,No,3,0,9.074755717813808,9417.36,1
ORD104374,CUST10500,2025-11-11,Chennai,Chennai,Bhopal,613.0,Clothing,6,5.35,Air,Delhivery,5584.45,511.46,6.74,2025-11-13,2025-11-18,2025-11-18,Delivered,3.0,No,No,5,0,9.110032626427406,6095.91,1
ORD100333,CUST12103,2025-06-27,Bengaluru,Bengaluru,Visakhapatnam,429.7,Grocery,3,5.61,Air,Shadowfax,3991.28,375.24,7.47,2025-06-30,2025-07-04,2025-07-04,Delivered,4.0,No,No,4,0,9.28852687921806,4366.52,1
ORD103477,CUST12398,2025-06-17,Pune,Pune,Jaipur,461.1,Sports,7,12.0,Road,Blue Dart,2066.75,343.0,7.99,2025-06-19,2025-06-24,2025-06-25,Delayed,3.0,No,No,6,1,4.482216438950336,2409.75,0
ORD101590,CUST10197,2025-02-24,Mumbai,Mumbai,Kolkata,233.9,Sports,7,1.3,Express,Dtdc,1714.57,263.33,8.04,2025-02-25,2025-03-01,2025-03-01,Delivered,5.0,No,No,4,0,7.330354852501069,1977.8999999999999,1
ORD104639,CUST12351,2025-12-31,Mumbai,Mumbai,Visakhapatnam,568.7,Electronics,6,7.16,Road,Delhivery,2537.42,603.07,9.27,2026-01-03,2026-01-10,2026-01-10,Delivered,4.0,No,No,7,0,4.461790047476701,3140.4900000000002,1
ORD104913,CUST11123,2025-03-26,Chennai,Chennai,Pune,509.1,Grocery,7,6.91,Road,Xpressbees,2332.22,511.86,8.97,2025-03-28,2025-04-02,2025-04-02,Delivered,4.0,No,No,5,0,4.581064623846002,2844.08,1
ORD103959,CUST10497,2025-12-03,Bengaluru,Bengaluru,Indore,1050.9,Grocery,1,1.37,Air,Shadowfax,9621.74,1076.55,9.64,2025-12-06,2025-12-11,2025-12-11,Delivered,5.0,No,No,5,0,9.155714149776381,10698.289999999999,1
ORD102602,CUST11257,2025-12-03,Hyderabad,Hyderabad,Nagpur,612.8,Books,6,9.71,Road,Blue Dart,2770.06,641.43,8.34,2025-12-05,2025-12-11,2025-12-11,Delivered,5.0,No,No,6,0,4.520332898172324,3411.49,1
ORD103162,CUST10826,2025-01-25,Chennai,Chennai,Vijayawada,156.3,Automotive,3,2.43,Road,Shadowfax,831.71,168.53,8.14,2025-01-28,2025-02-01,2025-02-01,Delivered,5.0,No,No,4,0,5.321241202815099,1000.24,1
ORD103944,CUST12470,2025-10-12,Chennai,Chennai,Unknown,616.5,Books,4,3.24,Road,Ecom Express,0.0,535.38,9.05,2025-10-14,2025-10-19,2025-10-19,Delivered,4.0,No,No,5,0,0.0,535.38,1
ORD101036,CUST10585,2025-05-07,Hyderabad,Hyderabad,Pune,302.1,Electronics,2,2.75,Air,Delhivery,2829.17,256.32,8.8,2025-05-09,2025-05-12,2025-05-12,Delivered,4.0,No,No,3,0,9.365011585567693,3085.4900000000002,1
ORD103768,CUST11032,2025-10-02,Hyderabad,Hyderabad,Visakhapatnam,408.5,Sports,7,3.45,Rail,Xpressbees,1393.58,290.92,9.58,2025-10-04,2025-10-10,2025-10-10,Delivered,4.0,No,No,6,0,3.411456548347613,1684.5,1
ORD104382,CUST12502,2025-02-21,Hyderabad,Hyderabad,Bhopal,1034.1,Sports,1,5.91,Road,Dtdc,4464.62,1020.41,8.01,2025-02-24,2025-03-03,2025-03-03,Delivered,5.0,No,No,7,0,4.317396770138285,5485.03,1
ORD101557,CUST11303,2025-01-22,Mumbai,Mumbai,Chennai,317.3,Electronics,2,7.69,Rail,Shadowfax,1194.13,230.56,11.39,2025-01-25,2025-02-01,2025-02-05,Delayed,4.0,No,No,11,4,3.7634100220611413,1424.69,0
ORD103468,CUST10861,2025-11-04,Hyderabad,Hyderabad,Lucknow,91.8,Clothing,4,2.25,Air,Delhivery,890.03,115.99,9.22,2025-11-06,2025-11-07,2025-11-07,Delivered,4.0,No,No,1,0,9.695315904139434,1006.02,1
ORD100550,CUST10076,2025-10-24,Pune,Pune,Surat,225.0,Beauty,2,3.18,Road,Delhivery,1033.08,249.95,6.86,2025-10-26,2025-10-31,2025-11-04,Delayed,3.0,No,No,9,4,4.591466666666666,1283.03,0
ORD104017,CUST10430,2025-03-29,Hyderabad,Hyderabad,Indore,254.0,Beauty,2,6.62,Air,Blue Dart,2369.3,283.86,7.67,2025-03-31,2025-04-02,2025-04-02,Delivered,5.0,No,No,2,0,9.327952755905512,2653.1600000000003,1
ORD104096,CUST11329,2025-07-30,Bengaluru,Bengaluru,Vijayawada,183.2,Sports,2,3.11,Air,Delhivery,1665.62,153.86,7.31,2025-08-01,2025-08-03,2025-08-03,Delivered,4.0,No,No,2,0,9.091812227074236,1819.48,1
ORD101565,CUST11952,2025-09-05,Pune,Pune,Kolkata,96.1,Sports,2,8.2,Road,Ecom Express,546.38,63.77,7.58,2025-09-07,2025-09-13,2025-09-13,Delivered,4.0,No,No,6,0,5.685535900104059,610.15,1
ORD101744,CUST12395,2025-05-18,Chennai,Chennai,Coimbatore,130.9,Clothing,1,9.63,Express,Dtdc,986.63,166.27,2.79,2025-05-20,2025-05-23,2025-05-29,Delayed,3.0,Yes,Yes,9,6,7.537280366692131,1152.9,0
ORD103719,CUST11884,2025-02-26,Bengaluru,Bengaluru,Nagpur,701.6,Grocery,2,4.62,Express,Blue Dart,4797.59,561.72,5.99,2025-03-01,2025-03-05,2025-03-05,Delivered,5.0,No,No,4,0,6.838070125427594,5359.31,1
ORD102304,CUST12727,2025-01-27,Pune,Pune,Mumbai,500.9,Books,3,7.47,Express,Blue Dart,3640.14,544.26,7.62,2025-01-29,2025-02-03,2025-02-04,Delayed,4.0,No,No,6,1,7.267199041724895,4184.4,0
ORD100217,CUST11211,2025-05-08,Bengaluru,Bengaluru,Kochi,790.1,Sports,2,9.19,Road,Shadowfax,3507.17,738.26,9.21,2025-05-11,2025-05-16,2025-05-16,Delivered,5.0,No,No,5,0,4.438893810910011,4245.43,1
ORD100492,CUST11092,2025-01-04,Bengaluru,Bengaluru,Pune,350.3,Grocery,5,2.34,Road,Xpressbees,1455.09,380.73,6.94,2025-01-06,2025-01-12,2025-01-12,Delivered,4.0,No,No,6,0,4.153839566086211,1835.82,1
ORD101502,CUST10853,2025-03-24,Bengaluru,Bengaluru,Coimbatore,505.2,Electronics,6,5.58,Air,Ecom Express,4791.91,501.58,8.65,2025-03-26,2025-03-30,2025-03-30,Delivered,5.0,No,No,4,0,9.485174188440222,5293.49,1
ORD100044,CUST10286,2025-09-23,Delhi,Delhi,Indore,383.1,Automotive,1,4.1,Express,Shadowfax,2686.72,401.81,12.1,2025-09-26,2025-09-29,2025-10-02,Delayed,4.0,No,No,6,3,7.013103628295483,3088.5299999999997,0
ORD102102,CUST12085,2025-05-19,Chennai,Chennai,Bengaluru,826.7,Beauty,7,10.24,Road,Blue Dart,3559.42,845.56,5.31,2025-05-21,2025-05-26,2025-05-28,Delayed,4.0,No,No,7,2,4.305576388048869,4404.98,0
ORD104864,CUST10784,2025-08-31,Bengaluru,Bengaluru,Hyderabad,357.4,Sports,7,1.99,Express,Ecom Express,2593.17,374.31,5.74,2025-09-02,2025-09-05,2025-09-08,Delayed,3.0,No,No,6,3,7.255651930609962,2967.48,0
ORD103539,CUST11950,2025-09-22,Pune,Pune,Jaipur,385.8,Automotive,6,0.2,Air,Shadowfax,3557.79,325.16,5.95,2025-09-24,2025-09-27,2025-09-27,Delivered,5.0,No,No,3,0,9.22185069984448,3882.95,1
ORD101850,CUST12452,2025-10-05,Delhi,Delhi,Visakhapatnam,451.8,Beauty,1,16.44,Air,Blue Dart,4433.4,444.59,8.51,2025-10-08,2025-10-11,2025-10-11,Delivered,5.0,No,No,3,0,9.812749003984063,4877.99,1
ORD102067,CUST10669,2025-05-03,Bengaluru,Bengaluru,Surat,580.1,Home & Kitchen,7,3.13,Air,Delhivery,5225.17,442.32,6.5,2025-05-05,2025-05-08,2025-05-08,Delivered,5.0,No,No,3,0,9.007360799862093,5667.49,1
ORD104334,CUST11048,2025-01-30,Bengaluru,Bengaluru,Ahmedabad,374.2,Beauty,7,9.72,Road,Shadowfax,1811.86,280.9,7.93,2025-02-01,2025-02-06,2025-02-11,Delayed,4.0,No,No,10,5,4.841956173169428,2092.7599999999998,0
ORD100409,CUST12791,2025-09-06,Mumbai,Mumbai,Hyderabad,192.1,Grocery,4,4.78,Road,Shadowfax,960.27,160.86,9.97,2025-09-09,2025-09-13,2025-09-13,Delivered,4.0,No,No,4,0,4.9988027069234775,1121.13,1
ORD101913,CUST10651,2025-03-03,Hyderabad,Hyderabad,Visakhapatnam,510.1,Sports,7,3.28,Road,Dtdc,2239.53,484.53,6.45,2025-03-05,2025-03-12,2025-03-16,Delayed,4.0,No,No,11,4,4.390374436385023,2724.0600000000004,0
ORD103263,CUST11184,2025-08-16,Mumbai,Mumbai,Jaipur,742.4,Automotive,6,0.55,Rail,Blue Dart,2556.9,821.5,14.03,2025-08-19,2025-08-26,2025-08-28,Delayed,4.0,No,No,9,2,3.4441002155172415,3378.4,0
ORD101834,CUST11782,2025-06-16,Hyderabad,Hyderabad,Delhi,433.0,Beauty,6,3.96,Road,Delhivery,1958.89,260.93,4.54,2025-06-18,2025-06-23,2025-06-23,Delivered,4.0,No,No,5,0,4.523995381062356,2219.82,1
ORD104839,CUST11138,2025-01-12,Bengaluru,Bengaluru,Pune,233.1,Sports,7,3.38,Road,Blue Dart,1183.97,238.08,8.46,2025-01-14,2025-01-19,2025-01-19,Delivered,4.0,No,No,5,0,5.079236379236379,1422.05,1
ORD102912,CUST10901,2025-10-15,Delhi,Delhi,Kolkata,516.8,Books,7,3.55,Road,Delhivery,2281.79,343.51,6.41,2025-10-17,2025-10-23,2025-10-25,Delayed,4.0,No,No,8,2,4.415228328173375,2625.3,0
ORD101528,CUST10576,2025-04-27,Chennai,Chennai,Jaipur,446.0,Sports,7,5.19,Road,Blue Dart,2101.28,500.53,7.79,2025-04-29,2025-05-06,2025-05-06,Delivered,4.0,No,No,7,0,4.7113901345291485,2601.8100000000004,1
ORD104228,CUST12456,2025-04-19,Delhi,Delhi,Jaipur,598.6,Clothing,2,1.38,Road,Dtdc,2496.37,621.67,5.78,2025-04-21,2025-04-27,2025-04-27,Delivered,5.0,No,No,6,0,4.170347477447377,3118.04,1
ORD100199,CUST10153,2025-02-12,Pune,Pune,Bengaluru,362.3,Clothing,7,4.31,Air,Xpressbees,3360.25,350.22,12.38,2025-02-15,2025-02-17,2025-02-17,Delivered,4.0,No,No,2,0,9.274772288158983,3710.4700000000003,1
ORD102901,CUST11835,2025-02-08,Hyderabad,Hyderabad,Surat,588.3,Home & Kitchen,7,1.5,Rail,Ecom Express,2093.85,397.2,11.04,2025-02-11,2025-02-18,2025-02-22,Delayed,4.0,No,No,11,4,3.5591534931157573,2491.0499999999997,0
ORD101064,CUST12201,2025-07-31,Pune,Pune,Kochi,309.8,Beauty,3,3.1,Air,Xpressbees,2813.32,257.76,7.38,2025-08-02,2025-08-05,2025-08-05,Delivered,5.0,No,No,3,0,9.081084570690768,3071.08,1
ORD102676,CUST12601,2025-10-24,Chennai,Chennai,Nagpur,62.1,Beauty,3,2.28,Rail,Dtdc,336.23,20.0,5.39,2025-10-26,2025-10-31,2025-11-04,Delayed,3.0,No,No,9,4,5.4143317230273755,356.23,0
ORD102381,CUST10178,2025-06-21,Hyderabad,Hyderabad,Delhi,357.5,Grocery,5,10.27,Road,Ecom Express,1743.98,214.83,5.56,2025-06-24,2025-06-30,2025-07-01,Delayed,4.0,No,No,7,1,4.878265734265734,1958.81,0
ORD102305,CUST10861,2025-01-12,Mumbai,Mumbai,Ahmedabad,173.6,Clothing,6,2.47,Road,Delhivery,773.03,192.67,10.71,2025-01-14,2025-01-19,2025-01-26,Delayed,4.0,No,No,12,7,4.452937788018433,965.6999999999999,0
ORD104593,CUST10400,2025-09-14,Mumbai,Mumbai,Ahmedabad,363.5,Grocery,5,11.19,Road,Blue Dart,1762.25,272.95,8.2,2025-09-16,2025-09-21,2025-09-21,Delivered,5.0,No,No,5,0,4.848005502063273,2035.2,1
ORD100892,CUST11355,2025-03-06,Mumbai,Mumbai,Visakhapatnam,172.4,Electronics,4,12.16,Air,Blue Dart,1727.07,197.17,9.66,2025-03-08,2025-03-10,2025-03-10,Delivered,4.0,No,No,2,0,10.017807424593967,1924.24,1
ORD104528,CUST11045,2025-01-31,Bengaluru,Bengaluru,Hyderabad,133.1,Grocery,6,1.38,Air,Xpressbees,1245.57,87.46,4.12,2025-02-03,2025-02-05,2025-02-05,Delivered,3.0,No,No,2,0,9.358151765589781,1333.03,1
ORD104142,CUST11098,2025-07-13,Chennai,Chennai,Mumbai,570.1,Clothing,5,12.03,Road,Blue Dart,2577.42,519.14,8.55,2025-07-15,2025-07-20,2025-07-20,Delivered,5.0,No,No,5,0,4.5209963164357125,3096.56,1
ORD102218,CUST11671,2025-11-11,Mumbai,Mumbai,Jaipur,199.7,Automotive,2,14.1,Road,Dtdc,908.17,189.27,7.25,2025-11-14,2025-11-17,2025-11-17,Delivered,4.0,No,No,3,0,4.547671507260891,1097.44,1
ORD101678,CUST11832,2025-06-24,Bengaluru,Bengaluru,Chennai,659.9,Electronics,7,4.31,Road,Delhivery,2845.99,661.9,5.59,2025-06-26,2025-07-01,2025-07-01,Delivered,5.0,No,No,5,0,4.312759509016518,3507.89,1
ORD100252,CUST10298,2025-04-17,Hyderabad,Hyderabad,Bhopal,1107.8,Electronics,5,5.25,Road,Dtdc,4851.27,1157.85,6.19,2025-04-19,2025-04-26,2025-04-26,Delivered,4.0,No,No,7,0,4.379192995125474,6009.120000000001,1
ORD101429,CUST12323,2025-06-12,Delhi,Delhi,Jaipur,547.4,Clothing,2,20.95,Express,Shadowfax,4226.92,567.94,8.05,2025-06-15,2025-06-20,2025-06-20,Delivered,5.0,No,No,5,0,7.721812203142127,4794.860000000001,1
ORD100846,CUST10736,2025-05-03,Chennai,Chennai,Delhi,566.3,Grocery,3,5.37,Express,Xpressbees,4118.09,610.74,9.95,2025-05-05,2025-05-08,2025-05-09,Delayed,3.0,No,No,4,1,7.271923009005828,4728.83,0
ORD103826,CUST12125,2025-12-12,Bengaluru,Bengaluru,Nagpur,891.1,Grocery,3,1.95,Air,Delhivery,7881.92,829.62,7.37,2025-12-15,2025-12-20,2025-12-23,Delayed,4.0,No,No,8,3,8.84515767029514,8711.54,0
ORD104608,CUST12088,2025-11-04,Pune,Pune,Delhi,271.2,Clothing,6,4.49,Road,Shadowfax,1334.56,203.08,8.09,2025-11-06,2025-11-11,2025-11-12,Delayed,4.0,No,No,6,1,4.92094395280236,1537.6399999999999,0
ORD100815,CUST10181,2025-02-18,Delhi,Delhi,Vijayawada,126.9,Sports,1,2.52,Rail,Dtdc,453.91,166.96,9.53,2025-02-22,2025-03-01,2025-03-03,Delayed,4.0,No,No,9,2,3.5769109535066983,620.87,0
ORD100062,CUST10863,2025-07-07,Chennai,Chennai,Nagpur,1139.7,Electronics,5,4.1,Road,Ecom Express,4886.18,865.57,6.07,2025-07-09,2025-07-17,2025-07-17,Delivered,4.0,No,No,8,0,4.287251030973064,5751.75,1
ORD101974,CUST11687,2025-08-23,Hyderabad,Hyderabad,Pune,557.6,Books,1,1.38,Road,Shadowfax,2404.16,567.15,5.19,2025-08-25,2025-08-31,2025-08-31,Delivered,4.0,No,No,6,0,4.311621233859397,2971.31,1
ORD101865,CUST11374,2025-09-19,Pune,Pune,Indore,702.7,Home & Kitchen,7,1.38,Express,Blue Dart,5130.58,483.45,7.83,2025-09-22,2025-09-27,2025-09-27,Delivered,4.0,No,Yes,5,0,7.301238081684929,5614.03,1
ORD102979,CUST10047,2025-01-07,Hyderabad,Hyderabad,Bhopal,272.8,Home & Kitchen,2,6.32,Express,Xpressbees,2048.64,261.87,4.39,2025-01-09,2025-01-13,2025-01-13,Delivered,4.0,No,No,4,0,7.509677419354838,2310.5099999999998,1
ORD100928,CUST12159,2025-02-15,Chennai,Chennai,Ahmedabad,244.2,Home & Kitchen,5,5.02,Rail,Delhivery,933.62,201.23,8.49,2025-02-17,2025-02-23,2025-02-26,Delayed,4.0,No,No,9,3,3.8231777231777233,1134.85,0
ORD104783,CUST12035,2025-04-28,Delhi,Delhi,Pune,417.1,Books,2,10.8,Air,Delhivery,4031.58,323.75,9.04,2025-05-01,2025-05-03,2025-05-03,Delivered,4.0,No,Yes,2,0,9.665739630783984,4355.33,1
ORD103194,CUST10895,2025-11-18,Delhi,Delhi,Lucknow,504.5,Sports,6,4.96,Air,Blue Dart,4683.91,505.33,9.09,2025-11-20,2025-11-23,2025-11-23,Delivered,3.0,No,No,3,0,9.28426164519326,5189.24,1
ORD104199,CUST12079,2025-09-06,Chennai,Chennai,Ahmedabad,143.9,Electronics,5,6.06,Rail,Ecom Express,600.29,115.83,8.4,2025-09-08,2025-09-13,2025-09-13,Delivered,5.0,No,No,5,0,4.171577484364142,716.12,1
ORD104132,CUST11865,2025-08-27,Delhi,Delhi,Kochi,47.0,Home & Kitchen,4,4.07,Air,Delhivery,421.34,20.0,9.04,2025-08-29,2025-08-31,2025-08-31,Delivered,5.0,No,No,2,0,8.964680851063829,441.34,1
ORD104320,CUST12666,2025-10-17,Delhi,Delhi,Kochi,184.1,Beauty,4,3.98,Road,Shadowfax,829.38,211.28,11.32,2025-10-20,2025-10-26,2025-10-26,Delivered,4.0,No,No,6,0,4.505051602390005,1040.66,1
ORD104218,CUST10061,2025-03-12,Chennai,Chennai,Bhopal,246.6,Beauty,2,5.53,Rail,Blue Dart,924.48,219.68,3.06,2025-03-14,2025-03-21,2025-03-21,Delivered,4.0,No,Yes,7,0,3.7489051094890513,1144.16,1
ORD104704,CUST11148,2025-12-01,Chennai,Chennai,Indore,105.9,Books,6,12.84,Air,Dtdc,1297.92,97.89,9.91,2025-12-05,2025-12-08,2025-12-08,Delivered,5.0,No,No,3,0,12.256090651558074,1395.8100000000002,1
ORD103222,CUST12356,2025-01-23,Hyderabad,Hyderabad,Visakhapatnam,501.3,Electronics,3,3.85,Rail,Xpressbees,1666.47,433.34,4.88,2025-01-25,2025-01-31,2025-01-31,Delivered,5.0,No,No,6,0,3.324296828246559,2099.81,1
ORD101867,CUST11647,2025-03-27,Chennai,Chennai,Ahmedabad,812.2,Clothing,1,5.1,Rail,Shadowfax,2680.54,816.42,8.43,2025-03-29,2025-04-06,2025-04-11,Delayed,4.0,No,No,13,5,3.300344742674218,3496.96,0
ORD104851,CUST12552,2025-09-12,Pune,Pune,Bengaluru,207.7,Home & Kitchen,3,17.76,Rail,Delhivery,1014.96,176.2,10.53,2025-09-14,2025-09-20,2025-09-21,Delayed,3.0,No,No,7,1,4.8866634569090035,1191.16,0
ORD104922,CUST12644,2025-10-26,Pune,Pune,Nagpur,470.6,Beauty,5,6.28,Air,Delhivery,4416.81,408.44,10.63,2025-10-27,2025-10-30,2025-10-30,Delivered,5.0,No,No,3,0,9.38548661283468,4825.25,1
ORD104511,CUST10012,2025-12-20,Hyderabad,Hyderabad,Kochi,660.2,Grocery,6,4.22,Rail,Delhivery,2316.19,510.77,7.74,2025-12-22,2025-12-29,2025-12-30,Delayed,3.0,No,No,8,1,3.50831566192063,2826.96,0
ORD101069,CUST11464,2025-02-18,Delhi,Delhi,Chennai,466.0,Home & Kitchen,7,3.26,Air,Dtdc,4375.95,311.47,12.91,2025-02-20,2025-02-22,2025-02-22,Delivered,4.0,No,No,2,0,9.390450643776823,4687.42,1
ORD103161,CUST12554,2025-12-16,Delhi,Delhi,Coimbatore,727.2,Beauty,1,3.85,Rail,Xpressbees,2406.98,539.5,5.04,2025-12-18,2025-12-25,2025-12-25,Delivered,5.0,No,No,7,0,3.3099284928492847,2946.48,1
ORD103159,CUST12035,2025-10-04,Delhi,Delhi,Lucknow,57.0,Electronics,5,4.74,Road,Ecom Express,221.95,125.7,7.85,2025-10-06,2025-10-11,2025-10-11,Delivered,4.0,No,Yes,5,0,3.893859649122807,347.65,1
ORD100564,CUST11766,2025-02-24,Bengaluru,Bengaluru,Nagpur,291.1,Beauty,1,5.58,Road,Dtdc,1173.62,249.32,10.15,2025-02-26,2025-03-02,2025-03-08,Delayed,2.0,No,No,10,6,4.03167296461697,1422.9399999999998,0
ORD102037,CUST11996,2025-03-12,Chennai,Chennai,Vijayawada,155.1,Home & Kitchen,5,5.74,Rail,Shadowfax,668.6,152.03,11.05,2025-03-15,2025-03-21,2025-03-21,Delivered,5.0,No,No,6,0,4.31076724693746,820.63,1
ORD100279,CUST10098,2025-03-20,Bengaluru,Bengaluru,Mumbai,293.8,Home & Kitchen,7,3.08,Rail,Ecom Express,1119.12,253.17,9.83,2025-03-23,2025-03-29,2025-03-29,Delivered,4.0,No,Yes,6,0,3.8091218515997274,1372.29,1
ORD100958,CUST12032,2025-11-19,Bengaluru,Bengaluru,Vijayawada,694.3,Sports,6,1.7,Rail,Ecom Express,2258.65,462.81,5.83,2025-11-21,2025-11-28,2025-11-28,Delivered,5.0,No,No,7,0,3.2531326515915313,2721.46,1
ORD100444,CUST10383,2025-08-19,Hyderabad,Hyderabad,Vijayawada,687.4,Beauty,4,12.87,Express,Ecom Express,5071.49,541.65,4.5,2025-08-21,2025-08-26,2025-08-30,Delayed,4.0,No,No,9,4,7.37778585976142,5613.139999999999,0
ORD104884,CUST12141,2025-07-01,Bengaluru,Bengaluru,Nagpur,254.8,Grocery,2,3.77,Road,Xpressbees,999.28,244.18,8.19,2025-07-03,2025-07-08,2025-07-08,Delivered,4.0,No,No,5,0,3.92182103610675,1243.46,1
ORD101556,CUST10641,2025-01-05,Mumbai,Mumbai,Kolkata,1020.2,Grocery,5,4.28,Road,Dtdc,4490.41,1110.97,9.39,2025-01-07,2025-01-13,2025-01-13,Delivered,4.0,No,No,6,0,4.401499705940012,5601.38,1
ORD101930,CUST11789,2025-07-07,Bengaluru,Bengaluru,Lucknow,196.6,Grocery,6,7.39,Road,Shadowfax,1047.87,204.48,9.19,2025-07-10,2025-07-15,2025-07-16,Delayed,4.0,No,No,6,1,5.329959308240081,1252.35,0
ORD101538,CUST12512,2025-04-22,Pune,Pune,Lucknow,198.1,Electronics,5,2.8,Road,Ecom Express,871.9,110.08,5.96,2025-04-24,2025-04-29,2025-04-29,Delivered,5.0,No,No,5,0,4.401312468450278,981.98,1
ORD104009,CUST11478,2025-05-03,Hyderabad,Hyderabad,Coimbatore,262.1,Automotive,4,3.37,Rail,Ecom Express,794.03,226.1,7.4,2025-05-05,2025-05-11,2025-05-11,Delivered,4.0,No,No,6,0,3.0294925600915676,1020.13,1
ORD100984,CUST12457,2025-01-06,Chennai,Chennai,Vijayawada,235.4,Sports,7,8.92,Road,Ecom Express,1155.21,255.29,5.17,2025-01-08,2025-01-13,2025-01-13,Delivered,4.0,No,No,5,0,4.907434154630416,1410.5,1
ORD104466,CUST12178,2025-12-02,Delhi,Delhi,Jaipur,481.7,Automotive,7,2.34,Road,Xpressbees,2066.44,649.54,6.66,2025-12-05,2025-12-10,2025-12-11,Delayed,2.0,No,No,6,1,4.289889973012248,2715.98,0
ORD101419,CUST12191,2025-08-15,Bengaluru,Bengaluru,Mumbai,522.7,Grocery,2,5.5,Rail,Shadowfax,1735.4,452.71,6.96,2025-08-17,2025-08-23,2025-08-23,Delivered,4.0,No,No,6,0,3.3200688731585997,2188.11,1
ORD102071,CUST11896,2025-04-18,Pune,Pune,Chennai,143.6,Clothing,6,4.6,Road,Delhivery,696.25,161.57,11.91,2025-04-20,2025-04-26,2025-04-26,Delivered,4.0,No,No,6,0,4.8485376044568245,857.8199999999999,1
ORD100441,CUST11051,2025-02-10,Mumbai,Mumbai,Pune,655.8,Automotive,4,2.79,Road,Dtdc,2797.56,653.71,8.13,2025-02-13,2025-02-17,2025-02-17,Delivered,5.0,No,No,4,0,4.26587374199451,3451.27,1
ORD100243,CUST11000,2025-02-27,Bengaluru,Bengaluru,Jaipur,213.5,Automotive,2,3.53,Road,Ecom Express,1044.51,65.17,6.94,2025-03-01,2025-03-05,2025-03-05,Delivered,5.0,No,No,4,0,4.89231850117096,1109.68,1
ORD103057,CUST10419,2025-07-13,Pune,Pune,Bengaluru,189.0,Clothing,3,1.53,Road,Dtdc,805.59,259.55,6.73,2025-07-16,2025-07-22,2025-07-22,Delivered,5.0,No,No,6,0,4.262380952380952,1065.14,1
ORD104170,CUST11369,2025-03-01,Hyderabad,Hyderabad,Vijayawada,770.6,Automotive,4,3.47,Rail,Ecom Express,2509.26,611.02,7.75,2025-03-04,2025-03-11,2025-03-11,Delivered,4.0,No,No,7,0,3.2562418894368026,3120.28,1
ORD102818,CUST10922,2025-10-07,Hyderabad,Hyderabad,Ahmedabad,237.4,Automotive,4,11.0,Road,Dtdc,1051.05,249.61,7.21,2025-10-09,2025-10-15,2025-10-15,Delivered,4.0,No,Yes,6,0,4.427337826453243,1300.6599999999999,1
ORD100420,CUST12295,2025-11-16,Bengaluru,Bengaluru,Coimbatore,370.5,Books,5,2.28,Rail,Shadowfax,1268.44,375.42,0.0,2025-11-17,2025-11-23,2025-11-23,Delivered,4.0,No,Yes,6,0,3.4235897435897438,1643.8600000000001,1
ORD102116,CUST11983,2025-08-26,Pune,Pune,Bhopal,321.8,Automotive,3,7.13,Express,Delhivery,2440.34,313.89,9.44,2025-08-30,2025-09-01,2025-09-01,Delivered,4.0,No,No,2,0,7.583405842137974,2754.23,1
ORD101321,CUST11998,2025-01-06,Chennai,Chennai,Coimbatore,624.0,Books,5,6.86,Road,Ecom Express,2762.6,701.61,9.19,2025-01-09,2025-01-15,2025-01-15,Delivered,4.0,No,No,6,0,4.42724358974359,3464.21,1
ORD104134,CUST10094,2025-01-30,Bengaluru,Bengaluru,Kochi,423.6,Electronics,3,4.13,Air,Ecom Express,3813.66,268.27,9.02,2025-02-01,2025-02-06,2025-02-06,Delivered,4.0,Yes,No,5,0,9.002974504249291,4081.93,1
ORD100136,CUST10008,2025-12-12,Pune,Pune,Jaipur,335.4,Sports,1,2.83,Air,Shadowfax,3216.92,291.56,11.52,2025-12-15,2025-12-19,2025-12-19,Delivered,4.0,No,No,4,0,9.59129397734049,3508.48,1
ORD100398,CUST11564,2025-03-25,Hyderabad,Hyderabad,Hyderabad,239.5,Beauty,5,7.77,Rail,Dtdc,846.55,227.66,6.16,2025-03-27,2025-04-02,2025-04-05,Delayed,4.0,No,No,9,3,3.534655532359081,1074.21,0
ORD102641,CUST11232,2025-06-06,Delhi,Delhi,Ahmedabad,498.6,Books,4,1.9,Air,Xpressbees,4524.3,465.89,9.53,2025-06-08,2025-06-10,2025-06-10,Delivered,4.0,No,No,2,0,9.074007220216606,4990.1900000000005,1
ORD101374,CUST12580,2025-11-18,Mumbai,Mumbai,Visakhapatnam,168.0,Automotive,1,6.13,Express,Delhivery,1268.55,172.95,10.52,2025-11-20,2025-11-23,2025-11-23,Delivered,5.0,No,No,3,0,7.550892857142857,1441.5,1
ORD102147,CUST10776,2025-02-23,Hyderabad,Hyderabad,Surat,458.2,Books,3,3.16,Road,Shadowfax,2041.69,378.01,2.79,2025-02-25,2025-03-03,2025-03-03,Delivered,4.0,No,No,6,0,4.455892623308599,2419.7,1
ORD101955,CUST10634,2025-02-26,Mumbai,Mumbai,Jaipur,796.7,Automotive,4,3.07,Road,Ecom Express,3454.4,715.49,9.45,2025-02-27,2025-03-05,2025-03-05,Delivered,5.0,No,No,6,0,4.3358855278021835,4169.89,1
ORD102548,CUST11813,2025-06-15,Delhi,Delhi,Bhopal,742.6,Beauty,6,3.83,Road,Ecom Express,3285.99,570.24,12.35,2025-06-18,2025-06-24,2025-06-24,Delivered,4.0,No,No,6,0,4.424979800700242,3856.2299999999996,1
ORD102695,CUST11079,2025-01-22,Bengaluru,Bengaluru,Pune,216.7,Beauty,3,4.43,Road,Ecom Express,1011.72,165.24,7.94,2025-01-24,2025-01-29,2025-01-30,Delayed,4.0,No,No,6,1,4.668758652514998,1176.96,0
ORD101501,CUST10584,2025-05-29,Pune,Pune,Coimbatore,584.0,Grocery,7,3.65,Rail,Delhivery,2004.64,450.42,10.53,2025-05-31,2025-06-07,2025-06-11,Delayed,4.0,No,No,11,4,3.4326027397260277,2455.06,0
ORD100049,CUST10070,2025-11-30,Mumbai,Mumbai,Bhopal,314.6,Electronics,2,4.36,Road,Xpressbees,1395.01,216.39,9.44,2025-12-02,2025-12-08,2025-12-08,Delivered,4.0,No,No,6,0,4.434233947870311,1611.4,1
ORD104276,CUST12721,2025-07-10,Mumbai,Mumbai,Visakhapatnam,213.0,Beauty,5,3.73,Air,Blue Dart,2032.09,114.92,9.61,2025-07-13,2025-07-16,2025-07-16,Delivered,5.0,No,No,3,0,9.540328638497652,2147.0099999999998,1
ORD104034,CUST10967,2025-03-25,Mumbai,Mumbai,Jaipur,365.0,Sports,3,1.67,Express,Blue Dart,2584.92,257.07,11.31,2025-03-27,2025-03-31,2025-03-31,Delivered,4.0,No,No,4,0,7.081972602739726,2841.9900000000002,1
ORD103288,CUST11917,2025-08-01,Chennai,Chennai,Indore,735.7,Automotive,7,0.71,Rail,Xpressbees,2410.54,636.18,10.3,2025-08-03,2025-08-10,2025-08-10,Delivered,4.0,No,No,7,0,3.2765257577817044,3046.72,1
ORD102991,CUST11960,2025-01-19,Hyderabad,Hyderabad,Nagpur,199.3,Clothing,4,2.32,Rail,Xpressbees,583.99,200.84,7.11,2025-01-21,2025-01-26,2025-01-26,Delivered,4.0,No,No,5,0,2.93020572002007,784.83,1
ORD101432,CUST12616,2025-02-02,Chennai,Chennai,Mumbai,436.5,Beauty,3,2.78,Air,Xpressbees,4091.99,258.24,6.64,2025-02-04,2025-02-06,2025-02-06,Delivered,4.0,No,No,2,0,9.374547537227949,4350.23,1
ORD101790,CUST10649,2025-11-02,Pune,Pune,Ahmedabad,238.5,Automotive,7,3.96,Air,Shadowfax,2255.61,280.48,10.65,2025-11-05,2025-11-09,2025-11-09,Delivered,4.0,No,No,4,0,9.457484276729561,2536.09,1
ORD103069,CUST11589,2025-09-05,Pune,Pune,Coimbatore,499.3,Electronics,5,8.67,Road,Xpressbees,2439.38,541.43,11.29,2025-09-07,2025-09-13,2025-09-13,Delivered,4.0,Yes,Yes,6,0,4.885599839775686,2980.81,1
ORD100219,CUST12096,2025-07-28,Hyderabad,Hyderabad,Bengaluru,387.3,Beauty,6,1.57,Air,Ecom Express,3718.99,205.29,6.63,2025-07-30,2025-08-03,2025-08-03,Delivered,4.0,No,No,4,0,9.60234959979344,3924.2799999999997,1
ORD103961,CUST12331,2025-05-05,Delhi,Delhi,Mumbai,549.6,Automotive,1,2.49,Air,Xpressbees,4957.24,507.84,8.75,2025-05-08,2025-05-12,2025-05-12,Delivered,4.0,No,No,4,0,9.019723435225618,5465.08,1
ORD100876,CUST10724,2025-01-25,Delhi,Delhi,Bhopal,489.2,Clothing,6,2.9,Road,Shadowfax,2242.86,386.2,9.54,2025-01-27,2025-01-31,2025-02-05,Delayed,3.0,No,Yes,9,5,4.584750613246117,2629.06,0
ORD103834,CUST11862,2025-04-15,Pune,Pune,Surat,1361.0,Beauty,1,5.27,Air,Blue Dart,12335.01,1189.91,7.33,2025-04-17,2025-04-23,2025-04-23,Delivered,5.0,No,No,6,0,9.063196179279942,13524.92,1
ORD104787,CUST11933,2025-03-13,Hyderabad,Hyderabad,Indore,235.3,Home & Kitchen,6,3.56,Road,Blue Dart,1104.2,217.66,7.11,2025-03-15,2025-03-20,2025-03-20,Delivered,4.0,No,No,5,0,4.6927326816829575,1321.8600000000001,1
ORD102791,CUST10735,2025-05-02,Hyderabad,Hyderabad,Pune,146.3,Beauty,6,2.25,Road,Delhivery,731.39,81.83,6.98,2025-05-04,2025-05-08,2025-05-09,Delayed,4.0,No,No,5,1,4.999248120300751,813.22,0
ORD102009,CUST11968,2025-09-17,Chennai,Chennai,Coimbatore,368.3,Automotive,5,5.56,Air,Delhivery,3486.83,349.52,7.05,2025-09-20,2025-09-24,2025-09-30,Delayed,3.0,No,Yes,10,6,9.46736356231333,3836.35,0
ORD100707,CUST12601,2025-03-06,Bengaluru,Bengaluru,Hyderabad,177.0,Sports,4,6.46,Express,Delhivery,1339.78,135.73,5.32,2025-03-08,2025-03-12,2025-03-12,Delivered,3.0,No,No,4,0,7.569378531073446,1475.51,1
ORD100653,CUST11400,2025-08-30,Pune,Pune,Mumbai,107.1,Beauty,1,2.76,Road,Shadowfax,477.64,116.23,7.92,2025-08-31,2025-09-06,2025-09-06,Delivered,4.0,No,No,6,0,4.459757236227825,593.87,1
ORD104093,CUST11634,2025-06-01,Bengaluru,Bengaluru,Pune,234.9,Automotive,4,10.42,Road,Blue Dart,1056.42,159.71,6.12,2025-06-03,2025-06-07,2025-06-08,Delayed,3.0,No,No,5,1,4.497318007662836,1216.13,0
ORD102280,CUST11394,2025-10-05,Hyderabad,Hyderabad,Bhopal,100.3,Grocery,6,0.93,Rail,Ecom Express,342.0,87.38,5.45,2025-10-06,2025-10-14,2025-10-14,Delivered,4.0,No,No,8,0,3.4097706879361915,429.38,1
ORD103403,CUST11933,2025-09-27,Pune,Pune,Kolkata,99.9,Electronics,7,1.56,Rail,Dtdc,392.11,104.87,9.79,2025-09-30,2025-10-05,2025-10-08,Delayed,4.0,No,No,8,3,3.925025025025025,496.98,0
ORD100066,CUST11826,2025-02-22,Pune,Pune,Ahmedabad,365.5,Sports,4,0.2,Express,Xpressbees,2584.4,297.52,7.7,2025-02-24,2025-02-28,2025-02-28,Delivered,3.0,Yes,Yes,4,0,7.070861833105336,2881.92,1
ORD102079,CUST12631,2025-10-13,Mumbai,Mumbai,Visakhapatnam,370.9,Books,6,14.85,Rail,Shadowfax,1551.37,367.29,7.56,2025-10-16,2025-10-23,2025-10-23,Delivered,4.0,No,No,7,0,4.182717713669453,1918.6599999999999,1
ORD102551,CUST11227,2025-09-24,Bengaluru,Bengaluru,Jaipur,360.3,Grocery,7,3.78,Road,Blue Dart,1669.37,343.74,11.17,2025-09-26,2025-10-01,2025-10-01,Delivered,4.0,No,No,5,0,4.633277824035526,2013.11,1
ORD102007,CUST12752,2025-03-15,Hyderabad,Hyderabad,Vijayawada,160.1,Home & Kitchen,2,2.3,Road,Xpressbees,834.76,118.14,6.81,2025-03-17,2025-03-22,2025-03-22,Delivered,4.0,No,No,5,0,5.213991255465334,952.9,1
ORD100174,CUST12575,2025-12-18,Delhi,Delhi,Indore,36.1,Books,6,9.82,Road,Ecom Express,414.32,61.89,11.01,2025-12-20,2025-12-23,2025-12-23,Delivered,5.0,No,No,3,0,11.477008310249307,476.21,1
ORD103074,CUST11608,2025-05-14,Mumbai,Mumbai,Chennai,559.9,Automotive,1,7.51,Road,Blue Dart,2483.75,452.22,11.58,2025-05-17,2025-05-23,2025-05-23,Delivered,4.0,No,No,6,0,4.4360600107162,2935.9700000000003,1
ORD103837,CUST10222,2025-06-10,Bengaluru,Bengaluru,Kolkata,176.6,Sports,6,2.82,Rail,Xpressbees,651.58,155.95,8.25,2025-06-12,2025-06-18,2025-06-19,Delayed,3.0,No,No,7,1,3.6895809739524354,807.53,0
ORD101158,CUST10786,2025-05-27,Pune,Pune,Hyderabad,92.3,Books,2,2.74,Road,Dtdc,417.65,0.0,8.49,2025-05-29,2025-06-03,2025-06-03,Delivered,4.0,No,No,5,0,4.524918743228603,417.65,1
ORD101983,CUST11728,2025-07-02,Delhi,Delhi,Bhopal,108.5,Sports,1,3.99,Rail,Ecom Express,364.51,97.41,14.69,2025-07-04,2025-07-09,2025-07-09,Delivered,4.0,No,No,5,0,3.3595391705069124,461.91999999999996,1
ORD104077,CUST11359,2025-01-13,Mumbai,Mumbai,Vijayawada,764.1,Home & Kitchen,4,5.98,Road,Xpressbees,3382.05,574.54,14.38,2025-01-15,2025-01-21,2025-01-21,Delivered,3.0,No,No,6,0,4.426187671770711,3956.59,1
ORD102847,CUST12345,2025-10-19,Chennai,Chennai,Jaipur,529.1,Beauty,4,5.61,Express,Dtdc,3912.54,633.56,7.8,2025-10-21,2025-10-25,2025-10-25,Delivered,4.0,Yes,No,4,0,7.394707994707995,4546.1,1
ORD101830,CUST11260,2025-09-20,Mumbai,Mumbai,Hyderabad,267.1,Books,4,8.65,Road,Blue Dart,1417.76,246.74,6.1,2025-09-21,2025-09-25,2025-09-25,Delivered,5.0,No,No,4,0,5.307974541370273,1664.5,1
ORD102099,CUST10761,2025-10-30,Hyderabad,Hyderabad,Vijayawada,682.7,Books,7,5.75,Road,Xpressbees,3006.66,647.06,6.78,2025-11-02,2025-11-08,2025-11-12,Delayed,3.0,No,No,10,4,4.4040720667936135,3653.72,0
ORD101268,CUST10280,2025-02-15,Pune,Pune,Delhi,345.5,Automotive,5,1.14,Rail,Dtdc,1124.55,235.25,6.87,2025-02-17,2025-02-25,2025-02-25,Delivered,5.0,No,No,8,0,3.254848046309696,1359.8,1
ORD104760,CUST10724,2025-10-19,Chennai,Chennai,Kochi,198.8,Electronics,2,3.68,Air,Ecom Express,1851.34,234.79,9.48,2025-10-22,2025-10-24,2025-10-24,Delivered,5.0,No,No,2,0,9.312575452716297,2086.13,1
ORD104572,CUST10715,2025-05-18,Hyderabad,Hyderabad,Visakhapatnam,92.0,Books,3,1.57,Air,Delhivery,870.7,170.97,6.21,2025-05-20,2025-05-23,2025-05-23,Delivered,5.0,No,No,3,0,9.464130434782609,1041.67,1
ORD102413,CUST10797,2025-03-28,Delhi,Delhi,Chennai,101.5,Books,2,6.47,Road,Shadowfax,529.01,174.5,10.36,2025-03-31,2025-04-05,2025-04-05,Delivered,5.0,No,No,5,0,5.21192118226601,703.51,1
ORD101494,CUST12784,2025-02-05,Delhi,Delhi,Delhi,685.1,Home & Kitchen,5,11.48,Air,Dtdc,6509.58,679.56,7.6,2025-02-08,2025-02-11,2025-02-11,Delivered,3.0,No,No,3,0,9.501649394249014,7189.139999999999,1
ORD103285,CUST11737,2025-02-16,Delhi,Delhi,Indore,815.4,Sports,1,1.36,Road,Ecom Express,3349.71,746.47,8.09,2025-02-18,2025-02-25,2025-02-25,Delivered,3.0,No,No,7,0,4.108057395143488,4096.18,1
ORD104815,CUST10023,2025-07-02,Bengaluru,Bengaluru,Nagpur,739.5,Beauty,5,1.33,Air,Blue Dart,6560.49,510.35,6.84,2025-07-04,2025-07-07,2025-07-07,Delivered,3.0,No,No,3,0,8.871521298174441,7070.84,1
ORD101178,CUST11358,2025-06-16,Hyderabad,Hyderabad,Visakhapatnam,574.9,Grocery,3,2.52,Road,Shadowfax,2521.3,576.2,6.24,2025-06-18,2025-06-23,2025-06-23,Delivered,4.0,No,No,5,0,4.385632283875457,3097.5,1
ORD101026,CUST11974,2025-08-31,Mumbai,Mumbai,Ahmedabad,352.1,Electronics,2,2.07,Road,Delhivery,1610.06,241.63,13.23,2025-09-03,2025-09-09,2025-09-09,Delivered,5.0,No,No,6,0,4.572735018460664,1851.69,1
ORD101236,CUST12303,2025-09-26,Chennai,Chennai,Bengaluru,450.7,Beauty,6,6.37,Express,Ecom Express,3311.58,452.32,3.02,2025-09-28,2025-10-03,2025-10-03,Delivered,5.0,No,No,5,0,7.34763700909696,3763.9,1
ORD100507,CUST11303,2025-07-31,Chennai,Chennai,Bhopal,159.1,Clothing,7,4.04,Road,Blue Dart,784.67,124.67,8.89,2025-08-03,2025-08-06,2025-08-06,Delivered,5.0,No,No,3,0,4.931929604022627,909.3399999999999,1
ORD101613,CUST11845,2025-01-18,Chennai,Chennai,Nagpur,434.9,Beauty,5,3.45,Express,Ecom Express,3238.6,317.64,6.98,2025-01-20,2025-01-23,2025-01-27,Delayed,4.0,No,No,7,4,7.446769372269487,3556.24,0
ORD101094,CUST12135,2025-06-05,Mumbai,Mumbai,Ahmedabad,665.4,Books,3,2.89,Road,Delhivery,2945.08,529.78,10.07,2025-06-07,2025-06-13,2025-06-13,Delivered,4.0,No,No,6,0,4.4260294559663365,3474.8599999999997,1
ORD100504,CUST10201,2025-07-17,Delhi,Delhi,Ahmedabad,247.8,Home & Kitchen,6,3.16,Express,Shadowfax,1923.04,273.29,10.56,2025-07-19,2025-07-23,2025-07-23,Delivered,5.0,No,No,4,0,7.76045197740113,2196.33,1
ORD101038,CUST10295,2025-01-12,Hyderabad,Hyderabad,Mumbai,330.5,Beauty,2,10.73,Road,Shadowfax,1620.35,392.16,6.65,2025-01-14,2025-01-19,2025-01-19,Delivered,3.0,No,No,5,0,4.902723146747352,2012.51,1
ORD100884,CUST11567,2025-07-25,Mumbai,Mumbai,Chennai,279.1,Books,5,6.29,Air,Ecom Express,2736.16,265.21,9.91,2025-07-27,2025-07-30,2025-07-30,Delivered,4.0,No,No,3,0,9.803511286277319,3001.37,1
ORD102472,CUST11715,2025-01-12,Pune,Pune,Lucknow,576.0,Electronics,6,1.26,Road,Shadowfax,2541.67,639.0,7.04,2025-01-14,2025-01-22,2025-01-22,Delivered,4.0,No,No,8,0,4.412621527777778,3180.67,1
ORD104700,CUST10421,2025-09-07,Hyderabad,Hyderabad,Vijayawada,283.3,Automotive,3,4.05,Road,Delhivery,1358.05,224.9,8.85,2025-09-09,2025-09-14,2025-09-19,Delayed,3.0,No,No,10,5,4.793681609601129,1582.95,0
ORD101100,CUST11627,2025-04-24,Pune,Pune,Ahmedabad,208.9,Books,4,1.76,Road,Shadowfax,940.76,195.09,8.47,2025-04-27,2025-05-01,2025-05-01,Delivered,4.0,No,No,4,0,4.503398755385351,1135.85,1
ORD102199,CUST12658,2025-03-29,Hyderabad,Hyderabad,Delhi,102.4,Home & Kitchen,5,14.35,Express,Xpressbees,1024.56,119.33,5.62,2025-03-30,2025-04-02,2025-04-02,Delivered,4.0,No,No,3,0,10.005468749999999,1143.8899999999999,1
ORD103234,CUST10779,2025-09-24,Delhi,Delhi,Kochi,91.8,Books,7,7.78,Rail,Xpressbees,573.14,198.74,7.29,2025-09-27,2025-10-02,2025-10-05,Delayed,3.0,No,No,8,3,6.243355119825708,771.88,0
ORD102590,CUST12689,2025-02-03,Pune,Pune,Nagpur,262.2,Sports,7,1.73,Air,Ecom Express,2481.65,322.85,6.5,2025-02-04,2025-02-05,2025-02-05,Delivered,4.0,No,No,1,0,9.464721586575134,2804.5,1
ORD100488,CUST10571,2025-05-04,Hyderabad,Hyderabad,Coimbatore,1074.2,Grocery,2,3.65,Air,Blue Dart,9652.33,885.15,10.39,2025-05-06,2025-05-08,2025-05-08,Delivered,4.0,No,No,2,0,8.985598584993483,10537.48,1
ORD103153,CUST10230,2025-09-11,Hyderabad,Hyderabad,Bengaluru,171.3,Books,2,7.84,Road,Delhivery,0.0,189.83,9.12,2025-09-13,2025-09-17,2025-09-17,Delivered,4.0,No,No,4,0,0.0,189.83,1
ORD103378,CUST12529,2025-11-26,Bengaluru,Bengaluru,Delhi,595.4,Automotive,3,7.08,Road,Shadowfax,2708.37,633.51,7.4,2025-11-28,2025-12-03,2025-12-03,Delivered,5.0,No,No,5,0,4.548824319785019,3341.88,1
ORD104875,CUST11751,2025-04-14,Hyderabad,Hyderabad,Lucknow,284.6,Beauty,3,2.33,Air,Delhivery,2534.73,200.96,7.42,2025-04-16,2025-04-19,2025-04-25,Delayed,4.0,No,No,9,6,8.906289529163738,2735.69,0
ORD103796,CUST12707,2025-03-23,Hyderabad,Hyderabad,Chennai,333.8,Beauty,1,6.51,Road,Ecom Express,1504.48,326.67,6.66,2025-03-25,2025-03-28,2025-03-28,Delivered,4.0,No,No,3,0,4.507130017974835,1831.15,1
ORD102353,CUST10497,2025-05-16,Pune,Pune,Bengaluru,181.8,Sports,4,5.19,Road,Xpressbees,920.94,196.65,13.28,2025-05-19,2025-05-22,2025-05-23,Delayed,5.0,No,No,4,1,5.065676567656766,1117.5900000000001,0
ORD100547,CUST10292,2025-09-15,Hyderabad,Hyderabad,Visakhapatnam,338.0,Beauty,4,2.02,Road,Xpressbees,1614.13,374.09,3.77,2025-09-17,2025-09-21,2025-09-21,Delivered,4.0,No,No,4,0,4.775532544378699,1988.22,1
ORD103023,CUST11997,2025-12-11,Hyderabad,Hyderabad,Bhopal,582.7,Home & Kitchen,6,20.47,Road,Dtdc,2751.03,644.92,9.76,2025-12-13,2025-12-19,2025-12-19,Delivered,5.0,No,No,6,0,4.721177278187747,3395.9500000000003,1
ORD103443,CUST11221,2025-09-27,Chennai,Chennai,Jaipur,724.7,Home & Kitchen,1,0.25,Road,Blue Dart,3019.29,750.47,10.34,2025-09-29,2025-10-05,2025-10-05,Delivered,4.0,No,No,6,0,4.166261901476473,3769.76,1
ORD103898,CUST11630,2025-01-08,Bengaluru,Bengaluru,Indore,247.3,Home & Kitchen,3,3.2,Road,Delhivery,1339.72,232.64,6.04,2025-01-11,2025-01-15,2025-01-15,Delivered,5.0,No,No,4,0,5.417387788111605,1572.3600000000001,1
ORD104547,CUST10483,2025-08-17,Hyderabad,Hyderabad,Coimbatore,494.9,Home & Kitchen,5,3.98,Air,Ecom Express,4654.81,449.97,5.53,2025-08-19,2025-08-22,2025-08-22,Delivered,4.0,No,No,3,0,9.405556678116792,5104.780000000001,1
ORD104474,CUST12187,2025-01-04,Chennai,Chennai,Mumbai,533.2,Books,2,4.72,Air,Blue Dart,4863.56,521.46,8.89,2025-01-06,2025-01-09,2025-01-09,Delivered,5.0,No,No,3,0,9.12145536384096,5385.02,1
ORD103041,CUST10616,2025-09-10,Bengaluru,Bengaluru,Mumbai,333.7,Automotive,5,8.32,Road,Xpressbees,1554.66,379.13,7.35,2025-09-11,2025-09-15,2025-09-19,Delayed,3.0,No,No,8,4,4.658855259214864,1933.79,0
ORD100238,CUST11515,2025-03-08,Bengaluru,Bengaluru,Nagpur,761.1,Home & Kitchen,1,3.98,Road,Xpressbees,3280.71,467.24,6.56,2025-03-10,2025-03-17,2025-03-17,Delivered,4.0,No,No,7,0,4.31048482459598,3747.95,1
ORD103734,CUST10008,2025-12-19,Mumbai,Mumbai,Jaipur,294.3,Beauty,3,2.56,Road,Xpressbees,1213.71,247.69,10.6,2025-12-21,2025-12-27,2025-12-27,Delivered,5.0,No,No,6,0,4.124057084607544,1461.4,1
ORD103679,CUST11008,2025-06-24,Mumbai,Mumbai,Visakhapatnam,198.9,Home & Kitchen,1,2.43,Rail,Xpressbees,605.5,144.04,12.21,2025-06-27,2025-07-03,2025-07-03,Delivered,5.0,No,No,6,0,3.0442433383609853,749.54,1
ORD102153,CUST11756,2025-07-20,Chennai,Chennai,Kochi,180.0,Home & Kitchen,5,16.09,Road,Blue Dart,1126.76,98.09,7.06,2025-07-22,2025-07-28,2025-08-02,Delayed,3.0,No,No,11,5,6.259777777777778,1224.85,0
ORD103738,CUST10645,2025-09-25,Delhi,Delhi,Jaipur,405.0,Beauty,6,9.87,Air,Delhivery,3989.66,461.89,10.49,2025-09-28,2025-10-01,2025-10-01,Delivered,4.0,No,No,3,0,9.851012345679012,4451.55,1
ORD104126,CUST12426,2025-12-26,Pune,Pune,Vijayawada,886.2,Grocery,7,6.21,Road,Dtdc,3739.5,763.28,5.12,2025-12-28,2026-01-04,2026-01-06,Delayed,3.0,No,No,9,2,4.219702098849018,4502.78,0
ORD103521,CUST12359,2025-07-02,Chennai,Chennai,Bengaluru,213.7,Sports,6,4.03,Air,Shadowfax,2065.33,278.69,7.89,2025-07-05,2025-07-09,2025-07-09,Delivered,5.0,No,No,4,0,9.664623303696771,2344.02,1
ORD101223,CUST11659,2025-08-31,Mumbai,Mumbai,Chennai,639.8,Automotive,4,5.53,Express,Blue Dart,4693.76,484.1,12.22,2025-09-03,2025-09-07,2025-09-11,Delayed,4.0,No,No,8,4,7.336292591434824,5177.860000000001,0
ORD103389,CUST12346,2025-03-03,Mumbai,Mumbai,Delhi,338.6,Sports,3,2.25,Air,Shadowfax,3158.14,233.94,8.53,2025-03-05,2025-03-08,2025-03-08,Delivered,4.0,No,No,3,0,9.327052569403424,3392.08,1
ORD103283,CUST10725,2025-09-27,Mumbai,Mumbai,Surat,583.0,Automotive,2,5.28,Rail,Shadowfax,1944.23,505.6,9.84,2025-09-29,2025-10-05,2025-10-05,Delivered,5.0,No,No,6,0,3.3348713550600344,2449.83,1
ORD104537,CUST12729,2025-07-10,Mumbai,Mumbai,Delhi,610.5,Beauty,2,3.6,Road,Blue Dart,2692.56,557.22,12.21,2025-07-13,2025-07-20,2025-07-20,Delivered,5.0,No,No,7,0,4.41041769041769,3249.7799999999997,1
ORD102121,CUST10438,2025-04-30,Mumbai,Mumbai,Nagpur,512.2,Books,7,5.88,Air,Dtdc,4644.66,463.24,9.79,2025-05-02,2025-05-05,2025-05-05,Delivered,4.0,No,No,3,0,9.068059351815696,5107.9,1
ORD101317,CUST11077,2025-03-14,Mumbai,Mumbai,Indore,358.4,Sports,2,7.03,Express,Delhivery,2621.09,312.83,9.17,2025-03-16,2025-03-21,2025-03-21,Delivered,5.0,No,No,5,0,7.313309151785715,2933.92,1
ORD104054,CUST11887,2025-06-01,Bengaluru,Bengaluru,Surat,555.1,Books,4,6.44,Rail,Shadowfax,2001.49,599.43,9.34,2025-06-04,2025-06-10,2025-06-10,Delivered,4.0,No,No,6,0,3.6056386236714104,2600.92,1
ORD101675,CUST11332,2025-08-01,Pune,Pune,Kolkata,378.2,Electronics,2,1.39,Rail,Shadowfax,1280.37,292.64,9.36,2025-08-04,2025-08-09,2025-08-11,Delayed,3.0,No,No,7,2,3.3854309888947647,1573.0099999999998,0
ORD102393,CUST12080,2025-06-21,Pune,Pune,Kolkata,134.6,Home & Kitchen,3,3.96,Rail,Delhivery,470.83,183.18,12.77,2025-06-24,2025-06-29,2025-06-29,Delivered,4.0,No,No,5,0,3.497994056463596,654.01,1
ORD102011,CUST12151,2025-07-07,Mumbai,Mumbai,Delhi,224.2,Sports,7,1.35,Road,Shadowfax,1050.01,209.38,11.01,2025-07-09,2025-07-14,2025-07-14,Delivered,4.0,No,No,5,0,4.683363068688671,1259.3899999999999,1
ORD103080,CUST12651,2025-12-10,Bengaluru,Bengaluru,Kochi,851.0,Sports,1,1.47,Express,Delhivery,5961.24,894.06,7.32,2025-12-12,2025-12-16,2025-12-18,Delayed,3.0,No,No,6,2,7.0049823736780255,6855.299999999999,0
ORD102509,CUST12272,2025-05-12,Bengaluru,Bengaluru,Pune,348.9,Sports,7,7.29,Road,Delhivery,0.0,344.61,10.59,2025-05-14,2025-05-19,2025-05-19,Delivered,4.0,No,No,5,0,0.0,344.61,1
ORD102115,CUST11415,2025-07-14,Mumbai,Mumbai,Visakhapatnam,141.8,Automotive,3,3.28,Road,Xpressbees,700.56,131.3,7.28,2025-07-16,2025-07-21,2025-07-21,Delivered,5.0,No,Yes,5,0,4.940479548660083,831.8599999999999,1
ORD102307,CUST11600,2025-10-31,Bengaluru,Bengaluru,Kochi,334.1,Clothing,2,6.84,Air,Delhivery,3158.64,280.01,6.43,2025-11-02,2025-11-05,2025-11-05,Delivered,5.0,No,No,3,0,9.454175396587846,3438.6499999999996,1
ORD101439,CUST10192,2025-05-21,Hyderabad,Hyderabad,Bhopal,78.1,Clothing,1,4.76,Road,Xpressbees,392.27,81.21,9.73,2025-05-23,2025-05-28,2025-05-28,Delivered,4.0,No,No,5,0,5.022663252240717,473.47999999999996,1
ORD102068,CUST10527,2025-04-07,Hyderabad,Hyderabad,Indore,339.8,Grocery,4,6.08,Road,Xpressbees,1649.32,259.28,6.88,2025-04-09,2025-04-13,2025-04-13,Delivered,4.0,No,No,4,0,4.8537963507945845,1908.6,1
ORD103489,CUST12210,2025-06-01,Chennai,Chennai,Bhopal,759.8,Books,7,7.36,Road,Ecom Express,3181.01,592.46,5.16,2025-06-04,2025-06-09,2025-06-09,Delivered,5.0,No,No,5,0,4.186641221374046,3773.4700000000003,1
ORD101705,CUST12530,2025-04-04,Delhi,Delhi,Nagpur,1023.0,Automotive,2,0.95,Road,Dtdc,4234.89,948.53,9.72,2025-04-06,2025-04-13,2025-04-14,Delayed,4.0,No,No,8,1,4.139677419354839,5183.42,0
ORD104219,CUST12498,2025-01-09,Delhi,Delhi,Nagpur,597.7,Automotive,5,6.54,Road,Shadowfax,2609.37,416.08,10.49,2025-01-12,2025-01-17,2025-01-17,Delivered,4.0,No,No,5,0,4.36568512631755,3025.45,1
ORD103642,CUST11270,2025-09-17,Hyderabad,Hyderabad,Chennai,1019.8,Clothing,1,2.98,Express,Ecom Express,7322.54,1138.12,9.89,2025-09-20,2025-09-25,2025-09-27,Delayed,4.0,No,No,7,2,7.180368699745048,8460.66,0
ORD102436,CUST12508,2025-12-16,Pune,Pune,Delhi,153.2,Automotive,1,11.49,Road,Ecom Express,772.32,157.51,8.43,2025-12-17,2025-12-22,2025-12-27,Delayed,4.0,No,No,10,5,5.041253263707572,929.83,0
ORD103895,CUST11745,2025-06-22,Bengaluru,Bengaluru,Visakhapatnam,564.7,Books,4,0.63,Road,Ecom Express,2336.58,542.16,5.53,2025-06-25,2025-07-02,2025-07-02,Delivered,5.0,No,No,7,0,4.137736851425535,2878.74,1
ORD103901,CUST10570,2025-07-01,Pune,Pune,Vijayawada,950.4,Sports,7,9.2,Road,Ecom Express,4060.69,1117.88,11.37,2025-07-03,2025-07-10,2025-07-10,Delivered,4.0,No,No,7,0,4.2726115319865325,5178.57,1
ORD102444,CUST11344,2025-07-20,Hyderabad,Hyderabad,Indore,160.0,Books,3,3.59,Road,Ecom Express,800.14,196.73,8.42,2025-07-22,2025-07-29,2025-08-03,Delayed,3.0,No,No,12,5,5.000875,996.87,0
ORD100512,CUST12026,2025-12-18,Mumbai,Mumbai,Kochi,683.0,Automotive,5,0.7,Express,Blue Dart,4708.5,515.35,11.77,2025-12-20,2025-12-27,2025-12-28,Delayed,3.0,No,No,8,1,6.893850658857979,5223.85,0
ORD102705,CUST11207,2025-03-09,Chennai,Chennai,Mumbai,136.9,Electronics,4,5.32,Air,Blue Dart,1308.7,70.48,8.64,2025-03-11,2025-03-14,2025-03-14,Delivered,4.0,No,No,3,0,9.559532505478451,1379.18,1
ORD102293,CUST11865,2025-01-07,Bengaluru,Bengaluru,Chennai,441.5,Books,4,2.18,Road,Blue Dart,1831.0,482.82,5.06,2025-01-09,2025-01-15,2025-01-18,Delayed,3.0,No,No,9,3,4.14722536806342,2313.82,0
ORD100434,CUST11798,2025-10-15,Hyderabad,Hyderabad,Bhopal,212.6,Electronics,4,2.92,Road,Ecom Express,918.09,228.18,9.33,2025-10-18,2025-10-23,2025-10-23,Delivered,5.0,No,No,5,0,4.318391345249295,1146.27,1
ORD103248,CUST10408,2025-02-14,Hyderabad,Hyderabad,Unknown,520.5,Clothing,6,14.49,Road,Dtdc,2436.59,513.52,8.72,2025-02-17,2025-02-23,2025-02-23,Delivered,4.0,No,No,6,0,4.681248799231509,2950.11,1
ORD104205,CUST11347,2025-04-07,Chennai,Chennai,Surat,205.5,Sports,5,8.35,Air,Shadowfax,1960.4,70.52,10.42,2025-04-09,2025-04-12,2025-04-12,Delivered,3.0,No,No,3,0,9.539659367396593,2030.92,1
ORD101784,CUST11375,2025-02-09,Pune,Pune,Delhi,508.5,Home & Kitchen,4,8.93,Road,Delhivery,2360.93,308.45,7.59,2025-02-12,2025-02-18,2025-02-18,Delivered,4.0,No,No,6,0,4.642930186823992,2669.3799999999997,1
ORD102932,CUST12510,2025-06-15,Hyderabad,Hyderabad,Vijayawada,102.1,Books,2,2.8,Road,Dtdc,518.94,101.72,7.57,2025-06-16,2025-06-20,2025-06-22,Delayed,3.0,No,No,6,2,5.0826640548481885,620.6600000000001,0
ORD102420,CUST11980,2025-10-13,Chennai,Chennai,Coimbatore,245.8,Books,7,3.72,Road,Shadowfax,1194.48,243.41,5.46,2025-10-16,2025-10-20,2025-10-20,Delivered,4.0,No,No,4,0,4.859560618388934,1437.89,1
ORD102920,CUST10527,2025-10-15,Hyderabad,Hyderabad,Mumbai,189.0,Grocery,3,0.86,Road,Blue Dart,776.86,70.15,4.54,2025-10-17,2025-10-21,2025-10-21,Delivered,4.0,No,No,4,0,4.1103703703703705,847.01,1
ORD100484,CUST12602,2025-01-20,Bengaluru,Bengaluru,Pune,565.4,Grocery,1,6.58,Express,Dtdc,4077.28,609.71,6.91,2025-01-22,2025-01-26,2025-01-26,Delivered,4.0,No,No,4,0,7.2113194198797315,4686.99,1
ORD104844,CUST12261,2025-04-24,Mumbai,Mumbai,Bengaluru,166.6,Electronics,2,7.72,Road,Blue Dart,814.87,181.1,11.58,2025-04-27,2025-05-02,2025-05-02,Delivered,5.0,No,No,5,0,4.891176470588236,995.97,1
ORD102817,CUST10513,2025-12-10,Mumbai,Mumbai,Surat,150.9,Books,3,1.57,Road,Shadowfax,696.76,128.76,9.97,2025-12-11,2025-12-15,2025-12-15,Delivered,4.0,No,No,4,0,4.617362491716368,825.52,1
ORD102181,CUST10200,2025-09-07,Chennai,Chennai,Indore,588.5,Electronics,7,1.56,Express,Dtdc,4291.3,628.29,9.19,2025-09-09,2025-09-14,2025-09-14,Delivered,5.0,No,No,5,0,7.291928632115548,4919.59,1
ORD101631,CUST11196,2025-02-21,Pune,Pune,Indore,221.2,Beauty,2,3.83,Rail,Dtdc,728.23,141.25,5.72,2025-02-23,2025-03-01,2025-03-01,Delivered,4.0,No,No,6,0,3.2921790235081376,869.48,1
ORD102148,CUST11097,2025-06-11,Mumbai,Mumbai,Hyderabad,955.9,Beauty,7,3.88,Express,Blue Dart,6866.09,713.32,6.43,2025-06-13,2025-06-19,2025-06-19,Delivered,4.0,No,Yes,6,0,7.182853855005754,7579.41,1
ORD104074,CUST10985,2025-11-01,Delhi,Delhi,Coimbatore,111.0,Home & Kitchen,4,4.24,Road,Ecom Express,660.46,109.82,7.48,2025-11-03,2025-11-07,2025-11-09,Delayed,3.0,No,No,6,2,5.95009009009009,770.28,0
ORD101669,CUST12338,2025-03-15,Hyderabad,Hyderabad,Indore,208.2,Grocery,7,5.22,Road,Dtdc,1093.82,233.13,5.83,2025-03-17,2025-03-22,2025-03-22,Delivered,4.0,No,No,5,0,5.253698366954851,1326.9499999999998,1
ORD103724,CUST10193,2025-01-20,Chennai,Chennai,Bhopal,198.3,Beauty,3,2.37,Road,Delhivery,950.71,99.95,5.12,2025-01-22,2025-01-27,2025-01-27,Delivered,5.0,No,No,5,0,4.794301563287948,1050.66,1
ORD100623,CUST11431,2025-01-27,Delhi,Delhi,Coimbatore,182.8,Electronics,2,9.51,Road,Delhivery,930.83,253.66,8.89,2025-01-28,2025-02-02,2025-02-02,Delivered,5.0,No,No,5,0,5.092067833698031,1184.49,1
ORD102432,CUST11484,2025-11-04,Delhi,Delhi,Chennai,716.7,Clothing,2,12.32,Road,Shadowfax,3206.87,817.76,6.57,2025-11-06,2025-11-12,2025-11-16,Delayed,4.0,No,No,10,4,4.474494209571647,4024.63,0
ORD100046,CUST11307,2025-09-15,Mumbai,Mumbai,Nagpur,651.2,Grocery,3,4.72,Air,Ecom Express,6022.76,619.2,10.12,2025-09-18,2025-09-22,2025-09-22,Delivered,4.0,No,No,4,0,9.248710073710074,6641.96,1
ORD101776,CUST11025,2025-01-03,Mumbai,Mumbai,Bhopal,472.1,Clothing,3,2.12,Express,Ecom Express,3298.08,345.58,8.96,2025-01-05,2025-01-09,2025-01-11,Delayed,4.0,No,No,6,2,6.985977547129845,3643.66,0
ORD100950,CUST10879,2025-03-27,Pune,Pune,Chennai,267.8,Books,2,11.82,Road,Ecom Express,1266.81,169.96,10.31,2025-03-30,2025-04-04,2025-04-04,Delivered,5.0,No,No,5,0,4.730433159073935,1436.77,1
ORD100429,CUST10689,2025-04-18,Pune,Pune,Mumbai,197.8,Electronics,3,6.03,Road,Blue Dart,964.6,219.57,10.29,2025-04-20,2025-04-25,2025-04-25,Delivered,4.0,No,No,5,0,4.876643073811931,1184.17,1
ORD104378,CUST12635,2025-05-29,Bengaluru,Bengaluru,Coimbatore,358.8,Clothing,5,1.41,Air,Delhivery,3189.8,286.16,6.02,2025-06-01,2025-06-03,2025-06-03,Delivered,4.0,No,No,2,0,8.890189520624304,3475.96,1
ORD104883,CUST11526,2025-11-14,Hyderabad,Hyderabad,Ahmedabad,329.6,Automotive,4,3.89,Express,Blue Dart,2587.47,278.48,6.9,2025-11-16,2025-11-19,2025-11-19,Delivered,4.0,No,No,3,0,7.8503337378640765,2865.95,1
ORD102963,CUST12200,2025-07-16,Chennai,Chennai,Bengaluru,657.9,Beauty,6,1.88,Road,Ecom Express,2802.7,680.15,6.28,2025-07-18,2025-07-23,2025-07-23,Delivered,5.0,No,No,5,0,4.260069919440644,3482.85,1
ORD102170,CUST11207,2025-11-16,Bengaluru,Bengaluru,Kolkata,378.4,Electronics,4,3.78,Air,Xpressbees,3425.38,266.24,7.68,2025-11-18,2025-11-21,2025-11-21,Delivered,5.0,No,No,3,0,9.052272727272728,3691.62,1
ORD101435,CUST11641,2025-06-26,Mumbai,Mumbai,Jaipur,607.1,Automotive,5,1.43,Express,Dtdc,4248.76,651.08,9.53,2025-06-29,2025-07-04,2025-07-04,Delivered,4.0,No,No,5,0,6.99845165541097,4899.84,1
ORD103524,CUST12603,2025-02-06,Bengaluru,Bengaluru,Delhi,34.0,Electronics,7,9.02,Rail,Shadowfax,372.45,43.68,6.02,2025-02-08,2025-02-13,2025-02-13,Delivered,5.0,No,No,5,0,10.954411764705881,416.13,1
ORD102008,CUST11344,2025-03-18,Mumbai,Mumbai,Unknown,297.1,Automotive,7,11.16,Road,Ecom Express,1494.91,261.33,10.4,2025-03-19,2025-03-26,2025-03-27,Delayed,2.0,No,No,8,1,5.031672837428475,1756.24,0
ORD102512,CUST11648,2025-08-26,Delhi,Delhi,Kochi,438.1,Grocery,2,13.2,Rail,Ecom Express,1594.5,340.31,9.96,2025-08-29,2025-09-05,2025-09-05,Delivered,4.0,No,Yes,7,0,3.6395800045651674,1934.81,1
ORD101332,CUST11350,2025-12-04,Hyderabad,Hyderabad,Surat,413.9,Beauty,1,0.52,Express,Delhivery,2895.01,295.7,6.31,2025-12-06,2025-12-09,2025-12-09,Delivered,2.0,No,No,3,0,6.994467262623823,3190.71,1
ORD101638,CUST11172,2025-10-20,Delhi,Delhi,Bengaluru,309.2,Beauty,5,10.06,Rail,Dtdc,1223.15,205.65,9.29,2025-10-23,2025-10-29,2025-10-31,Delayed,4.0,No,Yes,8,2,3.95585381630013,1428.8000000000002,0
ORD103625,CUST10911,2025-10-24,Chennai,Chennai,Ahmedabad,252.9,Sports,2,5.54,Road,Blue Dart,1069.67,249.6,6.75,2025-10-26,2025-10-30,2025-10-30,Delivered,4.0,No,No,4,0,4.229616449189403,1319.27,1
ORD100283,CUST12668,2025-07-16,Hyderabad,Hyderabad,Chennai,578.0,Grocery,4,0.37,Express,Xpressbees,4086.8,380.54,6.64,2025-07-18,2025-07-23,2025-07-24,Delayed,5.0,No,No,6,1,7.070588235294118,4467.34,0
ORD100165,CUST11257,2025-06-23,Pune,Pune,Bengaluru,865.5,Books,1,5.45,Road,Shadowfax,3653.51,837.78,8.57,2025-06-25,2025-07-02,2025-07-02,Delivered,3.0,No,No,7,0,4.221270941652224,4491.29,1
ORD104507,CUST11287,2025-08-12,Hyderabad,Hyderabad,Jaipur,122.5,Home & Kitchen,4,2.57,Road,Xpressbees,523.58,185.56,7.59,2025-08-13,2025-08-18,2025-08-18,Delivered,4.0,No,No,5,0,4.274122448979592,709.1400000000001,1
ORD102339,CUST11864,2025-07-18,Hyderabad,Hyderabad,Kochi,215.6,Grocery,4,8.04,Road,Blue Dart,1191.5,185.46,10.0,2025-07-20,2025-07-24,2025-07-28,Delayed,5.0,No,No,8,4,5.526437847866419,1376.96,0
ORD101058,CUST12723,2025-07-04,Mumbai,Mumbai,Kolkata,289.9,Electronics,5,2.67,Air,Shadowfax,2552.83,161.09,6.8,2025-07-06,2025-07-08,2025-07-08,Delivered,4.0,No,No,2,0,8.805898585719214,2713.92,1
ORD101343,CUST12798,2025-03-06,Delhi,Delhi,Coimbatore,309.3,Sports,7,3.76,Road,Ecom Express,1376.68,213.05,11.0,2025-03-09,2025-03-13,2025-03-14,Delayed,3.0,No,No,5,1,4.450953766569674,1589.73,0
ORD103555,CUST11399,2025-08-11,Pune,Pune,Nagpur,1602.7,Books,4,8.15,Rail,Shadowfax,5310.34,1712.78,0.0,2025-08-14,2025-08-22,2025-08-22,Delivered,4.0,Yes,No,8,0,3.3133711861234167,7023.12,1
ORD102259,CUST11169,2025-03-20,Chennai,Chennai,Kochi,66.7,Automotive,1,4.73,Road,Shadowfax,330.7,63.39,7.62,2025-03-23,2025-03-28,2025-03-28,Delivered,4.0,No,No,5,0,4.958020989505247,394.09,1
ORD103692,CUST10788,2025-06-22,Bengaluru,Bengaluru,Mumbai,535.9,Home & Kitchen,4,6.28,Road,Dtdc,2450.64,506.61,6.31,2025-06-24,2025-07-01,2025-07-02,Delayed,3.0,No,No,8,1,4.572942713192759,2957.25,0
ORD101764,CUST10049,2025-12-28,Bengaluru,Bengaluru,Delhi,600.9,Home & Kitchen,5,4.69,Express,Ecom Express,4280.65,487.09,9.52,2025-12-31,2026-01-03,2026-01-04,Delayed,4.0,Yes,No,4,1,7.123731070061574,4767.74,0
ORD102868,CUST12001,2025-06-25,Chennai,Chennai,Kochi,53.4,Grocery,2,2.27,Road,Xpressbees,313.35,32.62,2.71,2025-06-27,2025-06-30,2025-06-30,Delivered,5.0,No,No,3,0,5.867977528089888,345.97,1
ORD101658,CUST11435,2025-09-02,Bengaluru,Bengaluru,Ahmedabad,326.6,Automotive,2,10.09,Road,Blue Dart,1556.81,369.06,5.57,2025-09-03,2025-09-08,2025-09-08,Delivered,4.0,No,Yes,5,0,4.766717697489283,1925.87,1
ORD104616,CUST10804,2025-07-24,Pune,Pune,Visakhapatnam,247.3,Beauty,4,4.26,Rail,Shadowfax,943.38,286.38,9.08,2025-07-27,2025-08-01,2025-08-01,Delivered,4.0,No,No,5,0,3.8147189648200563,1229.76,1
ORD100919,CUST11959,2025-08-23,Pune,Pune,Chennai,202.7,Clothing,2,0.32,Rail,Shadowfax,826.99,186.41,4.5,2025-08-25,2025-09-01,2025-09-01,Delivered,4.0,No,No,7,0,4.079871731623088,1013.4,1
ORD102015,CUST10097,2025-10-29,Delhi,Delhi,Surat,378.5,Books,6,5.08,Air,Xpressbees,3620.76,235.16,0.0,2025-10-31,2025-11-04,2025-11-04,Delivered,4.0,No,No,4,0,9.566076618229856,3855.92,1
ORD103452,CUST11513,2025-06-25,Bengaluru,Bengaluru,Delhi,188.1,Books,2,0.86,Air,Dtdc,1903.34,178.75,6.63,2025-06-27,2025-06-28,2025-06-28,Delivered,4.0,No,No,1,0,10.118766613503455,2082.09,1
ORD104432,CUST10841,2025-09-09,Delhi,Delhi,Kochi,127.3,Books,7,1.47,Road,Delhivery,649.91,269.16,10.41,2025-09-11,2025-09-14,2025-09-14,Delivered,4.0,No,Yes,3,0,5.105341712490181,919.0699999999999,1
ORD102720,CUST11067,2025-10-21,Chennai,Chennai,Mumbai,840.5,Books,5,5.22,Road,Dtdc,3671.31,618.21,8.01,2025-10-23,2025-10-31,2025-11-01,Delayed,3.0,No,No,9,1,4.368007138607972,4289.52,0
ORD101071,CUST10517,2025-09-22,Mumbai,Mumbai,Kolkata,721.0,Grocery,6,4.75,Express,Delhivery,5142.7,681.12,10.82,2025-09-25,2025-09-28,2025-09-28,Delivered,5.0,No,Yes,3,0,7.132732316227462,5823.82,1
ORD102196,CUST12369,2025-03-05,Delhi,Delhi,Visakhapatnam,296.3,Home & Kitchen,6,1.88,Air,Blue Dart,2656.31,327.23,0.0,2025-03-08,2025-03-11,2025-03-11,Delivered,5.0,No,No,3,0,8.964934188322646,2983.54,1
ORD103137,CUST11437,2025-03-08,Hyderabad,Hyderabad,Lucknow,861.2,Books,3,7.49,Road,Ecom Express,3635.51,794.39,6.39,2025-03-10,2025-03-15,2025-03-15,Delivered,4.0,Yes,Yes,5,0,4.22144681839294,4429.900000000001,1
ORD103669,CUST10007,2025-06-10,Pune,Pune,Ahmedabad,552.1,Home & Kitchen,1,2.22,Express,Ecom Express,3748.41,619.31,8.36,2025-06-13,2025-06-17,2025-06-17,Delivered,5.0,No,No,4,0,6.789367868139829,4367.719999999999,1
ORD104711,CUST12464,2025-05-05,Bengaluru,Bengaluru,Coimbatore,345.5,Books,1,5.99,Air,Shadowfax,3119.65,273.93,7.82,2025-05-07,2025-05-09,2025-05-09,Delivered,5.0,No,Yes,2,0,9.029377713458755,3393.58,1
ORD104889,CUST11425,2025-02-23,Mumbai,Mumbai,Indore,99.9,Clothing,5,1.27,Road,Delhivery,395.64,54.26,9.14,2025-02-26,2025-03-03,2025-03-03,Delivered,3.0,No,No,5,0,3.96036036036036,449.9,1
ORD103718,CUST11998,2025-05-06,Delhi,Delhi,Coimbatore,334.9,Books,4,3.24,Rail,Xpressbees,1079.32,221.56,6.52,2025-05-08,2025-05-14,2025-05-14,Delivered,5.0,No,No,6,0,3.222812779934309,1300.8799999999999,1
ORD104130,CUST11508,2025-10-10,Delhi,Delhi,Bhopal,526.9,Sports,2,6.24,Road,Blue Dart,2340.05,332.28,8.72,2025-10-12,2025-10-17,2025-10-17,Delivered,4.0,No,No,5,0,4.441165306509775,2672.33,1
ORD104714,CUST10544,2025-03-28,Delhi,Delhi,Coimbatore,326.3,Grocery,7,2.73,Rail,Blue Dart,1179.88,191.1,8.14,2025-03-31,2025-04-06,2025-04-06,Delivered,5.0,No,No,6,0,3.6159362549800798,1370.98,1
ORD104730,CUST11507,2025-08-21,Hyderabad,Hyderabad,Visakhapatnam,449.8,Electronics,1,11.09,Road,Delhivery,1893.92,289.64,5.38,2025-08-22,2025-08-29,2025-08-29,Delivered,5.0,No,No,7,0,4.210582481102712,2183.56,1
ORD101817,CUST10092,2025-06-22,Bengaluru,Bengaluru,Hyderabad,95.3,Automotive,7,8.08,Road,Ecom Express,557.95,56.45,10.2,2025-06-24,2025-06-30,2025-07-01,Delayed,4.0,No,No,7,1,5.8546694648478494,614.4000000000001,0
ORD104756,CUST10707,2025-04-14,Delhi,Delhi,Nagpur,323.0,Automotive,2,2.47,Express,Shadowfax,2350.93,340.42,6.29,2025-04-17,2025-04-21,2025-04-21,Delivered,5.0,No,No,4,0,7.278421052631578,2691.35,1
ORD100572,CUST11365,2025-04-03,Chennai,Chennai,Bhopal,349.5,Grocery,5,3.98,Road,Delhivery,1576.55,316.8,7.98,2025-04-04,2025-04-09,2025-04-09,Delivered,5.0,No,No,5,0,4.510872675250358,1893.35,1
ORD103814,CUST10176,2025-07-08,Hyderabad,Hyderabad,Chennai,485.9,Home & Kitchen,1,5.94,Air,Blue Dart,4430.45,533.07,4.92,2025-07-10,2025-07-14,2025-07-14,Delivered,4.0,No,No,4,0,9.118028400905537,4963.5199999999995,1
ORD100973,CUST11666,2025-12-10,Mumbai,Mumbai,Vijayawada,87.4,Electronics,1,14.01,Rail,Dtdc,449.24,94.12,10.98,2025-12-13,2025-12-19,2025-12-19,Delivered,5.0,No,No,6,0,5.140045766590389,543.36,1
ORD102401,CUST11807,2025-05-30,Mumbai,Mumbai,Lucknow,585.9,Automotive,2,6.89,Road,Blue Dart,2635.39,565.61,10.31,2025-06-01,2025-06-06,2025-06-06,Delivered,4.0,No,Yes,5,0,4.498020139955623,3201.0,1
ORD101795,CUST11974,2025-06-16,Hyderabad,Hyderabad,Nagpur,782.9,Grocery,6,4.05,Rail,Delhivery,2719.77,647.36,9.03,2025-06-18,2025-06-25,2025-06-25,Delivered,4.0,No,No,7,0,3.4739685783624985,3367.13,1
ORD101455,CUST10619,2025-01-27,Hyderabad,Hyderabad,Lucknow,391.0,Grocery,2,0.95,Road,Ecom Express,1703.42,336.42,7.64,2025-01-28,2025-02-03,2025-02-03,Delivered,4.0,No,No,6,0,4.356572890025576,2039.8400000000001,1
ORD101172,CUST12170,2025-01-15,Hyderabad,Hyderabad,Kolkata,635.1,Books,5,4.95,Road,Blue Dart,2890.21,442.32,7.69,2025-01-17,2025-01-23,2025-01-23,Delivered,4.0,No,No,6,0,4.55079515037002,3332.53,1
ORD103760,CUST10542,2025-01-29,Delhi,Delhi,Nagpur,495.8,Beauty,6,1.65,Rail,Xpressbees,1639.39,536.17,10.7,2025-02-01,2025-02-09,2025-02-16,Delayed,4.0,No,No,15,7,3.306555062525212,2175.56,0
ORD103244,CUST11816,2025-10-03,Bengaluru,Bengaluru,Surat,432.9,Sports,2,1.43,Road,Dtdc,1859.51,490.5,6.84,2025-10-05,2025-10-10,2025-10-10,Delivered,4.0,No,No,5,0,4.2954723954723955,2350.01,1
ORD102961,CUST12005,2025-08-09,Delhi,Delhi,Kolkata,778.2,Home & Kitchen,2,5.32,Road,Dtdc,3379.1,651.89,11.87,2025-08-13,2025-08-20,2025-08-20,Delivered,4.0,No,No,7,0,4.3421999485993314,4030.99,1
ORD104406,CUST12386,2025-09-26,Chennai,Chennai,Visakhapatnam,444.3,Sports,6,7.34,Road,Shadowfax,2014.95,427.17,9.69,2025-09-29,2025-10-05,2025-10-05,Delivered,4.0,No,No,6,0,4.535111411208643,2442.12,1
ORD100255,CUST10466,2025-03-11,Pune,Pune,Visakhapatnam,431.1,Beauty,6,5.49,Road,Blue Dart,1880.08,277.99,10.86,2025-03-14,2025-03-19,2025-03-19,Delivered,5.0,No,No,5,0,4.361122709348178,2158.0699999999997,1
ORD103865,CUST10693,2025-03-14,Chennai,Chennai,Surat,1030.3,Beauty,1,3.63,Road,Shadowfax,4258.26,1005.1,0.0,2025-03-17,2025-03-23,2025-03-23,Delivered,5.0,No,No,6,0,4.133029214791809,5263.360000000001,1
ORD102721,CUST12397,2025-01-26,Pune,Pune,Coimbatore,341.6,Grocery,4,1.54,Road,Shadowfax,1557.22,404.91,7.76,2025-01-29,2025-02-04,2025-02-04,Delivered,5.0,No,No,6,0,4.558606557377049,1962.13,1
ORD101201,CUST10487,2025-07-28,Delhi,Delhi,Pune,548.8,Beauty,3,2.18,Rail,Dtdc,1865.04,509.77,0.0,2025-07-30,2025-08-05,2025-08-05,Delivered,4.0,No,No,6,0,3.398396501457726,2374.81,1
ORD104091,CUST10170,2025-07-25,Pune,Pune,Mumbai,1800.0,Beauty,5,0.93,Air,Dtdc,16275.33,1327.57,11.32,2025-07-27,2025-08-02,2025-08-05,Delayed,4.0,No,No,9,3,9.04185,17602.9,0
ORD103505,CUST12203,2025-04-23,Pune,Pune,Nagpur,197.2,Clothing,7,4.04,Road,Dtdc,993.87,219.63,8.71,2025-04-25,2025-04-28,2025-04-29,Delayed,3.0,No,No,4,1,5.039908722109534,1213.5,0
ORD102511,CUST12133,2025-02-02,Delhi,Delhi,Hyderabad,257.4,Books,4,8.45,Air,Blue Dart,2485.36,256.12,10.18,2025-02-05,2025-02-07,2025-02-07,Delivered,4.0,No,No,2,0,9.655633255633257,2741.48,1
ORD102118,CUST12724,2025-08-25,Delhi,Delhi,Jaipur,400.6,Clothing,6,1.3,Rail,Ecom Express,1513.47,439.84,10.32,2025-08-27,2025-09-02,2025-09-02,Delivered,4.0,No,No,6,0,3.778007988017973,1953.31,1
ORD101296,CUST12190,2025-01-15,Delhi,Delhi,Bengaluru,1138.2,Automotive,1,14.08,Road,Dtdc,5085.43,939.29,7.75,2025-01-17,2025-01-24,2025-01-24,Delivered,4.0,No,No,7,0,4.467958179581796,6024.72,1
ORD100844,CUST11843,2025-03-03,Bengaluru,Bengaluru,Delhi,294.7,Home & Kitchen,3,1.6,Road,Ecom Express,1280.15,243.01,9.55,2025-03-06,2025-03-10,2025-03-13,Delayed,2.0,No,No,7,3,4.34390906006108,1523.16,0
ORD100869,CUST12624,2025-12-13,Delhi,Delhi,Surat,533.3,Beauty,7,4.15,Road,Shadowfax,2363.84,548.67,9.13,2025-12-15,2025-12-18,2025-12-24,Delayed,3.0,No,No,9,6,4.432477029814364,2912.51,0
ORD101049,CUST12698,2025-03-01,Bengaluru,Bengaluru,Pune,638.0,Sports,1,1.0,Air,Dtdc,5785.76,502.38,8.16,2025-03-03,2025-03-07,2025-03-10,Delayed,4.0,No,No,7,3,9.06858934169279,6288.14,0
ORD104426,CUST12459,2025-04-04,Delhi,Delhi,Bhopal,437.3,Books,6,0.86,Road,Dtdc,1952.09,385.71,11.4,2025-04-06,2025-04-13,2025-04-15,Delayed,3.0,No,No,9,2,4.463960667733821,2337.7999999999997,0
ORD102445,CUST11501,2025-03-09,Hyderabad,Hyderabad,Indore,323.6,Books,6,6.96,Road,Ecom Express,1426.58,256.31,8.93,2025-03-11,2025-03-16,2025-03-16,Delivered,4.0,No,No,5,0,4.408467243510506,1682.8899999999999,1
ORD102877,CUST12594,2025-08-12,Bengaluru,Bengaluru,Ahmedabad,344.9,Beauty,6,3.44,Road,Blue Dart,1529.02,294.81,5.38,2025-08-14,2025-08-19,2025-08-20,Delayed,4.0,No,No,6,1,4.433227022325312,1823.83,0
ORD100114,CUST10315,2025-04-05,Hyderabad,Hyderabad,Ahmedabad,360.0,Electronics,2,3.44,Road,Blue Dart,1646.19,228.16,8.18,2025-04-08,2025-04-13,2025-04-13,Delivered,5.0,No,No,5,0,4.57275,1874.3500000000001,1
ORD104548,CUST10093,2025-01-16,Pune,Pune,Visakhapatnam,605.3,Automotive,6,13.48,Air,Ecom Express,5718.67,470.89,15.26,2025-01-19,2025-01-22,2025-01-23,Delayed,4.0,No,No,4,1,9.44766231620684,6189.56,0
ORD102810,CUST12507,2025-07-08,Chennai,Chennai,Hyderabad,271.9,Beauty,2,2.74,Road,Delhivery,1232.79,316.37,7.04,2025-07-11,2025-07-15,2025-07-15,Delivered,4.0,No,No,4,0,4.533983082015447,1549.1599999999999,1
ORD101938,CUST12385,2025-03-05,Hyderabad,Hyderabad,Pune,692.8,Books,5,2.15,Air,Dtdc,6321.28,774.41,7.18,2025-03-07,2025-03-11,2025-03-11,Delivered,4.0,No,No,4,0,9.124249422632795,7095.69,1
ORD101456,CUST12156,2025-05-14,Chennai,Chennai,Pune,1121.4,Grocery,5,7.44,Road,Xpressbees,4860.57,1195.33,8.1,2025-05-17,2025-05-26,2025-05-29,Delayed,4.0,No,No,12,3,4.334376672017121,6055.9,0
ORD103807,CUST10776,2025-12-01,Chennai,Chennai,Nagpur,397.0,Home & Kitchen,5,7.83,Road,Dtdc,1768.66,353.88,5.45,2025-12-02,2025-12-08,2025-12-09,Delayed,3.0,No,No,7,1,4.4550629722921915,2122.54,0
ORD100148,CUST11626,2025-04-28,Hyderabad,Hyderabad,Bengaluru,408.7,Books,4,6.34,Air,Ecom Express,3713.52,442.03,8.72,2025-04-30,2025-05-03,2025-05-03,Delivered,5.0,No,No,3,0,9.086175678982139,4155.55,1
ORD102983,CUST10910,2025-10-27,Bengaluru,Bengaluru,Jaipur,375.1,Automotive,1,8.3,Road,Dtdc,1712.68,342.54,7.55,2025-10-29,2025-11-02,2025-11-02,Delivered,4.0,No,No,4,0,4.56592908557718,2055.2200000000003,1
ORD103376,CUST12572,2025-01-04,Mumbai,Mumbai,Delhi,256.1,Clothing,3,3.96,Air,Dtdc,2365.68,283.47,10.23,2025-01-06,2025-01-09,2025-01-09,Delivered,5.0,No,No,3,0,9.237329168293634,2649.1499999999996,1
ORD100122,CUST10826,2025-03-22,Mumbai,Mumbai,Bhopal,334.7,Home & Kitchen,4,2.46,Road,Xpressbees,1465.4,381.01,11.22,2025-03-25,2025-03-30,2025-03-30,Delivered,4.0,No,No,5,0,4.378249178368689,1846.41,1
ORD103444,CUST12606,2025-02-01,Bengaluru,Bengaluru,Vijayawada,1086.7,Grocery,1,8.26,Road,Dtdc,4755.3,848.31,8.4,2025-02-04,2025-02-11,2025-02-11,Delivered,3.0,No,No,7,0,4.375908714456612,5603.610000000001,1
ORD104823,CUST12207,2025-11-08,Bengaluru,Bengaluru,Surat,48.4,Beauty,2,4.12,Air,Ecom Express,0.0,59.26,4.35,2025-11-10,2025-11-12,2025-11-16,Delayed,3.0,Yes,No,6,4,0.0,59.26,0
ORD104739,CUST12282,2025-07-28,Hyderabad,Hyderabad,Kochi,543.1,Grocery,7,6.72,Road,Delhivery,2412.29,341.53,10.23,2025-07-30,2025-08-05,2025-08-05,Delivered,4.0,No,No,6,0,4.441705026698582,2753.8199999999997,1
ORD103259,CUST10457,2025-02-25,Mumbai,Mumbai,Jaipur,379.5,Books,7,0.67,Rail,Ecom Express,1155.03,363.01,9.68,2025-02-27,2025-03-05,2025-03-05,Delivered,4.0,No,No,6,0,3.043557312252964,1518.04,1
ORD101416,CUST10092,2025-05-09,Mumbai,Mumbai,Ahmedabad,232.5,Sports,3,9.8,Road,Delhivery,1142.29,235.35,10.35,2025-05-11,2025-05-16,2025-05-16,Delivered,4.0,No,No,5,0,4.913075268817204,1377.6399999999999,1
ORD100491,CUST10752,2025-12-20,Chennai,Chennai,Jaipur,496.4,Home & Kitchen,3,1.31,Road,Shadowfax,2168.55,435.26,7.94,2025-12-23,2025-12-28,2025-12-28,Delivered,4.0,No,No,5,0,4.36855358581789,2603.8100000000004,1
ORD103553,CUST12263,2025-06-22,Pune,Pune,Lucknow,726.6,Sports,6,12.43,Rail,Ecom Express,2518.38,716.61,6.36,2025-06-24,2025-07-01,2025-07-01,Delivered,4.0,No,No,7,0,3.46597853014038,3234.9900000000002,1
ORD100977,CUST10645,2025-07-01,Delhi,Delhi,Surat,1093.1,Books,3,5.73,Road,Xpressbees,4665.89,1020.13,7.25,2025-07-02,2025-07-11,2025-07-11,Delivered,5.0,No,No,9,0,4.268493276004026,5686.02,1
ORD100068,CUST11710,2025-01-31,Pune,Pune,Nagpur,255.5,Beauty,6,6.26,Road,Delhivery,1233.42,177.97,10.94,2025-02-03,2025-02-08,2025-02-08,Delivered,5.0,No,No,5,0,4.82747553816047,1411.39,1
ORD101264,CUST11353,2025-02-06,Bengaluru,Bengaluru,Lucknow,385.4,Grocery,4,5.56,Road,Shadowfax,1746.72,356.56,7.43,2025-02-08,2025-02-14,2025-02-17,Delayed,4.0,No,No,9,3,4.5322262584327975,2103.28,0
ORD100921,CUST12110,2025-01-06,Bengaluru,Bengaluru,Delhi,948.9,Clothing,5,1.8,Air,Ecom Express,8510.37,814.71,8.16,2025-01-08,2025-01-12,2025-01-14,Delayed,3.0,No,No,6,2,8.96866898514069,9325.080000000002,0
ORD102929,CUST11737,2025-02-09,Pune,Pune,Chennai,534.0,Grocery,7,7.07,Air,Dtdc,4969.46,403.9,9.06,2025-02-12,2025-02-15,2025-02-17,Delayed,4.0,No,No,5,2,9.306104868913858,5373.36,0
ORD101019,CUST11891,2025-07-29,Pune,Pune,Nagpur,653.3,Electronics,3,0.77,Road,Shadowfax,2792.23,538.4,0.0,2025-08-01,2025-08-07,2025-08-10,Delayed,3.0,Yes,No,9,3,4.274039491810807,3330.63,0
ORD104464,CUST10476,2025-05-18,Mumbai,Mumbai,Surat,708.4,Automotive,6,13.54,Rail,Blue Dart,2512.47,544.49,11.01,2025-05-20,2025-05-27,2025-05-28,Delayed,4.0,No,No,8,1,3.546682665160926,3056.96,0
ORD103014,CUST11687,2025-03-18,Delhi,Delhi,Hyderabad,701.0,Sports,4,7.68,Road,Xpressbees,3069.64,612.32,10.09,2025-03-20,2025-03-27,2025-03-31,Delayed,3.0,No,No,11,4,4.378944365192582,3681.96,0
ORD102130,CUST10837,2025-05-26,Delhi,Delhi,Mumbai,269.0,Automotive,2,5.0,Road,Shadowfax,1289.24,315.12,7.14,2025-05-28,2025-06-03,2025-06-03,Delivered,4.0,No,No,6,0,4.79271375464684,1604.3600000000001,1
ORD100041,CUST11021,2025-06-11,Mumbai,Mumbai,Jaipur,169.4,Beauty,7,1.4,Road,Delhivery,756.8,137.46,9.41,2025-06-14,2025-06-19,2025-06-19,Delivered,4.0,No,No,5,0,4.467532467532467,894.26,1
ORD103629,CUST11566,2025-05-05,Bengaluru,Bengaluru,Nagpur,76.9,Clothing,4,3.16,Rail,Delhivery,355.84,68.29,10.96,2025-05-08,2025-05-13,2025-05-13,Delivered,5.0,No,No,5,0,4.627308192457737,424.13,1
ORD104886,CUST12478,2025-10-18,Chennai,Chennai,Vijayawada,156.5,Grocery,1,7.92,Road,Delhivery,696.7,163.84,7.8,2025-10-21,2025-10-26,2025-10-26,Delivered,4.0,No,Yes,5,0,4.451757188498402,860.5400000000001,1
ORD104143,CUST10868,2025-07-17,Pune,Pune,Visakhapatnam,596.8,Electronics,2,1.99,Air,Dtdc,5377.52,629.02,6.52,2025-07-19,2025-07-22,2025-07-22,Delivered,5.0,No,No,3,0,9.01058981233244,6006.540000000001,1
ORD103191,CUST12486,2025-11-25,Mumbai,Mumbai,Lucknow,49.5,Automotive,3,10.43,Air,Dtdc,545.05,20.0,11.54,2025-11-28,2025-12-01,2025-12-01,Delivered,4.0,No,No,3,0,11.011111111111111,565.05,1
ORD103095,CUST11124,2025-05-28,Hyderabad,Hyderabad,Nagpur,1022.9,Grocery,4,7.79,Road,Xpressbees,4379.03,0.0,6.83,2025-05-29,2025-06-05,2025-06-05,Delivered,5.0,No,No,7,0,4.280995209697918,4379.03,1
ORD101808,CUST12610,2025-12-24,Mumbai,Mumbai,Coimbatore,500.4,Clothing,7,9.93,Road,Ecom Express,2338.51,426.49,11.62,2025-12-26,2026-01-01,2026-01-01,Delivered,5.0,No,No,6,0,4.673281374900081,2765.0,1
ORD100240,CUST12612,2025-01-05,Hyderabad,Hyderabad,Bengaluru,314.3,Electronics,5,4.74,Road,Dtdc,1430.39,282.11,8.74,2025-01-07,2025-01-12,2025-01-12,Delivered,5.0,No,No,5,0,4.551034043907095,1712.5,1
ORD101230,CUST10221,2025-10-12,Mumbai,Mumbai,Pune,955.1,Books,5,2.03,Rail,Shadowfax,3175.73,1028.13,11.45,2025-10-15,2025-10-23,2025-10-24,Delayed,3.0,No,No,9,1,3.325023557742645,4203.860000000001,0
ORD102696,CUST10077,2025-11-11,Bengaluru,Bengaluru,Ahmedabad,424.6,Clothing,1,11.49,Rail,Xpressbees,1502.93,439.82,10.73,2025-11-14,2025-11-21,2025-11-21,Delivered,4.0,No,No,7,0,3.5396373056994817,1942.75,1
ORD104440,CUST10712,2025-04-16,Mumbai,Mumbai,Kochi,351.2,Clothing,5,2.32,Air,Dtdc,3348.25,416.23,9.56,2025-04-19,2025-04-21,2025-04-21,Delivered,4.0,No,No,2,0,9.53374145785877,3764.48,1
ORD100856,CUST12683,2025-09-01,Chennai,Chennai,Bengaluru,615.6,Sports,7,0.65,Road,Blue Dart,0.0,571.69,5.84,2025-09-03,2025-09-09,2025-09-09,Delivered,5.0,No,No,6,0,0.0,571.69,1
ORD104363,CUST10213,2025-06-10,Bengaluru,Bengaluru,Surat,333.3,Clothing,5,4.81,Rail,Delhivery,1081.89,212.0,9.05,2025-06-12,2025-06-17,2025-06-18,Delayed,3.0,No,No,6,1,3.245994599459946,1293.89,0
ORD101286,CUST11876,2025-05-18,Mumbai,Mumbai,Delhi,253.9,Home & Kitchen,1,2.98,Road,Blue Dart,1050.57,316.5,8.92,2025-05-20,2025-05-26,2025-05-27,Delayed,3.0,No,No,7,1,4.137731390311146,1367.07,0
ORD101821,CUST12147,2025-11-04,Mumbai,Mumbai,Ahmedabad,632.3,Automotive,2,9.27,Express,Blue Dart,4488.11,731.41,8.13,2025-11-06,2025-11-11,2025-11-18,Delayed,3.0,No,No,12,7,7.098070536137909,5219.5199999999995,0
ORD100700,CUST11705,2025-12-11,Mumbai,Mumbai,Indore,572.5,Electronics,3,12.08,Express,Xpressbees,4158.1,680.92,12.18,2025-12-14,2025-12-19,2025-12-19,Delivered,4.0,No,No,5,0,7.263056768558952,4839.02,1
ORD101591,CUST10484,2025-04-11,Mumbai,Mumbai,Pune,181.2,Clothing,4,5.45,Road,Delhivery,972.39,110.8,10.58,2025-04-14,2025-04-20,2025-04-20,Delivered,4.0,No,No,6,0,5.366390728476821,1083.19,1
ORD103727,CUST11940,2025-08-12,Mumbai,Mumbai,Bengaluru,140.3,Grocery,4,7.33,Road,Ecom Express,670.66,114.07,9.85,2025-08-14,2025-08-17,2025-08-17,Delivered,5.0,No,No,3,0,4.780185317177477,784.73,1
ORD104512,CUST10715,2025-05-01,Bengaluru,Bengaluru,Delhi,264.3,Grocery,1,6.7,Road,Xpressbees,1156.86,307.24,8.28,2025-05-02,2025-05-08,2025-05-08,Delivered,4.0,No,No,6,0,4.377071509648126,1464.1,1
ORD100701,CUST12127,2025-03-13,Pune,Pune,Kochi,138.7,Home & Kitchen,6,2.12,Air,Shadowfax,1316.78,63.03,9.4,2025-03-16,2025-03-18,2025-03-18,Delivered,5.0,No,No,2,0,9.493727469358328,1379.81,1
ORD102094,CUST11978,2025-06-21,Delhi,Delhi,Jaipur,524.4,Electronics,3,5.73,Road,Dtdc,2307.11,456.97,6.2,2025-06-23,2025-06-29,2025-06-30,Delayed,3.0,No,No,7,1,4.399523264683448,2764.08,0
ORD101275,CUST11753,2025-08-27,Pune,Pune,Nagpur,206.6,Grocery,5,1.51,Road,Dtdc,989.87,257.06,7.57,2025-08-29,2025-09-02,2025-09-02,Delivered,5.0,No,No,4,0,4.791239109390126,1246.93,1
ORD101401,CUST12344,2025-04-15,Chennai,Chennai,Indore,755.5,Electronics,4,6.1,Air,Ecom Express,6874.18,614.73,6.42,2025-04-17,2025-04-21,2025-04-21,Delivered,5.0,No,No,4,0,9.098848444738584,7488.91,1
ORD102858,CUST12594,2025-05-18,Delhi,Delhi,Indore,363.0,Grocery,2,2.61,Road,Ecom Express,1621.87,226.3,10.95,2025-05-20,2025-05-25,2025-05-25,Delivered,4.0,No,No,5,0,4.467961432506887,1848.1699999999998,1
ORD100671,CUST10448,2025-10-14,Pune,Pune,Visakhapatnam,311.5,Sports,7,0.6,Air,Shadowfax,2907.19,198.09,6.57,2025-10-16,2025-10-20,2025-10-20,Delivered,4.0,No,No,4,0,9.33287319422151,3105.28,1
ORD100245,CUST10949,2025-07-31,Bengaluru,Bengaluru,Pune,272.1,Books,3,3.33,Air,Ecom Express,2494.62,296.03,5.73,2025-08-01,2025-08-04,2025-08-04,Delivered,5.0,No,No,3,0,9.168026460859977,2790.6499999999996,1
ORD102960,CUST10114,2025-05-29,Pune,Pune,Ahmedabad,88.4,Electronics,7,9.41,Road,Ecom Express,621.47,84.43,3.64,2025-05-30,2025-06-05,2025-06-05,Delivered,4.0,No,No,6,0,7.030203619909502,705.9000000000001,1
ORD103556,CUST12014,2025-04-07,Hyderabad,Hyderabad,Indore,432.2,Books,3,18.03,Road,Ecom Express,2108.27,472.71,6.53,2025-04-09,2025-04-15,2025-04-15,Delivered,4.0,No,No,6,0,4.8779962980101805,2580.98,1
ORD100010,CUST12684,2025-12-21,Delhi,Delhi,Visakhapatnam,299.3,Grocery,1,3.52,Express,Xpressbees,2199.63,211.69,13.55,2025-12-23,2025-12-26,2025-12-30,Delayed,3.0,No,No,7,4,7.349248245907117,2411.32,0
ORD102671,CUST11336,2025-12-26,Hyderabad,Hyderabad,Vijayawada,317.1,Beauty,2,4.62,Express,Blue Dart,2332.87,232.9,6.67,2025-12-28,2026-01-01,2026-01-01,Delivered,5.0,No,No,4,0,7.356890570797855,2565.77,1
ORD104594,CUST11028,2025-04-10,Chennai,Chennai,Nagpur,228.2,Home & Kitchen,6,5.23,Express,Shadowfax,1784.58,261.91,8.78,2025-04-12,2025-04-15,2025-04-15,Delivered,4.0,No,Yes,3,0,7.8202453987730065,2046.49,1
ORD104179,CUST11473,2025-08-07,Hyderabad,Hyderabad,Jaipur,387.6,Clothing,6,3.71,Road,Delhivery,1829.32,405.43,10.16,2025-08-10,2025-08-14,2025-08-14,Delivered,4.0,No,No,4,0,4.719607843137254,2234.75,1
ORD103265,CUST10923,2025-10-15,Mumbai,Mumbai,Pune,213.3,Beauty,7,5.29,Road,Shadowfax,1079.3,191.53,7.77,2025-10-16,2025-10-22,2025-10-23,Delayed,4.0,No,No,7,1,5.060009376465072,1270.83,0
ORD104462,CUST10697,2025-02-12,Hyderabad,Hyderabad,Visakhapatnam,438.1,Grocery,7,3.33,Road,Delhivery,2021.79,434.9,7.09,2025-02-14,2025-02-20,2025-02-20,Delivered,4.0,No,No,6,0,4.614905272768774,2456.69,1
ORD100442,CUST10648,2025-11-09,Mumbai,Mumbai,Bhopal,464.6,Electronics,5,0.3,Air,Ecom Express,4253.23,438.47,9.36,2025-11-12,2025-11-15,2025-11-16,Delayed,3.0,No,No,4,1,9.15460611278519,4691.7,0
ORD100601,CUST10273,2025-11-27,Hyderabad,Hyderabad,Surat,273.9,Books,1,2.69,Air,Ecom Express,2582.85,311.72,7.9,2025-11-30,2025-12-03,2025-12-03,Delivered,5.0,No,Yes,3,0,9.429901423877327,2894.5699999999997,1
ORD102649,CUST11850,2025-12-12,Delhi,Delhi,Jaipur,465.5,Clothing,3,2.08,Air,Delhivery,4270.31,498.04,9.08,2025-12-14,2025-12-19,2025-12-19,Delivered,4.0,No,No,5,0,9.173598281417831,4768.35,1
ORD104139,CUST12432,2025-09-06,Hyderabad,Hyderabad,Delhi,240.7,Sports,1,3.71,Express,Dtdc,1691.01,274.72,8.07,2025-09-08,2025-09-11,2025-09-11,Delivered,4.0,No,No,3,0,7.025384295803906,1965.73,1
ORD101479,CUST10211,2025-07-12,Mumbai,Mumbai,Vijayawada,121.2,Clothing,6,3.38,Road,Shadowfax,644.95,86.79,10.67,2025-07-14,2025-07-18,2025-07-19,Delayed,3.0,No,No,5,1,5.321369636963697,731.74,0
ORD103109,CUST12097,2025-12-06,Hyderabad,Hyderabad,Indore,407.3,Automotive,6,0.45,Rail,Xpressbees,1426.81,349.23,10.49,2025-12-09,2025-12-16,2025-12-16,Delivered,5.0,No,No,7,0,3.503093542843113,1776.04,1
ORD103472,CUST11587,2025-02-22,Bengaluru,Bengaluru,Hyderabad,35.7,Electronics,7,3.04,Rail,Shadowfax,200.63,20.0,8.65,2025-02-25,2025-03-03,2025-03-03,Delivered,4.0,No,No,6,0,5.619887955182072,220.63,1
ORD100033,CUST10512,2025-09-30,Delhi,Delhi,Kochi,179.3,Books,7,1.88,Air,Xpressbees,1807.79,149.77,9.11,2025-10-02,2025-10-05,2025-10-05,Delivered,3.0,No,No,3,0,10.082487451199107,1957.56,1
ORD103995,CUST12603,2025-05-10,Hyderabad,Hyderabad,Pune,234.1,Books,7,3.33,Road,Xpressbees,1206.17,237.93,4.58,2025-05-12,2025-05-17,2025-05-17,Delivered,5.0,No,No,5,0,5.152370781717216,1444.1000000000001,1
ORD104880,CUST10243,2025-07-23,Chennai,Chennai,Bhopal,427.1,Automotive,2,3.35,Road,Ecom Express,1819.39,404.29,6.27,2025-07-25,2025-07-29,2025-07-29,Delivered,3.0,No,No,4,0,4.259868883165535,2223.6800000000003,1
ORD101660,CUST11236,2025-06-07,Chennai,Chennai,Lucknow,344.1,Clothing,1,10.5,Road,Shadowfax,1649.65,322.08,4.57,2025-06-09,2025-06-15,2025-06-16,Delayed,3.0,No,No,7,1,4.794100552165069,1971.73,0
ORD104632,CUST12511,2025-05-16,Bengaluru,Bengaluru,Visakhapatnam,222.2,Home & Kitchen,3,5.41,Air,Ecom Express,2100.83,255.43,5.16,2025-05-19,2025-05-20,2025-05-21,Delayed,3.0,No,No,2,1,9.454680468046805,2356.2599999999998,0
ORD104156,CUST12192,2025-05-10,Bengaluru,Bengaluru,Nagpur,227.2,Electronics,5,6.41,Road,Delhivery,1118.58,125.04,9.52,2025-05-11,2025-05-17,2025-05-24,Delayed,4.0,No,No,13,7,4.923327464788732,1243.62,0
ORD100913,CUST11515,2025-01-20,Mumbai,Mumbai,Lucknow,433.2,Clothing,4,6.66,Road,Xpressbees,1945.04,352.47,10.1,2025-01-22,2025-01-29,2025-01-29,Delivered,4.0,Yes,No,7,0,4.489935364727608,2297.51,1
ORD103436,CUST11133,2025-06-27,Mumbai,Mumbai,Indore,700.8,Automotive,6,3.15,Road,Dtdc,2976.86,654.91,9.68,2025-06-29,2025-07-05,2025-07-08,Delayed,2.0,No,No,9,3,4.247802511415526,3631.77,0
ORD100997,CUST10386,2025-09-16,Hyderabad,Hyderabad,Bhopal,154.2,Beauty,1,2.44,Air,Xpressbees,1405.22,168.37,9.34,2025-09-19,2025-09-22,2025-09-22,Delivered,3.0,No,No,3,0,9.112970168612193,1573.5900000000001,1
ORD103686,CUST11497,2025-11-03,Hyderabad,Hyderabad,Bhopal,879.6,Beauty,5,6.15,Road,Delhivery,4031.51,719.67,9.22,2025-11-05,2025-11-12,2025-11-19,Delayed,3.0,No,No,14,7,4.583344702137335,4751.18,0
ORD102469,CUST11652,2025-05-25,Delhi,Delhi,Indore,403.9,Sports,3,2.04,Road,Xpressbees,1739.54,248.55,6.09,2025-05-27,2025-06-01,2025-06-03,Delayed,4.0,No,No,7,2,4.306858133201287,1988.09,0
ORD100537,CUST11063,2025-02-27,Mumbai,Mumbai,Jaipur,1018.1,Sports,6,3.77,Road,Shadowfax,4286.28,1043.02,8.76,2025-03-01,2025-03-08,2025-03-08,Delivered,4.0,No,No,7,0,4.210077595521068,5329.299999999999,1
ORD102063,CUST10164,2025-08-06,Bengaluru,Bengaluru,Pune,282.7,Books,4,7.3,Express,Shadowfax,2222.76,294.51,8.76,2025-08-08,2025-08-13,2025-08-13,Delivered,4.0,No,No,5,0,7.862610541209764,2517.2700000000004,1
ORD101423,CUST10667,2025-07-19,Bengaluru,Bengaluru,Coimbatore,554.3,Electronics,4,10.1,Road,Dtdc,2650.52,565.29,5.45,2025-07-21,2025-07-27,2025-07-27,Delivered,5.0,No,Yes,6,0,4.781742738589212,3215.81,1
ORD102047,CUST11871,2025-04-11,Hyderabad,Hyderabad,Coimbatore,765.2,Clothing,5,1.02,Rail,Shadowfax,2471.92,796.67,6.47,2025-04-12,2025-04-18,2025-04-18,Delivered,4.0,No,No,6,0,3.2304234187140617,3268.59,1
ORD103567,CUST10702,2025-03-27,Mumbai,Mumbai,Jaipur,321.0,Grocery,2,0.64,Road,Delhivery,1287.59,280.41,9.62,2025-03-29,2025-04-03,2025-04-07,Delayed,4.0,No,No,9,4,4.011183800623053,1568.0,0
ORD102931,CUST10469,2025-02-02,Hyderabad,Hyderabad,Vijayawada,250.5,Sports,6,3.1,Road,Xpressbees,1168.65,246.37,6.78,2025-02-03,2025-02-07,2025-02-11,Delayed,3.0,No,No,8,4,4.665269461077845,1415.02,0
ORD101676,CUST12515,2025-09-13,Chennai,Chennai,Visakhapatnam,443.1,Electronics,4,8.13,Air,Shadowfax,4033.55,312.61,10.48,2025-09-16,2025-09-19,2025-09-19,Delivered,5.0,No,No,3,0,9.103024148047846,4346.16,1
ORD104954,CUST11439,2025-07-23,Pune,Pune,Nagpur,139.0,Books,5,23.26,Road,Blue Dart,1091.24,172.44,8.09,2025-07-26,2025-07-31,2025-07-31,Delivered,4.0,No,No,5,0,7.850647482014389,1263.68,1
ORD104027,CUST10353,2025-07-27,Delhi,Delhi,Kochi,747.2,Clothing,6,1.39,Road,Delhivery,3126.79,761.48,7.61,2025-07-29,2025-08-04,2025-08-04,Delivered,4.0,No,No,6,0,4.184676124197002,3888.27,1
ORD101138,CUST10832,2025-03-18,Delhi,Delhi,Kolkata,375.5,Grocery,6,0.47,Express,Dtdc,2887.22,241.02,4.05,2025-03-20,2025-03-25,2025-03-25,Delivered,5.0,No,No,5,0,7.689001331557923,3128.24,1
ORD102516,CUST12098,2025-02-19,Bengaluru,Bengaluru,Mumbai,627.9,Clothing,6,8.78,Express,Blue Dart,4490.57,561.38,9.29,2025-02-22,2025-02-27,2025-02-27,Delivered,4.0,No,No,5,0,7.151727982162765,5051.95,1
ORD101134,CUST11371,2025-08-23,Hyderabad,Hyderabad,Surat,152.4,Grocery,3,9.59,Road,Xpressbees,928.04,170.34,6.39,2025-08-25,2025-08-29,2025-08-30,Delayed,4.0,Yes,No,5,1,6.089501312335957,1098.3799999999999,0
ORD101016,CUST12749,2025-08-23,Chennai,Chennai,Coimbatore,596.8,Books,1,5.29,Road,Xpressbees,2559.49,514.89,7.59,2025-08-26,2025-08-31,2025-08-31,Delivered,4.0,No,No,5,0,4.288689678284182,3074.3799999999997,1
ORD103704,CUST12569,2025-11-06,Pune,Pune,Nagpur,527.0,Electronics,2,5.29,Air,Xpressbees,4907.53,552.78,11.58,2025-11-08,2025-11-11,2025-11-11,Delivered,4.0,No,No,3,0,9.312201138519924,5460.3099999999995,1
ORD101829,CUST10624,2025-08-13,Hyderabad,Hyderabad,Bhopal,686.6,Electronics,7,15.66,Road,Delhivery,3295.93,413.5,4.97,2025-08-15,2025-08-21,2025-08-21,Delivered,4.0,No,No,6,0,4.800364113020681,3709.43,1
ORD103128,CUST10133,2025-08-09,Chennai,Chennai,Pune,483.4,Sports,6,9.05,Road,Blue Dart,2297.15,548.8,9.89,2025-08-11,2025-08-16,2025-08-16,Delivered,4.0,No,Yes,5,0,4.752068680182044,2845.95,1
ORD102000,CUST12780,2025-03-17,Pune,Pune,Coimbatore,82.4,Electronics,2,4.06,Road,Delhivery,340.95,120.55,4.79,2025-03-18,2025-03-24,2025-03-24,Delivered,4.0,No,No,6,0,4.137742718446601,461.5,1
ORD100428,CUST11911,2025-02-28,Hyderabad,Hyderabad,Jaipur,600.5,Sports,6,2.92,Rail,Dtdc,1956.46,616.97,4.42,2025-03-01,2025-03-09,2025-03-09,Delivered,4.0,No,No,8,0,3.2580516236469608,2573.4300000000003,1
ORD101034,CUST10385,2025-11-08,Hyderabad,Hyderabad,Mumbai,266.3,Electronics,3,2.21,Air,Delhivery,2464.99,144.01,7.31,2025-11-10,2025-11-13,2025-11-14,Delayed,4.0,No,No,4,1,9.256440105144572,2609.0,0
ORD102251,CUST11061,2025-05-09,Hyderabad,Hyderabad,Vijayawada,278.3,Clothing,1,2.59,Air,Blue Dart,2618.31,331.57,5.43,2025-05-11,2025-05-14,2025-05-14,Delivered,5.0,No,No,3,0,9.408228530362917,2949.88,1
ORD102378,CUST11494,2025-08-31,Chennai,Chennai,Visakhapatnam,154.1,Beauty,6,1.92,Road,Blue Dart,849.09,77.35,5.89,2025-09-01,2025-09-04,2025-09-04,Delivered,5.0,No,Yes,3,0,5.509993510707333,926.44,1
ORD104642,CUST11309,2025-02-09,Pune,Pune,Coimbatore,195.0,Automotive,4,3.4,Rail,Blue Dart,760.38,279.39,7.22,2025-02-11,2025-02-17,2025-02-17,Delivered,5.0,No,No,6,0,3.8993846153846152,1039.77,1
ORD103064,CUST12727,2025-08-01,Hyderabad,Hyderabad,Bengaluru,306.2,Automotive,7,2.06,Road,Dtdc,1299.65,333.38,5.86,2025-08-03,2025-08-08,2025-08-08,Delivered,4.0,No,No,5,0,4.2444480731548015,1633.0300000000002,1
ORD100662,CUST12613,2025-11-27,Pune,Pune,Kolkata,731.3,Books,7,3.97,Air,Xpressbees,6821.19,795.81,8.46,2025-11-28,2025-12-03,2025-12-06,Delayed,4.0,No,No,8,3,9.327485300150418,7617.0,0
ORD104907,CUST11352,2025-10-27,Mumbai,Mumbai,Chennai,879.9,Clothing,4,2.28,Rail,Shadowfax,2933.1,788.29,9.57,2025-10-29,2025-11-06,2025-11-06,Delivered,5.0,No,No,8,0,3.3334469826116604,3721.39,1
ORD100242,CUST12723,2025-09-11,Chennai,Chennai,Hyderabad,213.8,Clothing,5,4.38,Road,Shadowfax,962.45,203.05,4.92,2025-09-13,2025-09-18,2025-09-18,Delivered,5.0,No,No,5,0,4.501637043966324,1165.5,1
ORD102654,CUST11958,2025-01-15,Hyderabad,Hyderabad,Bhopal,633.6,Sports,2,2.19,Road,Dtdc,2776.62,694.36,8.71,2025-01-18,2025-01-23,2025-01-29,Delayed,3.0,No,No,11,6,4.382291666666666,3470.98,0
ORD102638,CUST10735,2025-06-09,Hyderabad,Hyderabad,Visakhapatnam,116.0,Automotive,1,0.98,Road,Shadowfax,585.19,74.7,3.85,2025-06-11,2025-06-15,2025-06-15,Delivered,5.0,No,No,4,0,5.044741379310345,659.8900000000001,1
ORD103808,CUST11255,2025-03-28,Pune,Pune,Surat,1143.4,Clothing,3,7.39,Air,Blue Dart,10460.95,774.64,11.78,2025-03-31,2025-04-05,2025-04-07,Delayed,4.0,No,No,7,2,9.1489854818961,11235.59,0
ORD104770,CUST11254,2025-07-05,Hyderabad,Hyderabad,Jaipur,366.0,Grocery,2,9.88,Road,Xpressbees,1811.91,323.28,6.56,2025-07-07,2025-07-13,2025-07-14,Delayed,3.0,No,No,7,1,4.950573770491803,2135.19,0
ORD104095,CUST10634,2025-06-10,Chennai,Chennai,Hyderabad,1147.5,Home & Kitchen,5,1.25,Air,Delhivery,10509.1,1197.66,5.91,2025-06-11,2025-06-16,2025-06-16,Delivered,5.0,No,No,5,0,9.158257080610023,11706.76,1
ORD103705,CUST10775,2025-03-23,Hyderabad,Hyderabad,Indore,67.4,Sports,5,4.28,Rail,Xpressbees,310.94,50.48,8.74,2025-03-25,2025-03-30,2025-03-30,Delivered,4.0,No,No,5,0,4.613353115727002,361.42,1
ORD100111,CUST10446,2025-02-02,Hyderabad,Hyderabad,Coimbatore,453.5,Home & Kitchen,1,6.78,Rail,Ecom Express,1568.27,371.04,6.37,2025-02-05,2025-02-12,2025-02-12,Delivered,5.0,Yes,No,7,0,3.4581477398015434,1939.31,1
ORD101491,CUST12122,2025-08-15,Chennai,Chennai,Pune,422.8,Automotive,4,3.93,Road,Dtdc,1854.93,363.81,8.18,2025-08-17,2025-08-21,2025-08-21,Delivered,4.0,No,No,4,0,4.387251655629139,2218.7400000000002,1
ORD100149,CUST11709,2025-01-24,Mumbai,Mumbai,Coimbatore,1058.8,Electronics,3,22.31,Rail,Ecom Express,3715.74,1265.68,12.68,2025-01-27,2025-02-05,2025-02-06,Delayed,3.0,No,No,10,1,3.5093879863996977,4981.42,0
ORD100862,CUST10789,2025-02-15,Hyderabad,Hyderabad,Visakhapatnam,927.1,Automotive,6,3.92,Air,Xpressbees,8553.93,951.89,7.08,2025-02-17,2025-02-22,2025-02-22,Delivered,4.0,No,No,5,0,9.226545140761514,9505.82,1
ORD104367,CUST12643,2025-06-18,Pune,Pune,Vijayawada,714.3,Electronics,7,0.62,Road,Xpressbees,3163.18,749.93,11.36,2025-06-20,2025-06-27,2025-06-27,Delivered,4.0,No,No,7,0,4.428363432731345,3913.1099999999997,1
ORD102172,CUST12521,2025-09-07,Hyderabad,Hyderabad,Lucknow,481.3,Beauty,2,3.57,Road,Dtdc,2144.49,476.34,10.07,2025-09-10,2025-09-16,2025-09-20,Delayed,4.0,No,No,10,4,4.455620195304383,2620.83,0
ORD101445,CUST10179,2025-07-19,Bengaluru,Bengaluru,Lucknow,89.6,Grocery,3,5.5,Road,Xpressbees,546.03,90.5,0.0,2025-07-22,2025-07-26,2025-07-26,Delivered,5.0,No,No,4,0,6.094084821428572,636.53,1
ORD103534,CUST11187,2025-02-16,Hyderabad,Hyderabad,Bengaluru,479.3,Beauty,6,2.33,Express,Delhivery,3606.54,346.69,6.52,2025-02-18,2025-02-22,2025-02-22,Delivered,5.0,No,No,4,0,7.524598372626747,3953.23,1
ORD101576,CUST12094,2025-05-03,Chennai,Chennai,Mumbai,256.7,Beauty,5,4.44,Express,Dtdc,1996.1,249.41,5.62,2025-05-05,2025-05-08,2025-05-08,Delivered,4.0,No,Yes,3,0,7.776003116478379,2245.5099999999998,1
ORD101549,CUST12602,2025-12-22,Pune,Pune,Visakhapatnam,224.4,Sports,2,7.75,Air,Xpressbees,2190.96,160.29,6.74,2025-12-24,2025-12-26,2025-12-26,Delivered,5.0,No,No,2,0,9.763636363636364,2351.25,1
ORD104396,CUST12773,2025-01-05,Pune,Pune,Hyderabad,75.6,Beauty,4,1.65,Road,Delhivery,162.49,60.9,8.25,2025-01-08,2025-01-13,2025-01-13,Delivered,5.0,No,No,5,0,2.1493386243386245,223.39000000000001,1
ORD101736,CUST11634,2025-08-07,Chennai,Chennai,Visakhapatnam,469.1,Automotive,7,5.89,Rail,Dtdc,1767.46,546.0,3.86,2025-08-08,2025-08-14,2025-08-15,Delayed,4.0,No,No,7,1,3.767768066510339,2313.46,0
ORD103345,CUST10950,2025-08-19,Mumbai,Mumbai,Nagpur,306.1,Beauty,2,1.56,Road,Blue Dart,1321.76,219.9,13.83,2025-08-21,2025-08-27,2025-08-29,Delayed,4.0,No,No,8,2,4.318065991506043,1541.66,0
ORD102031,CUST12649,2025-05-07,Bengaluru,Bengaluru,Bhopal,251.9,Clothing,6,2.93,Rail,Blue Dart,1001.44,118.08,12.56,2025-05-09,2025-05-15,2025-05-15,Delivered,5.0,No,No,6,0,3.9755458515283846,1119.52,1
ORD102583,CUST12772,2025-05-28,Bengaluru,Bengaluru,Surat,119.4,Sports,1,7.25,Express,Ecom Express,1014.71,106.53,8.25,2025-05-31,2025-06-03,2025-06-03,Delivered,4.0,No,No,3,0,8.498408710217756,1121.24,1
ORD103708,CUST12636,2025-03-11,Pune,Pune,Bhopal,921.4,Grocery,3,4.18,Air,Blue Dart,0.0,719.16,9.22,2025-03-14,2025-03-19,2025-03-23,Delayed,4.0,No,No,9,4,0.0,719.16,0
ORD104866,CUST12758,2025-09-26,Bengaluru,Bengaluru,Indore,937.9,Books,4,7.72,Road,Ecom Express,4128.18,784.63,8.19,2025-09-29,2025-10-04,2025-10-04,Delivered,5.0,No,No,5,0,4.401514020684508,4912.81,1
ORD103225,CUST12389,2025-06-04,Hyderabad,Hyderabad,Coimbatore,95.6,Home & Kitchen,2,2.44,Road,Blue Dart,459.37,98.12,2.84,2025-06-05,2025-06-10,2025-06-10,Delivered,4.0,No,No,5,0,4.805125523012553,557.49,1
ORD102848,CUST11989,2025-08-28,Delhi,Delhi,Visakhapatnam,244.1,Beauty,3,4.64,Air,Dtdc,2254.44,326.29,10.43,2025-08-31,2025-09-03,2025-09-03,Delivered,4.0,No,No,3,0,9.235723064317902,2580.73,1
ORD103894,CUST10751,2025-10-23,Chennai,Chennai,Chennai,133.6,Electronics,1,1.11,Rail,Dtdc,352.26,160.39,8.06,2025-10-26,2025-11-01,2025-11-01,Delivered,4.0,No,No,6,0,2.636676646706587,512.65,1
ORD103200,CUST12799,2025-10-27,Pune,Pune,Jaipur,400.9,Books,3,1.21,Air,Shadowfax,3551.37,212.39,7.31,2025-10-29,2025-10-30,2025-10-30,Delivered,5.0,No,No,1,0,8.858493389872786,3763.7599999999998,1
ORD104950,CUST11550,2025-10-18,Delhi,Delhi,Bhopal,677.4,Clothing,4,5.26,Road,Blue Dart,2859.04,749.19,12.24,2025-10-21,2025-10-28,2025-10-28,Delivered,4.0,No,No,7,0,4.220608207853558,3608.23,1
ORD104264,CUST10819,2025-08-31,Hyderabad,Hyderabad,Delhi,217.3,Home & Kitchen,4,4.31,Air,Delhivery,1867.85,215.04,6.86,2025-09-02,2025-09-05,2025-09-05,Delivered,5.0,No,No,3,0,8.595720202485042,2082.89,1
ORD103786,CUST10291,2025-01-15,Bengaluru,Bengaluru,Mumbai,279.0,Books,2,5.73,Rail,Ecom Express,991.51,388.61,12.16,2025-01-18,2025-01-26,2025-01-26,Delivered,4.0,No,No,8,0,3.5537992831541216,1380.12,1
ORD102440,CUST11200,2025-02-11,Delhi,Delhi,Mumbai,647.8,Automotive,5,1.45,Air,Delhivery,5739.66,485.63,4.18,2025-02-13,2025-02-16,2025-02-16,Delivered,4.0,No,No,3,0,8.860234640321087,6225.29,1
ORD102056,CUST12038,2025-07-03,Chennai,Chennai,Nagpur,381.3,Books,5,7.81,Road,Delhivery,1657.87,475.41,7.44,2025-07-05,2025-07-10,2025-07-12,Delayed,3.0,Yes,No,7,2,4.347941253606084,2133.2799999999997,0
ORD101976,CUST12712,2025-05-04,Delhi,Delhi,Nagpur,451.6,Books,6,4.14,Rail,Shadowfax,1606.62,343.29,10.28,2025-05-07,2025-05-14,2025-05-14,Delivered,4.0,No,No,7,0,3.557617360496014,1949.9099999999999,1
ORD103941,CUST12421,2025-05-06,Delhi,Delhi,Jaipur,414.0,Clothing,4,10.53,Road,Shadowfax,1967.14,399.7,9.69,2025-05-08,2025-05-13,2025-05-13,Delivered,4.0,No,No,5,0,4.751545893719807,2366.84,1
ORD102167,CUST12642,2025-10-11,Hyderabad,Hyderabad,Nagpur,187.8,Clothing,2,2.1,Rail,Blue Dart,685.45,197.34,9.7,2025-10-14,2025-10-20,2025-10-20,Delivered,4.0,No,No,6,0,3.6498935037273696,882.7900000000001,1
ORD100674,CUST11389,2025-12-11,Hyderabad,Hyderabad,Lucknow,296.6,Beauty,1,6.15,Road,Ecom Express,1300.6,344.76,9.72,2025-12-13,2025-12-18,2025-12-18,Delivered,4.0,No,No,5,0,4.385030343897505,1645.36,1
ORD101868,CUST11099,2025-05-15,Hyderabad,Hyderabad,Vijayawada,349.4,Home & Kitchen,7,6.46,Road,Xpressbees,1657.8,412.94,3.57,2025-05-18,2025-05-24,2025-05-24,Delivered,5.0,No,No,6,0,4.744705208929593,2070.74,1
ORD103802,CUST11400,2025-10-16,Mumbai,Mumbai,Hyderabad,311.4,Beauty,1,4.6,Rail,Shadowfax,1098.7,293.38,9.31,2025-10-19,2025-10-24,2025-10-26,Delayed,3.0,No,No,7,2,3.528259473346179,1392.08,0
ORD102430,CUST12203,2025-01-03,Pune,Pune,Nagpur,676.4,Books,3,2.46,Road,Dtdc,2888.63,738.52,8.39,2025-01-05,2025-01-11,2025-01-11,Delivered,5.0,No,No,6,0,4.2705943228858665,3627.15,1
ORD104002,CUST10191,2025-09-11,Pune,Pune,Bhopal,148.1,Sports,5,7.11,Road,Shadowfax,752.35,171.53,8.61,2025-09-14,2025-09-18,2025-09-23,Delayed,4.0,No,No,9,5,5.080013504388927,923.88,0
ORD103037,CUST11018,2025-07-15,Hyderabad,Hyderabad,Surat,756.4,Automotive,3,0.35,Road,Shadowfax,3114.38,498.94,8.22,2025-07-18,2025-07-26,2025-07-27,Delayed,3.0,No,No,9,1,4.117371760973031,3613.32,0
ORD103668,CUST11628,2025-01-31,Bengaluru,Bengaluru,Bhopal,101.5,Automotive,6,7.81,Rail,Delhivery,444.38,90.63,7.66,2025-02-02,2025-02-08,2025-02-12,Delayed,3.0,No,No,10,4,4.378128078817734,535.01,0
ORD103145,CUST10840,2025-02-03,Bengaluru,Bengaluru,Delhi,409.8,Beauty,4,0.79,Road,Ecom Express,1907.3,401.13,6.98,2025-02-05,2025-02-10,2025-02-15,Delayed,4.0,No,No,10,5,4.654221571498292,2308.43,0
ORD103130,CUST12210,2025-05-23,Mumbai,Mumbai,Nagpur,85.2,Books,7,3.78,Road,Xpressbees,499.39,121.89,7.67,2025-05-25,2025-05-30,2025-05-30,Delivered,4.0,No,Yes,5,0,5.861384976525821,621.28,1
ORD102017,CUST10856,2025-05-17,Chennai,Chennai,Vijayawada,338.6,Home & Kitchen,5,6.72,Road,Dtdc,1525.18,379.61,5.39,2025-05-19,2025-05-25,2025-05-25,Delivered,5.0,No,No,6,0,4.5043709391612525,1904.79,1
ORD101718,CUST10438,2025-06-19,Chennai,Chennai,Nagpur,461.1,Automotive,5,7.2,Air,Dtdc,4407.29,382.56,5.17,2025-06-21,2025-06-23,2025-06-23,Delivered,4.0,No,No,2,0,9.55820863153329,4789.85,1
ORD103870,CUST12175,2025-12-13,Mumbai,Mumbai,Lucknow,680.1,Sports,5,1.54,Road,Shadowfax,2971.99,662.18,8.71,2025-12-15,2025-12-21,2025-12-21,Delivered,5.0,No,No,6,0,4.369930892515806,3634.1699999999996,1
ORD101634,CUST12420,2025-03-10,Delhi,Delhi,Vijayawada,271.4,Automotive,1,2.95,Rail,Blue Dart,930.78,213.11,10.03,2025-03-12,2025-03-18,2025-03-18,Delivered,5.0,No,No,6,0,3.4295504789977893,1143.8899999999999,1
ORD103956,CUST10663,2025-11-20,Delhi,Delhi,Bengaluru,52.6,Electronics,6,1.31,Road,Shadowfax,162.11,68.93,8.25,2025-11-23,2025-11-27,2025-11-27,Delivered,4.0,No,No,4,0,3.081939163498099,231.04000000000002,1
ORD104500,CUST12429,2025-09-05,Delhi,Delhi,Coimbatore,380.0,Sports,4,5.04,Express,Ecom Express,2755.68,385.93,7.29,2025-09-07,2025-09-11,2025-09-11,Delivered,5.0,No,No,4,0,7.25178947368421,3141.6099999999997,1
ORD104987,CUST12734,2025-10-02,Bengaluru,Bengaluru,Mumbai,323.0,Home & Kitchen,3,9.89,Road,Shadowfax,1640.34,293.98,9.17,2025-10-05,2025-10-11,2025-10-11,Delivered,4.0,No,No,6,0,5.0784520123839005,1934.32,1
ORD100518,CUST10543,2025-02-05,Chennai,Chennai,Hyderabad,226.0,Grocery,7,12.64,Express,Xpressbees,1722.15,137.21,9.36,2025-02-06,2025-02-09,2025-02-09,Delivered,4.0,No,No,3,0,7.6201327433628325,1859.3600000000001,1
ORD100319,CUST12337,2025-12-15,Mumbai,Mumbai,Jaipur,512.9,Sports,1,3.59,Air,Shadowfax,4663.68,318.89,10.82,2025-12-17,2025-12-20,2025-12-20,Delivered,4.0,No,Yes,3,0,9.09276662117372,4982.570000000001,1
ORD104798,CUST10774,2025-01-19,Mumbai,Mumbai,Kolkata,495.5,Books,4,4.89,Air,Blue Dart,4646.56,496.34,8.54,2025-01-21,2025-01-25,2025-01-25,Delivered,4.0,No,No,4,0,9.377517658930374,5142.900000000001,1
ORD102927,CUST12708,2025-01-28,Pune,Pune,Hyderabad,244.1,Grocery,3,9.01,Road,Xpressbees,1196.47,208.65,7.26,2025-01-31,2025-02-03,2025-02-03,Delivered,4.0,No,No,3,0,4.901556739041377,1405.1200000000001,1
ORD104785,CUST11393,2025-10-30,Pune,Pune,Coimbatore,201.8,Home & Kitchen,3,2.25,Rail,Dtdc,717.14,221.06,10.96,2025-11-02,2025-11-07,2025-11-07,Delivered,4.0,No,No,5,0,3.553716551040634,938.2,1
ORD103863,CUST11235,2025-11-26,Hyderabad,Hyderabad,Coimbatore,761.2,Sports,4,14.97,Road,Blue Dart,3502.51,811.91,8.86,2025-11-28,2025-12-06,2025-12-06,Delivered,4.0,No,No,8,0,4.6013005780346825,4314.42,1
ORD103124,CUST10268,2025-09-04,Hyderabad,Hyderabad,Indore,136.3,Clothing,2,7.59,Rail,Shadowfax,537.74,80.85,11.56,2025-09-06,2025-09-10,2025-09-10,Delivered,4.0,No,No,4,0,3.9452677916360965,618.59,1
ORD102535,CUST11903,2025-02-13,Hyderabad,Hyderabad,Nagpur,183.3,Home & Kitchen,1,7.46,Road,Dtdc,919.35,185.95,3.88,2025-02-14,2025-02-19,2025-02-19,Delivered,5.0,No,No,5,0,5.015548281505728,1105.3,1
ORD100799,CUST11941,2025-08-08,Chennai,Chennai,Lucknow,512.6,Grocery,7,3.78,Road,Ecom Express,2316.79,528.3,5.74,2025-08-10,2025-08-15,2025-08-15,Delivered,5.0,No,No,5,0,4.519683964104565,2845.09,1
ORD104825,CUST11278,2025-11-17,Chennai,Chennai,Nagpur,232.8,Books,4,5.95,Road,Ecom Express,1012.57,95.34,8.89,2025-11-19,2025-11-23,2025-11-23,Delivered,5.0,No,No,4,0,4.349527491408935,1107.91,1
ORD101599,CUST12293,2025-09-21,Pune,Pune,Coimbatore,302.4,Beauty,7,8.05,Road,Shadowfax,1476.09,330.96,8.38,2025-09-22,2025-09-27,2025-09-27,Delivered,4.0,No,No,5,0,4.8812500000000005,1807.05,1
ORD103912,CUST11427,2025-04-16,Pune,Pune,Surat,266.3,Beauty,3,3.37,Road,Xpressbees,1190.18,322.46,7.86,2025-04-17,2025-04-22,2025-04-22,Delivered,4.0,No,No,5,0,4.4693203154337215,1512.64,1
ORD102285,CUST12275,2025-03-27,Pune,Pune,Indore,604.5,Home & Kitchen,6,1.31,Road,Shadowfax,2686.16,669.39,7.32,2025-03-29,2025-04-04,2025-04-04,Delivered,5.0,No,No,6,0,4.443606286186931,3355.5499999999997,1
ORD104358,CUST12233,2025-09-14,Chennai,Chennai,Mumbai,396.6,Home & Kitchen,2,5.47,Air,Shadowfax,3555.11,278.92,4.67,2025-09-16,2025-09-20,2025-09-20,Delivered,4.0,No,No,4,0,8.963968734241048,3834.03,1
ORD104025,CUST12491,2025-08-17,Chennai,Chennai,Surat,632.9,Beauty,1,0.61,Air,Ecom Express,5815.61,720.8,9.07,2025-08-19,2025-08-23,2025-08-23,Delivered,4.0,No,No,4,0,9.18882919892558,6536.41,1
ORD104217,CUST12754,2025-09-18,Mumbai,Mumbai,Coimbatore,160.5,Electronics,5,5.12,Road,Blue Dart,871.24,119.34,8.97,2025-09-20,2025-09-25,2025-09-27,Delayed,4.0,No,No,7,2,5.428286604361371,990.58,0
ORD102614,CUST10022,2025-12-09,Delhi,Delhi,Indore,614.7,Grocery,4,8.32,Rail,Shadowfax,2310.32,521.53,9.53,2025-12-11,2025-12-18,2025-12-19,Delayed,4.0,No,No,8,1,3.7584512770457135,2831.8500000000004,0
ORD103810,CUST10137,2025-10-28,Pune,Pune,Visakhapatnam,372.6,Grocery,3,1.06,Road,Ecom Express,1536.06,281.2,10.62,2025-10-30,2025-11-04,2025-11-07,Delayed,3.0,No,No,8,3,4.122544283413848,1817.26,0
ORD100952,CUST10487,2025-10-14,Delhi,Delhi,Nagpur,585.3,Automotive,4,10.21,Road,Dtdc,2599.13,479.73,10.13,2025-10-17,2025-10-22,2025-10-22,Delivered,5.0,No,No,5,0,4.440679993165898,3078.86,1
ORD100793,CUST10437,2025-07-12,Chennai,Chennai,Kolkata,425.4,Grocery,6,2.4,Air,Shadowfax,4036.39,431.2,9.37,2025-07-14,2025-07-18,2025-07-18,Delivered,4.0,No,No,4,0,9.488457921955806,4467.59,1
ORD104563,CUST10575,2025-04-30,Hyderabad,Hyderabad,Surat,353.2,Automotive,7,1.62,Road,Delhivery,1703.51,321.21,10.49,2025-05-03,2025-05-08,2025-05-08,Delivered,5.0,No,No,5,0,4.823074745186863,2024.72,1
ORD102429,CUST10756,2025-04-28,Pune,Pune,Bhopal,364.5,Electronics,2,3.74,Rail,Blue Dart,1218.14,393.46,8.82,2025-05-01,2025-05-06,2025-05-07,Delayed,4.0,No,No,6,1,3.341947873799726,1611.6000000000001,0
ORD100980,CUST12070,2025-10-02,Delhi,Delhi,Kolkata,229.2,Sports,6,3.91,Rail,Dtdc,831.09,230.08,9.45,2025-10-04,2025-10-09,2025-10-09,Delivered,4.0,No,No,5,0,3.6260471204188485,1061.17,1
ORD102785,CUST11748,2025-12-11,Bengaluru,Bengaluru,Visakhapatnam,770.4,Beauty,5,7.59,Road,Ecom Express,3455.27,589.84,11.13,2025-12-14,2025-12-21,2025-12-21,Delivered,4.0,No,No,7,0,4.485033748701973,4045.11,1
ORD104842,CUST12539,2025-05-27,Mumbai,Mumbai,Ahmedabad,258.8,Books,6,7.76,Rail,Delhivery,1044.45,241.54,9.86,2025-05-28,2025-06-02,2025-06-02,Delivered,3.0,No,No,5,0,4.035741885625966,1285.99,1
ORD101690,CUST10776,2025-08-08,Pune,Pune,Vijayawada,296.3,Sports,6,4.99,Road,Dtdc,1330.73,265.51,10.02,2025-08-10,2025-08-16,2025-08-16,Delivered,5.0,No,No,6,0,4.491157610529868,1596.24,1
ORD102714,CUST12085,2025-11-02,Delhi,Delhi,Bhopal,294.1,Grocery,3,1.49,Road,Delhivery,1379.45,216.81,12.31,2025-11-05,2025-11-10,2025-11-10,Delivered,4.0,No,No,5,0,4.690411424685481,1596.26,1
ORD103042,CUST11194,2025-09-21,Bengaluru,Bengaluru,Mumbai,272.1,Home & Kitchen,5,1.0,Rail,Blue Dart,855.87,250.81,8.82,2025-09-24,2025-09-30,2025-09-30,Delivered,4.0,No,No,6,0,3.1454244762954793,1106.68,1
ORD102762,CUST10548,2025-05-13,Chennai,Chennai,Bhopal,417.2,Beauty,3,4.36,Road,Xpressbees,1727.52,344.06,5.14,2025-05-15,2025-05-21,2025-05-21,Delivered,4.0,No,No,6,0,4.140747842761265,2071.58,1
ORD104000,CUST12225,2025-05-11,Chennai,Chennai,Bhopal,954.0,Sports,1,2.38,Road,Dtdc,4148.67,713.56,6.75,2025-05-14,2025-05-22,2025-05-27,Delayed,3.0,Yes,No,13,5,4.348710691823899,4862.23,0
ORD101806,CUST10704,2025-05-31,Hyderabad,Hyderabad,Bhopal,333.0,Sports,5,18.87,Road,Blue Dart,1811.0,287.3,9.4,2025-06-02,2025-06-07,2025-06-07,Delivered,4.0,No,No,5,0,5.438438438438438,2098.3,1
ORD101245,CUST11043,2025-04-10,Hyderabad,Hyderabad,Bengaluru,516.2,Beauty,7,7.6,Road,Ecom Express,2344.48,596.15,0.0,2025-04-12,2025-04-16,2025-04-16,Delivered,4.0,No,No,4,0,4.54180550174351,2940.63,1
ORD104327,CUST11221,2025-04-12,Hyderabad,Hyderabad,Pune,427.2,Electronics,4,6.55,Road,Dtdc,1897.48,421.37,5.17,2025-04-13,2025-04-19,2025-04-19,Delivered,4.0,No,No,6,0,4.441666666666666,2318.85,1
ORD104309,CUST12375,2025-05-01,Bengaluru,Bengaluru,Indore,190.9,Sports,2,4.21,Express,Dtdc,1484.11,222.36,9.81,2025-05-04,2025-05-07,2025-05-07,Delivered,5.0,No,No,3,0,7.774279727606076,1706.4699999999998,1
ORD102340,CUST12673,2025-03-11,Chennai,Chennai,Nagpur,1621.2,Grocery,5,3.24,Road,Blue Dart,6893.08,1356.6,8.64,2025-03-13,2025-03-21,2025-03-21,Delivered,4.0,No,No,8,0,4.251838144584259,8249.68,1
ORD103202,CUST10514,2025-03-28,Mumbai,Mumbai,Surat,424.6,Home & Kitchen,5,6.08,Road,Xpressbees,1978.46,0.0,7.98,2025-03-30,2025-04-04,2025-04-04,Delivered,5.0,No,No,5,0,4.659585492227979,1978.46,1
ORD102625,CUST11013,2025-07-01,Hyderabad,Hyderabad,Nagpur,277.5,Sports,1,5.57,Rail,Dtdc,1019.29,228.98,7.45,2025-07-04,2025-07-09,2025-07-11,Delayed,3.0,No,No,7,2,3.673117117117117,1248.27,0
ORD100495,CUST11113,2025-08-10,Pune,Pune,Visakhapatnam,359.9,Grocery,2,2.82,Air,Xpressbees,3260.6,233.25,6.88,2025-08-12,2025-08-13,2025-08-16,Delayed,2.0,No,Yes,4,3,9.059738816337871,3493.85,0
ORD102580,CUST10933,2025-01-23,Chennai,Chennai,Pune,366.3,Books,4,2.94,Road,Ecom Express,1642.91,263.29,5.97,2025-01-25,2025-01-29,2025-01-29,Delivered,4.0,No,No,4,0,4.485148785148785,1906.2,1
ORD100338,CUST10104,2025-05-06,Hyderabad,Hyderabad,Mumbai,171.5,Beauty,2,3.4,Air,Dtdc,1720.01,106.53,9.41,2025-05-08,2025-05-11,2025-05-11,Delivered,4.0,No,No,3,0,10.029212827988339,1826.54,1
ORD104226,CUST10401,2025-04-16,Chennai,Chennai,Kochi,172.4,Electronics,4,0.98,Express,Ecom Express,1380.14,121.69,6.43,2025-04-18,2025-04-20,2025-04-20,Delivered,4.0,No,No,2,0,8.005452436194895,1501.8300000000002,1
ORD102933,CUST12535,2025-12-19,Delhi,Delhi,Chennai,113.7,Electronics,6,6.05,Road,Ecom Express,604.81,57.32,7.73,2025-12-22,2025-12-28,2025-12-28,Delivered,5.0,No,No,6,0,5.319349164467897,662.13,1
ORD101302,CUST11593,2025-05-12,Hyderabad,Hyderabad,Kolkata,210.6,Beauty,2,3.19,Rail,Dtdc,755.46,165.39,8.44,2025-05-14,2025-05-20,2025-05-20,Delivered,5.0,No,No,6,0,3.5871794871794873,920.85,1
ORD101959,CUST11618,2025-01-30,Hyderabad,Hyderabad,Delhi,234.7,Home & Kitchen,4,13.0,Road,Dtdc,1250.72,210.34,7.18,2025-02-02,2025-02-07,2025-02-07,Delivered,4.0,No,No,5,0,5.329015764806136,1461.06,1
ORD102395,CUST12316,2025-02-11,Pune,Pune,Jaipur,530.2,Home & Kitchen,6,5.92,Air,Ecom Express,5040.07,382.27,6.28,2025-02-13,2025-02-16,2025-02-16,Delivered,4.0,No,No,3,0,9.505978875895886,5422.34,1
ORD102515,CUST12511,2025-12-10,Pune,Pune,Nagpur,528.7,Grocery,7,9.76,Road,Delhivery,2402.48,435.84,6.54,2025-12-12,2025-12-17,2025-12-17,Delivered,5.0,No,Yes,5,0,4.544127104217893,2838.32,1
ORD100813,CUST10260,2025-07-22,Delhi,Delhi,Jaipur,317.0,Books,6,0.6,Road,Blue Dart,1438.53,259.53,9.0,2025-07-25,2025-07-31,2025-07-31,Delivered,3.0,No,No,6,0,4.53794952681388,1698.06,1
ORD103988,CUST10378,2025-11-24,Hyderabad,Hyderabad,Kochi,793.5,Grocery,4,2.92,Road,Delhivery,3362.98,807.36,9.45,2025-11-27,2025-12-03,2025-12-03,Delivered,4.0,No,No,6,0,4.2381600504095776,4170.34,1
ORD102062,CUST10099,2025-11-06,Pune,Pune,Delhi,118.9,Automotive,3,6.46,Air,Delhivery,1070.98,125.06,10.43,2025-11-09,2025-11-12,2025-11-12,Delivered,4.0,No,No,3,0,9.00740117746005,1196.04,1
ORD103174,CUST11557,2025-11-19,Delhi,Delhi,Bhopal,584.1,Clothing,6,9.86,Road,Dtdc,2691.55,616.28,7.52,2025-11-22,2025-11-28,2025-11-28,Delivered,5.0,No,No,6,0,4.608029447012498,3307.83,1
ORD104570,CUST10610,2025-07-12,Hyderabad,Hyderabad,Lucknow,337.0,Clothing,6,10.96,Express,Xpressbees,2698.54,377.77,6.95,2025-07-13,2025-07-15,2025-07-15,Delivered,4.0,No,No,2,0,8.00753709198813,3076.31,1
ORD102550,CUST12227,2025-11-30,Pune,Pune,Jaipur,108.2,Books,1,8.28,Rail,Blue Dart,349.36,121.06,11.26,2025-12-02,2025-12-09,2025-12-09,Delivered,4.0,No,No,7,0,3.2288354898336413,470.42,1
ORD102492,CUST10284,2025-12-15,Hyderabad,Hyderabad,Pune,201.3,Grocery,3,6.74,Road,Delhivery,1047.28,208.02,8.25,2025-12-18,2025-12-24,2025-12-24,Delivered,3.0,No,No,6,0,5.2025832091405855,1255.3,1
ORD101252,CUST11083,2025-11-07,Delhi,Delhi,Indore,203.6,Sports,1,6.91,Road,Shadowfax,939.41,234.17,8.29,2025-11-10,2025-11-14,2025-11-14,Delivered,4.0,No,No,4,0,4.6139980353634575,1173.58,1
ORD100519,CUST12237,2025-04-19,Chennai,Chennai,Bhopal,421.8,Automotive,2,0.98,Rail,Delhivery,1411.29,0.0,10.26,2025-04-21,2025-04-27,2025-04-27,Delivered,5.0,Yes,No,6,0,3.3458748221906114,1411.29,1
ORD102175,CUST12588,2025-02-10,Pune,Pune,Lucknow,350.6,Clothing,5,2.5,Express,Ecom Express,2588.33,214.0,10.22,2025-02-13,2025-02-17,2025-02-17,Delivered,5.0,No,No,4,0,7.382572732458642,2802.33,1
ORD101541,CUST11937,2025-09-30,Hyderabad,Hyderabad,Kochi,358.1,Books,4,5.9,Express,Delhivery,2746.04,221.18,8.38,2025-10-03,2025-10-07,2025-10-07,Delivered,5.0,Yes,No,4,0,7.66836079307456,2967.22,1
ORD100683,CUST10869,2025-05-03,Pune,Pune,Jaipur,750.8,Beauty,7,11.55,Road,Dtdc,3521.32,530.76,9.52,2025-05-04,2025-05-09,2025-05-10,Delayed,3.0,No,No,6,1,4.690090570058604,4052.08,0
ORD100226,CUST11178,2025-09-28,Bengaluru,Bengaluru,Indore,834.7,Electronics,3,3.41,Road,Xpressbees,3477.29,898.64,5.7,2025-09-30,2025-10-07,2025-10-07,Delivered,5.0,No,No,7,0,4.165915897927399,4375.93,1
ORD100728,CUST10305,2025-12-24,Hyderabad,Hyderabad,Visakhapatnam,376.3,Beauty,7,3.26,Air,Ecom Express,3534.56,259.31,10.07,2025-12-26,2025-12-29,2025-12-29,Delivered,5.0,No,No,3,0,9.392931171937283,3793.87,1
ORD101163,CUST11600,2025-04-23,Mumbai,Mumbai,Delhi,694.2,Beauty,5,3.75,Rail,Xpressbees,2326.98,489.52,13.65,2025-04-27,2025-05-05,2025-05-05,Delivered,5.0,No,No,8,0,3.352031114952463,2816.5,1
ORD102567,CUST12429,2025-02-14,Mumbai,Mumbai,Coimbatore,559.1,Beauty,5,8.57,Rail,Shadowfax,1967.16,537.0,10.58,2025-02-16,2025-02-22,2025-02-22,Delivered,4.0,No,No,6,0,3.5184403505634054,2504.16,1
ORD103643,CUST12751,2025-01-27,Chennai,Chennai,Kochi,116.4,Clothing,1,4.07,Express,Blue Dart,795.56,135.92,9.92,2025-01-30,2025-02-01,2025-02-01,Delivered,4.0,No,No,2,0,6.8347079037800675,931.4799999999999,1
ORD102347,CUST10963,2025-08-26,Bengaluru,Bengaluru,Coimbatore,609.6,Sports,2,0.78,Express,Xpressbees,4310.91,614.75,9.67,2025-08-29,2025-09-03,2025-09-03,Delivered,5.0,No,No,5,0,7.071702755905512,4925.66,1
ORD100011,CUST10532,2025-03-08,Chennai,Chennai,Delhi,349.9,Clothing,4,4.87,Road,Xpressbees,1578.63,401.67,9.32,2025-03-10,2025-03-15,2025-03-15,Delivered,5.0,No,No,5,0,4.511660474421264,1980.3000000000002,1
ORD103670,CUST10400,2025-02-18,Hyderabad,Hyderabad,Jaipur,687.4,Sports,3,3.35,Road,Delhivery,2841.11,562.04,7.5,2025-02-20,2025-02-26,2025-02-26,Delivered,5.0,No,No,6,0,4.133124818155369,3403.15,1
ORD101866,CUST11316,2025-09-13,Chennai,Chennai,Lucknow,379.4,Books,6,5.83,Air,Delhivery,3522.52,347.48,8.81,2025-09-15,2025-09-16,2025-09-16,Delivered,4.0,Yes,No,1,0,9.284449130205589,3870.0,1
ORD104937,CUST12475,2025-05-21,Chennai,Chennai,Surat,730.3,Sports,6,2.09,Road,Dtdc,3246.18,642.36,10.31,2025-05-23,2025-05-31,2025-05-31,Delivered,4.0,No,No,8,0,4.444995207448994,3888.54,1
ORD101453,CUST12288,2025-04-02,Hyderabad,Hyderabad,Ahmedabad,734.7,Electronics,3,5.05,Road,Shadowfax,3158.61,840.59,4.13,2025-04-04,2025-04-10,2025-04-10,Delivered,4.0,No,No,6,0,4.299183340138832,3999.2000000000003,1
ORD104469,CUST11786,2025-08-25,Pune,Pune,Hyderabad,1240.2,Sports,5,4.67,Road,Xpressbees,5386.23,987.96,8.2,2025-08-27,2025-09-03,2025-09-03,Delivered,4.0,No,No,7,0,4.343033381712626,6374.19,1
ORD103271,CUST10525,2025-03-03,Hyderabad,Hyderabad,Kochi,506.3,Sports,6,9.07,Rail,Delhivery,1788.88,440.92,4.48,2025-03-05,2025-03-13,2025-03-13,Delivered,4.0,No,No,8,0,3.533241161366779,2229.8,1
ORD100891,CUST11975,2025-11-12,Bengaluru,Bengaluru,Hyderabad,321.6,Automotive,4,0.79,Rail,Delhivery,1199.36,317.32,7.29,2025-11-13,2025-11-20,2025-11-20,Delivered,5.0,No,No,7,0,3.729353233830845,1516.6799999999998,1
ORD100930,CUST10293,2025-08-16,Bengaluru,Bengaluru,Pune,462.7,Beauty,5,1.04,Road,Xpressbees,2004.44,409.36,8.87,2025-08-18,2025-08-24,2025-08-24,Delivered,4.0,No,No,6,0,4.332051004970824,2413.8,1
ORD100834,CUST11295,2025-12-10,Bengaluru,Bengaluru,Jaipur,178.0,Clothing,7,4.74,Road,Delhivery,739.36,106.43,10.22,2025-12-12,2025-12-17,2025-12-17,Delivered,5.0,No,No,5,0,4.153707865168539,845.79,1
ORD101899,CUST10079,2025-11-08,Chennai,Chennai,Hyderabad,222.7,Books,5,5.54,Road,Dtdc,1022.14,203.75,9.63,2025-11-11,2025-11-15,2025-11-15,Delivered,5.0,No,No,4,0,4.589762011674899,1225.8899999999999,1
ORD102173,CUST10611,2025-04-20,Delhi,Delhi,Bengaluru,798.0,Clothing,1,10.43,Road,Shadowfax,3569.32,921.69,9.03,2025-04-23,2025-04-30,2025-05-04,Delayed,4.0,No,No,11,4,4.472832080200502,4491.01,0
ORD100502,CUST11506,2025-08-02,Hyderabad,Hyderabad,Bengaluru,205.2,Home & Kitchen,4,1.87,Air,Shadowfax,2048.97,124.69,9.83,2025-08-05,2025-08-09,2025-08-09,Delivered,4.0,No,No,4,0,9.985233918128655,2173.66,1
ORD103422,CUST12777,2025-11-27,Hyderabad,Hyderabad,Kochi,556.8,Electronics,4,1.65,Express,Dtdc,4047.75,461.78,8.57,2025-11-29,2025-12-04,2025-12-04,Delivered,4.0,No,No,5,0,7.269665948275863,4509.53,1
ORD102174,CUST11093,2025-08-19,Bengaluru,Bengaluru,Mumbai,342.1,Sports,7,0.69,Express,Xpressbees,2473.5,326.66,11.51,2025-08-22,2025-08-26,2025-08-26,Delivered,4.0,No,No,4,0,7.230342005261619,2800.16,1
ORD100056,CUST10112,2025-03-15,Delhi,Delhi,Pune,469.4,Electronics,4,4.87,Road,Dtdc,2110.65,503.96,10.3,2025-03-17,2025-03-23,2025-03-25,Delayed,3.0,No,No,8,2,4.496484874307627,2614.61,0
ORD101876,CUST11461,2025-05-14,Delhi,Delhi,Chennai,417.0,Grocery,7,6.47,Rail,Ecom Express,1517.69,439.58,6.78,2025-05-16,2025-05-23,2025-05-23,Delivered,4.0,No,No,7,0,3.6395443645083936,1957.27,1
ORD103859,CUST10765,2025-06-07,Chennai,Chennai,Lucknow,508.0,Home & Kitchen,3,2.86,Road,Blue Dart,2282.73,338.38,5.98,2025-06-09,2025-06-13,2025-06-13,Delivered,5.0,No,No,4,0,4.493562992125984,2621.11,1
ORD100288,CUST12695,2025-08-25,Bengaluru,Bengaluru,Bhopal,402.2,Clothing,1,0.37,Road,Ecom Express,1721.96,292.25,7.01,2025-08-28,2025-09-03,2025-09-04,Delayed,4.0,No,No,7,1,4.281352560914968,2014.21,0
ORD102453,CUST10572,2025-04-20,Hyderabad,Hyderabad,Chennai,202.7,Home & Kitchen,6,10.08,Air,Dtdc,1954.72,138.23,3.61,2025-04-22,2025-04-24,2025-04-26,Delayed,3.0,No,No,4,2,9.643413912185496,2092.95,0
ORD104801,CUST11516,2025-05-21,Delhi,Delhi,Chennai,409.1,Books,7,8.7,Express,Shadowfax,3116.71,256.71,11.01,2025-05-24,2025-05-29,2025-05-29,Delivered,4.0,No,No,5,0,7.618455145441212,3373.42,1
ORD100608,CUST12640,2025-02-02,Bengaluru,Bengaluru,Kochi,874.1,Books,6,5.41,Road,Blue Dart,3849.91,915.01,8.4,2025-02-04,2025-02-10,2025-02-10,Delivered,3.0,No,No,6,0,4.404427411051367,4764.92,1
ORD101258,CUST12316,2025-03-04,Pune,Pune,Chennai,870.9,Clothing,1,9.12,Air,Shadowfax,8154.2,792.51,12.81,2025-03-06,2025-03-10,2025-03-13,Delayed,3.0,No,No,7,3,9.362957859685382,8946.71,0
ORD102709,CUST11617,2025-06-15,Hyderabad,Hyderabad,Bengaluru,597.9,Books,1,11.21,Air,Xpressbees,5563.46,529.87,5.87,2025-06-16,2025-06-18,2025-06-18,Delivered,5.0,No,No,2,0,9.305000836260245,6093.33,1
ORD102064,CUST10271,2025-12-20,Hyderabad,Hyderabad,Lucknow,189.2,Home & Kitchen,4,4.25,Express,Xpressbees,1505.51,191.43,9.17,2025-12-23,2025-12-26,2025-12-26,Delivered,5.0,Yes,No,3,0,7.957241014799155,1696.94,1
ORD102881,CUST10843,2025-04-25,Pune,Pune,Kolkata,266.5,Beauty,7,2.41,Road,Shadowfax,1199.96,240.19,10.9,2025-04-27,2025-05-01,2025-05-01,Delivered,5.0,No,No,4,0,4.50266416510319,1440.15,1
ORD102784,CUST10216,2025-10-31,Chennai,Chennai,Visakhapatnam,493.8,Grocery,6,9.45,Rail,Xpressbees,1834.73,489.63,8.28,2025-11-03,2025-11-09,2025-11-09,Delivered,5.0,No,No,6,0,3.715532604293236,2324.36,1
ORD104471,CUST10300,2025-12-08,Chennai,Chennai,Surat,203.7,Electronics,7,1.48,Road,Blue Dart,997.23,170.59,7.88,2025-12-10,2025-12-15,2025-12-15,Delivered,4.0,No,No,5,0,4.8955817378497795,1167.82,1
ORD101915,CUST12011,2025-06-22,Hyderabad,Hyderabad,Bhopal,350.1,Home & Kitchen,2,2.91,Air,Shadowfax,3161.7,318.12,7.18,2025-06-25,2025-06-28,2025-06-28,Delivered,4.0,No,Yes,3,0,9.030848329048842,3479.8199999999997,1
ORD103111,CUST11905,2025-06-08,Pune,Pune,Kolkata,340.7,Electronics,2,3.51,Air,Delhivery,3058.76,327.87,12.39,2025-06-11,2025-06-13,2025-06-13,Delivered,4.0,No,No,2,0,8.977869093043735,3386.63,1
ORD102049,CUST10917,2025-04-07,Hyderabad,Hyderabad,Jaipur,258.2,Home & Kitchen,7,4.97,Air,Shadowfax,2483.47,333.62,6.29,2025-04-09,2025-04-11,2025-04-11,Delivered,3.0,No,No,2,0,9.61839659178931,2817.0899999999997,1
ORD101696,CUST12162,2025-06-13,Hyderabad,Hyderabad,Kochi,837.2,Beauty,2,17.89,Express,Delhivery,6223.97,861.59,8.94,2025-06-14,2025-06-19,2025-06-19,Delivered,4.0,No,No,5,0,7.434268991877688,7085.56,1
ORD102298,CUST11344,2025-11-02,Bengaluru,Bengaluru,Jaipur,240.6,Automotive,6,9.73,Road,Delhivery,1143.64,179.6,9.57,2025-11-04,2025-11-08,2025-11-08,Delivered,4.0,No,No,4,0,4.753283458021613,1323.24,1
ORD100006,CUST10756,2025-08-11,Delhi,Delhi,Hyderabad,247.9,Home & Kitchen,6,9.97,Road,Delhivery,1284.47,230.39,11.43,2025-08-13,2025-08-17,2025-08-17,Delivered,4.0,No,No,4,0,5.181403791851553,1514.8600000000001,1
ORD103809,CUST12486,2025-09-11,Chennai,Chennai,Pune,107.3,Clothing,3,2.84,Road,Xpressbees,530.77,153.72,4.43,2025-09-13,2025-09-17,2025-09-17,Delivered,3.0,No,No,4,0,4.9465983224603916,684.49,1
ORD104188,CUST11279,2025-12-27,Hyderabad,Hyderabad,Delhi,0.0,Beauty,1,1.95,Road,Blue Dart,1475.5,306.22,7.29,2025-12-28,2026-01-01,2026-01-01,Delivered,5.0,No,No,4,0,0.0,1781.72,1
ORD101877,CUST10080,2025-10-24,Bengaluru,Bengaluru,Chennai,254.9,Grocery,3,6.48,Rail,Ecom Express,972.58,252.33,8.77,2025-10-27,2025-11-02,2025-11-05,Delayed,3.0,No,No,9,3,3.8155355041192625,1224.91,0
ORD103458,CUST11089,2025-01-22,Pune,Pune,Bhopal,249.2,Beauty,3,3.09,Road,Delhivery,1139.03,211.13,9.67,2025-01-24,2025-01-29,2025-01-29,Delivered,4.0,No,No,5,0,4.570746388443018,1350.1599999999999,1
ORD101188,CUST11989,2025-09-09,Hyderabad,Hyderabad,Mumbai,631.5,Clothing,3,2.68,Rail,Delhivery,2053.2,604.55,6.23,2025-09-11,2025-09-19,2025-09-19,Delivered,4.0,No,No,8,0,3.2513064133016623,2657.75,1
ORD103924,CUST12190,2025-02-21,Hyderabad,Hyderabad,Ahmedabad,341.6,Beauty,2,15.15,Road,Ecom Express,1746.3,302.51,7.08,2025-02-24,2025-03-02,2025-03-02,Delivered,5.0,No,No,6,0,5.11211943793911,2048.81,1
ORD103471,CUST11411,2025-03-07,Delhi,Delhi,Ahmedabad,438.4,Beauty,2,5.2,Road,Delhivery,2032.99,430.17,10.73,2025-03-11,2025-03-17,2025-03-17,Delivered,4.0,No,No,6,0,4.637294708029198,2463.16,1
ORD101997,CUST12224,2025-10-17,Mumbai,Mumbai,Pune,247.6,Books,1,6.79,Air,Xpressbees,2376.58,167.12,9.99,2025-10-20,2025-10-24,2025-10-24,Delivered,4.0,No,No,4,0,9.598465266558966,2543.7,1
ORD100634,CUST11479,2025-06-17,Hyderabad,Hyderabad,Bengaluru,187.1,Clothing,5,6.97,Express,Dtdc,1287.65,243.78,5.13,2025-06-19,2025-06-22,2025-06-24,Delayed,4.0,No,No,5,2,6.88214858364511,1531.43,0
ORD102399,CUST11914,2025-04-03,Pune,Pune,Visakhapatnam,295.1,Automotive,1,2.73,Road,Dtdc,1377.53,256.62,6.15,2025-04-05,2025-04-10,2025-04-10,Delivered,5.0,No,Yes,5,0,4.668010843781769,1634.15,1
ORD101316,CUST10123,2025-12-20,Pune,Pune,Nagpur,1347.1,Beauty,6,2.31,Road,Ecom Express,5772.05,1097.87,9.68,2025-12-22,2025-12-30,2026-01-03,Delayed,5.0,No,No,12,4,4.2847969712716205,6869.92,0
ORD103987,CUST11850,2025-01-23,Chennai,Chennai,Vijayawada,252.1,Home & Kitchen,5,7.65,Road,Shadowfax,1251.31,284.4,6.63,2025-01-25,2025-01-31,2025-01-31,Delivered,5.0,No,No,6,0,4.963546211820706,1535.71,1
ORD102610,CUST10128,2025-06-27,Delhi,Delhi,Mumbai,468.5,Grocery,3,3.71,Rail,Ecom Express,1703.73,405.98,10.73,2025-06-30,2025-07-06,2025-07-06,Delivered,4.0,No,No,6,0,3.636563500533618,2109.71,1
ORD104234,CUST10703,2025-10-28,Hyderabad,Hyderabad,Delhi,273.3,Books,2,2.91,Air,Shadowfax,2486.54,325.85,6.94,2025-10-31,2025-11-02,2025-11-02,Delivered,3.0,No,No,2,0,9.098207098426636,2812.39,1
ORD103301,CUST12513,2025-10-13,Hyderabad,Hyderabad,Unknown,394.0,Sports,7,0.39,Rail,Blue Dart,1370.17,432.0,7.37,2025-10-14,2025-10-20,2025-10-20,Delivered,3.0,No,No,6,0,3.4775888324873097,1802.17,1
ORD101543,CUST10147,2025-04-02,Chennai,Chennai,Surat,509.0,Clothing,2,1.7,Road,Blue Dart,2133.16,358.51,6.88,2025-04-04,2025-04-11,2025-04-11,Delivered,4.0,No,No,7,0,4.190884086444008,2491.67,1
ORD104867,CUST10634,2025-07-22,Hyderabad,Hyderabad,Bengaluru,255.6,Clothing,1,5.85,Road,Shadowfax,1233.48,250.68,4.99,2025-07-24,2025-07-29,2025-07-29,Delivered,5.0,No,No,5,0,4.825821596244132,1484.16,1
ORD104366,CUST11874,2025-09-09,Chennai,Chennai,Visakhapatnam,1619.9,Automotive,7,7.19,Road,Dtdc,6942.52,1601.88,10.12,2025-09-11,2025-09-20,2025-09-20,Delivered,4.0,No,No,9,0,4.285770726588061,8544.400000000001,1
ORD102316,CUST10252,2025-01-07,Chennai,Chennai,Lucknow,204.9,Grocery,1,5.42,Rail,Xpressbees,804.07,211.56,9.15,2025-01-09,2025-01-15,2025-01-15,Delivered,4.0,No,No,6,0,3.924206930209859,1015.6300000000001,1
ORD100053,CUST11645,2025-12-26,Delhi,Delhi,Hyderabad,338.0,Beauty,2,4.92,Express,Ecom Express,2448.53,378.67,8.72,2025-12-28,2025-12-31,2025-12-31,Delivered,3.0,No,No,3,0,7.2441715976331365,2827.2000000000003,1
ORD103974,CUST10880,2025-01-16,Hyderabad,Hyderabad,Indore,325.0,Beauty,7,4.77,Rail,Dtdc,1174.52,243.81,9.41,2025-01-19,2025-01-24,2025-01-24,Delivered,4.0,No,No,5,0,3.6139076923076923,1418.33,1
ORD100646,CUST10810,2025-09-07,Bengaluru,Bengaluru,Jaipur,217.4,Clothing,5,3.34,Air,Ecom Express,2114.96,205.4,10.21,2025-09-10,2025-09-12,2025-09-12,Delivered,5.0,No,No,2,0,9.728426862925483,2320.36,1
ORD103527,CUST11248,2025-03-05,Delhi,Delhi,Vijayawada,189.4,Grocery,6,0.26,Road,Ecom Express,730.64,0.0,10.89,2025-03-06,2025-03-10,2025-03-10,Delivered,4.0,No,No,4,0,3.8576557550158395,730.64,1
ORD104503,CUST10506,2025-05-01,Delhi,Delhi,Kochi,869.1,Clothing,3,2.53,Road,Delhivery,3648.86,995.96,7.93,2025-05-03,2025-05-10,2025-05-13,Delayed,3.0,No,No,10,3,4.198435162812104,4644.82,0
ORD104105,CUST12091,2025-06-23,Pune,Pune,Ahmedabad,72.6,Sports,4,3.54,Road,Delhivery,399.11,97.73,10.25,2025-06-25,2025-07-01,2025-07-01,Delivered,5.0,No,No,6,0,5.497382920110193,496.84000000000003,1
ORD101499,CUST12275,2025-12-10,Pune,Pune,Hyderabad,300.3,Clothing,3,2.42,Rail,Dtdc,1010.0,282.63,12.57,2025-12-13,2025-12-19,2025-12-22,Delayed,3.0,No,No,9,3,3.363303363303363,1292.63,0
ORD103934,CUST10965,2025-03-26,Bengaluru,Bengaluru,Pune,692.2,Home & Kitchen,2,11.18,Road,Dtdc,3202.01,465.48,11.55,2025-03-29,2025-04-03,2025-04-03,Delivered,5.0,No,No,5,0,4.625845131464895,3667.4900000000002,1
ORD103123,CUST10386,2025-12-15,Pune,Pune,Hyderabad,187.1,Home & Kitchen,6,8.36,Express,Ecom Express,1326.34,265.91,7.63,2025-12-18,2025-12-21,2025-12-21,Delivered,4.0,No,No,3,0,7.088936397648316,1592.25,1
ORD102769,CUST10797,2025-01-14,Pune,Pune,Kochi,195.3,Electronics,6,5.4,Rail,Blue Dart,816.79,111.54,13.5,2025-01-16,2025-01-22,2025-01-22,Delivered,4.0,No,No,6,0,4.182232462877624,928.3299999999999,1
ORD100472,CUST11986,2025-09-07,Bengaluru,Bengaluru,Pune,167.9,Grocery,6,7.21,Road,Delhivery,977.08,95.81,7.49,2025-09-09,2025-09-14,2025-09-14,Delivered,5.0,No,No,5,0,5.819416319237641,1072.89,1
ORD104041,CUST12532,2025-11-23,Delhi,Delhi,Kochi,304.9,Grocery,4,10.92,Road,Shadowfax,1534.24,398.36,5.52,2025-11-26,2025-12-01,2025-12-01,Delivered,5.0,No,No,5,0,5.031944899967203,1932.6,1
ORD102136,CUST11823,2025-03-10,Bengaluru,Bengaluru,Hyderabad,306.8,Beauty,5,11.58,Road,Ecom Express,1473.48,336.04,2.65,2025-03-11,2025-03-15,2025-03-15,Delivered,4.0,No,No,4,0,4.802737940026075,1809.52,1
ORD102968,CUST11181,2025-11-17,Pune,Pune,Coimbatore,528.8,Automotive,1,2.76,Air,Shadowfax,4901.15,419.82,8.28,2025-11-20,2025-11-22,2025-11-22,Delivered,4.0,No,No,2,0,9.268437972768533,5320.969999999999,1
ORD100520,CUST10365,2025-08-07,Chennai,Chennai,Jaipur,675.6,Electronics,2,1.98,Road,Xpressbees,2899.93,583.45,7.51,2025-08-09,2025-08-15,2025-08-15,Delivered,4.0,No,No,6,0,4.292377146240378,3483.38,1
ORD104836,CUST11375,2025-07-28,Hyderabad,Hyderabad,Ahmedabad,264.3,Home & Kitchen,2,0.83,Road,Delhivery,1113.76,166.55,7.62,2025-07-30,2025-08-04,2025-08-05,Delayed,3.0,No,No,6,1,4.213999243284147,1280.31,0
ORD100156,CUST12733,2025-01-29,Bengaluru,Bengaluru,Chennai,628.7,Electronics,7,3.91,Road,Blue Dart,2782.15,459.98,10.53,2025-02-01,2025-02-07,2025-02-09,Delayed,3.0,No,No,8,2,4.425242564020995,3242.13,0
ORD101707,CUST11141,2025-12-28,Delhi,Delhi,Surat,320.4,Books,5,7.0,Road,Delhivery,1588.81,319.87,9.38,2025-12-30,2026-01-03,2026-01-03,Delivered,4.0,No,No,4,0,4.958832709113608,1908.6799999999998,1
ORD104855,CUST11543,2025-09-28,Chennai,Chennai,Bhopal,205.5,Clothing,1,6.82,Air,Delhivery,1948.81,76.92,12.0,2025-10-01,2025-10-03,2025-10-03,Delivered,5.0,No,No,2,0,9.483260340632603,2025.73,1
ORD104221,CUST10813,2025-05-13,Hyderabad,Hyderabad,Pune,339.5,Home & Kitchen,1,20.05,Road,Ecom Express,1821.13,412.43,5.56,2025-05-15,2025-05-20,2025-05-20,Delivered,5.0,No,No,5,0,5.364153166421208,2233.56,1
ORD102403,CUST11152,2025-11-12,Hyderabad,Hyderabad,Delhi,240.7,Grocery,6,1.87,Air,Ecom Express,2265.16,235.03,11.27,2025-11-15,2025-11-17,2025-11-17,Delivered,5.0,No,No,2,0,9.410718737017033,2500.19,1
ORD104869,CUST12027,2025-10-30,Pune,Pune,Kochi,890.1,Sports,6,2.09,Road,Blue Dart,3830.41,1042.75,12.9,2025-11-02,2025-11-08,2025-11-11,Delayed,2.0,No,No,9,3,4.303347938433884,4873.16,0
ORD104664,CUST11843,2025-09-15,Chennai,Chennai,Vijayawada,243.1,Clothing,2,7.52,Express,Dtdc,1839.12,239.74,7.14,2025-09-17,2025-09-21,2025-09-21,Delivered,5.0,No,No,4,0,7.565281777046483,2078.8599999999997,1
ORD102449,CUST11546,2025-01-21,Hyderabad,Hyderabad,Lucknow,292.8,Sports,3,0.56,Road,Xpressbees,1305.51,244.47,7.56,2025-01-23,2025-01-29,2025-01-29,Delivered,4.0,No,Yes,6,0,4.458709016393443,1549.98,1
ORD100131,CUST10808,2025-07-05,Mumbai,Mumbai,Delhi,447.8,Home & Kitchen,2,5.9,Road,Shadowfax,2148.76,442.06,9.4,2025-07-07,2025-07-12,2025-07-12,Delivered,4.0,No,No,5,0,4.798481464939705,2590.82,1
ORD101531,CUST10962,2025-10-13,Hyderabad,Hyderabad,Kolkata,395.7,Beauty,4,4.51,Road,Shadowfax,1753.84,386.81,5.26,2025-10-14,2025-10-19,2025-10-19,Delivered,4.0,No,No,5,0,4.4322466515036645,2140.65,1
ORD104472,CUST12698,2025-12-31,Chennai,Chennai,Ahmedabad,250.6,Automotive,6,1.73,Air,Delhivery,2439.66,300.0,6.11,2026-01-02,2026-01-04,2026-01-04,Delivered,4.0,No,No,2,0,9.735275339185954,2739.66,1
ORD102534,CUST12204,2025-02-10,Delhi,Delhi,Indore,664.7,Clothing,1,6.44,Road,Xpressbees,2989.96,476.94,9.73,2025-02-13,2025-02-19,2025-02-19,Delivered,4.0,No,No,6,0,4.4982097186700765,3466.9,1
ORD102540,CUST12576,2025-03-25,Hyderabad,Hyderabad,Indore,467.1,Automotive,7,4.76,Road,Dtdc,2199.62,404.68,6.41,2025-03-28,2025-04-01,2025-04-01,Delivered,4.0,No,No,4,0,4.709098694069792,2604.2999999999997,1
ORD100534,CUST11766,2025-03-26,Chennai,Chennai,Kochi,715.7,Automotive,1,4.41,Rail,Blue Dart,0.0,825.92,4.22,2025-03-28,2025-04-03,2025-04-03,Delivered,4.0,No,No,6,0,0.0,825.92,1
ORD102685,CUST12498,2025-08-09,Mumbai,Mumbai,Jaipur,742.9,Automotive,3,1.19,Road,Xpressbees,3135.7,657.85,9.55,2025-08-12,2025-08-18,2025-08-20,Delayed,4.0,No,No,8,2,4.220891102436398,3793.5499999999997,0
ORD102386,CUST11147,2025-07-21,Mumbai,Mumbai,Kolkata,451.0,Books,7,1.64,Road,Blue Dart,2043.14,463.22,10.5,2025-07-24,2025-07-30,2025-07-30,Delivered,5.0,No,No,6,0,4.530243902439024,2506.36,1
ORD100384,CUST11525,2025-11-04,Chennai,Chennai,Surat,76.0,Electronics,3,6.38,Road,Delhivery,431.81,50.39,8.68,2025-11-06,2025-11-10,2025-11-10,Delivered,4.0,No,No,4,0,5.68171052631579,482.2,1
ORD103723,CUST10401,2025-11-20,Pune,Pune,Bhopal,535.1,Grocery,4,6.34,Road,Blue Dart,2324.14,452.42,9.2,2025-11-22,2025-11-27,2025-11-27,Delivered,5.0,No,No,5,0,4.343375070080358,2776.56,1
ORD100812,CUST11491,2025-06-30,Chennai,Chennai,Ahmedabad,487.8,Home & Kitchen,1,5.94,Air,Ecom Express,4508.72,563.94,9.15,2025-07-02,2025-07-05,2025-07-07,Delayed,4.0,No,No,5,2,9.242968429684296,5072.66,0
ORD104153,CUST12070,2025-02-22,Hyderabad,Hyderabad,Coimbatore,70.5,Books,7,4.46,Rail,Delhivery,401.87,62.61,9.81,2025-02-25,2025-03-02,2025-03-02,Delivered,4.0,Yes,No,5,0,5.700283687943262,464.48,1
ORD103697,CUST12080,2025-07-18,Hyderabad,Hyderabad,Indore,56.0,Electronics,4,10.34,Express,Shadowfax,571.46,20.0,8.8,2025-07-21,2025-07-23,2025-07-24,Delayed,3.0,No,No,3,1,10.204642857142858,591.46,0
ORD101898,CUST10398,2025-01-22,Mumbai,Mumbai,Vijayawada,326.4,Grocery,3,1.9,Road,Delhivery,1452.99,348.76,11.42,2025-01-24,2025-01-29,2025-01-29,Delivered,4.0,No,No,5,0,4.4515625000000005,1801.75,1
ORD103838,CUST10675,2025-11-22,Bengaluru,Bengaluru,Kolkata,592.3,Clothing,1,2.43,Road,Blue Dart,2448.02,517.87,7.5,2025-11-24,2025-11-30,2025-11-30,Delivered,5.0,No,No,6,0,4.13307445551241,2965.89,1
ORD103407,CUST11221,2025-04-06,Chennai,Chennai,Indore,690.4,Beauty,3,3.01,Road,Blue Dart,3054.25,722.72,7.18,2025-04-08,2025-04-12,2025-04-12,Delivered,4.0,No,No,4,0,4.42388470451912,3776.9700000000003,1
ORD103930,CUST12511,2025-08-01,Chennai,Chennai,Lucknow,194.9,Automotive,6,1.87,Road,Xpressbees,970.06,154.33,3.5,2025-08-03,2025-08-08,2025-08-08,Delivered,4.0,No,No,5,0,4.977219086711133,1124.3899999999999,1
ORD101111,CUST10589,2025-05-20,Pune,Pune,Surat,553.1,Books,5,10.68,Air,Ecom Express,5258.98,431.85,7.09,2025-05-21,2025-05-24,2025-05-24,Delivered,5.0,No,No,3,0,9.508190200687036,5690.83,1
ORD102154,CUST12375,2025-02-17,Pune,Pune,Kolkata,410.0,Clothing,4,2.88,Air,Delhivery,3914.9,311.55,8.21,2025-02-19,2025-02-22,2025-02-24,Delayed,4.0,No,No,5,2,9.548536585365854,4226.45,0
ORD100197,CUST11831,2025-09-30,Hyderabad,Hyderabad,Lucknow,419.3,Home & Kitchen,3,5.42,Air,Xpressbees,3977.62,320.93,8.09,2025-10-03,2025-10-06,2025-10-06,Delivered,4.0,No,No,3,0,9.486334366801811,4298.55,1
ORD103889,CUST12065,2025-09-29,Pune,Pune,Vijayawada,835.8,Clothing,6,1.52,Road,Delhivery,3472.11,967.7,7.8,2025-10-01,2025-10-08,2025-10-08,Delivered,5.0,No,No,7,0,4.154235463029433,4439.81,1
ORD103270,CUST11390,2025-08-22,Mumbai,Mumbai,Kochi,304.8,Books,4,20.16,Rail,Xpressbees,1435.49,309.05,9.71,2025-08-24,2025-08-31,2025-08-31,Delivered,5.0,No,No,7,0,4.709612860892388,1744.54,1
ORD101588,CUST10484,2025-04-17,Delhi,Delhi,Coimbatore,249.3,Electronics,2,2.38,Road,Xpressbees,1141.48,163.39,9.31,2025-04-19,2025-04-24,2025-04-24,Delivered,4.0,No,No,5,0,4.57874047332531,1304.87,1
ORD103681,CUST10101,2025-12-02,Hyderabad,Hyderabad,Lucknow,225.8,Books,1,2.83,Road,Delhivery,963.26,225.2,6.2,2025-12-05,2025-12-09,2025-12-09,Delivered,4.0,No,No,4,0,4.265987599645704,1188.46,1
ORD101620,CUST10387,2025-02-23,Bengaluru,Bengaluru,Lucknow,331.8,Electronics,2,9.43,Air,Ecom Express,3192.96,323.59,11.8,2025-02-26,2025-03-01,2025-03-01,Delivered,4.0,No,No,3,0,9.623146473779386,3516.55,1
ORD102265,CUST11292,2025-09-14,Bengaluru,Bengaluru,Delhi,187.7,Automotive,7,1.2,Air,Shadowfax,1803.7,131.97,8.88,2025-09-17,2025-09-19,2025-09-19,Delivered,5.0,No,No,2,0,9.609483217900907,1935.67,1
ORD102160,CUST11534,2025-03-24,Bengaluru,Bengaluru,Mumbai,735.3,Beauty,7,1.73,Rail,Shadowfax,2364.27,687.77,5.18,2025-03-26,2025-04-02,2025-04-02,Delivered,5.0,No,No,7,0,3.2153814769481848,3052.04,1
ORD101953,CUST10513,2025-09-19,Hyderabad,Hyderabad,Chennai,130.3,Grocery,7,4.87,Air,Shadowfax,1383.29,163.02,2.61,2025-09-21,2025-09-22,2025-09-22,Delivered,3.0,No,No,1,0,10.616193399846507,1546.31,1
ORD100838,CUST10788,2025-07-11,Bengaluru,Bengaluru,Mumbai,262.0,Grocery,4,5.38,Road,Shadowfax,1055.2,153.53,3.54,2025-07-13,2025-07-19,2025-07-19,Delivered,4.0,No,No,6,0,4.027480916030535,1208.73,1
ORD101825,CUST11943,2025-11-01,Pune,Pune,Hyderabad,830.6,Electronics,6,9.54,Road,Xpressbees,3672.75,918.59,9.74,2025-11-04,2025-11-10,2025-11-10,Delivered,5.0,No,No,6,0,4.421803515530941,4591.34,1
ORD104145,CUST10723,2025-09-14,Hyderabad,Hyderabad,Pune,291.2,Grocery,1,5.7,Air,Xpressbees,2666.34,228.36,3.27,2025-09-16,2025-09-20,2025-09-20,Delivered,4.0,No,No,4,0,9.156387362637364,2894.7000000000003,1
ORD103151,CUST12471,2025-11-07,Hyderabad,Hyderabad,Delhi,671.1,Grocery,1,22.78,Road,Dtdc,3197.45,501.97,9.03,2025-11-09,2025-11-16,2025-11-17,Delayed,4.0,No,No,8,1,4.764491133959171,3699.42,0
ORD101646,CUST12408,2025-04-27,Delhi,Delhi,Mumbai,965.1,Home & Kitchen,7,1.69,Express,Ecom Express,6898.21,921.76,11.35,2025-04-30,2025-05-04,2025-05-04,Delivered,4.0,No,No,4,0,7.147663454564293,7819.97,1
ORD103493,CUST12597,2025-10-15,Chennai,Chennai,Lucknow,354.5,Beauty,7,2.96,Air,Shadowfax,3244.93,190.53,9.71,2025-10-17,2025-10-21,2025-10-21,Delivered,5.0,No,No,4,0,9.153540197461213,3435.46,1
ORD103190,CUST12734,2025-05-22,Hyderabad,Hyderabad,Bhopal,255.7,Beauty,4,3.02,Rail,Xpressbees,862.25,287.84,6.67,2025-05-24,2025-05-31,2025-05-31,Delivered,4.0,No,No,7,0,3.37211576065702,1150.09,1
ORD100415,CUST12350,2025-12-16,Mumbai,Mumbai,Bhopal,526.4,Beauty,1,6.13,Rail,Dtdc,1839.44,622.9,9.5,2025-12-18,2025-12-25,2025-12-29,Delayed,4.0,No,No,11,4,3.4943768996960487,2462.34,0
ORD103864,CUST10855,2025-01-21,Mumbai,Mumbai,Ahmedabad,334.0,Home & Kitchen,3,3.62,Road,Delhivery,1341.55,326.87,10.69,2025-01-23,2025-01-30,2025-01-30,Delivered,5.0,No,No,7,0,4.016616766467066,1668.42,1
ORD102342,CUST11985,2025-09-27,Delhi,Delhi,Kochi,339.6,Clothing,5,4.31,Express,Delhivery,2561.91,257.99,9.0,2025-09-29,2025-10-02,2025-10-02,Delivered,4.0,No,No,3,0,7.543904593639575,2819.8999999999996,1
ORD100353,CUST10945,2025-10-20,Mumbai,Mumbai,Kolkata,551.3,Home & Kitchen,3,5.85,Road,Shadowfax,2408.88,519.92,10.42,2025-10-24,2025-10-29,2025-10-31,Delayed,4.0,No,No,7,2,4.369454017776166,2928.8,0
ORD101873,CUST12603,2025-05-20,Bengaluru,Bengaluru,Kolkata,1018.9,Sports,7,1.32,Road,Shadowfax,4314.78,1060.01,10.7,2025-05-23,2025-05-30,2025-05-31,Delayed,3.0,No,No,8,1,4.234743350672294,5374.79,0
ORD103818,CUST11074,2025-05-01,Mumbai,Mumbai,Vijayawada,29.6,Beauty,7,6.08,Rail,Dtdc,291.35,20.0,6.92,2025-05-03,2025-05-09,2025-05-14,Delayed,4.0,No,No,11,5,9.842905405405405,311.35,0
ORD102712,CUST11362,2025-10-01,Mumbai,Mumbai,Jaipur,757.4,Home & Kitchen,3,3.22,Road,Ecom Express,3348.54,883.17,9.19,2025-10-04,2025-10-10,2025-10-10,Delivered,4.0,No,No,6,0,4.421098494850805,4231.71,1
ORD102687,CUST10919,2025-05-12,Pune,Pune,Ahmedabad,163.8,Beauty,6,2.34,Air,Delhivery,1620.0,99.53,5.5,2025-05-14,2025-05-16,2025-05-16,Delivered,4.0,Yes,No,2,0,9.890109890109889,1719.53,1
ORD104728,CUST11806,2025-08-31,Bengaluru,Bengaluru,Bhopal,325.4,Books,1,6.58,Road,Shadowfax,1427.92,371.91,7.69,2025-09-02,2025-09-06,2025-09-06,Delivered,4.0,No,No,4,0,4.388199139520591,1799.8300000000002,1
ORD101103,CUST12189,2025-11-08,Bengaluru,Bengaluru,Nagpur,90.9,Beauty,7,4.96,Road,Xpressbees,614.76,104.13,10.42,2025-11-11,2025-11-16,2025-11-23,Delayed,3.0,No,No,12,7,6.763036303630362,718.89,0
ORD103390,CUST11243,2025-09-09,Hyderabad,Hyderabad,Vijayawada,93.8,Electronics,3,13.15,Express,Ecom Express,836.46,88.93,4.7,2025-09-11,2025-09-14,2025-09-14,Delivered,5.0,No,No,3,0,8.917484008528785,925.3900000000001,1
ORD103237,CUST11505,2025-11-02,Bengaluru,Bengaluru,Jaipur,737.5,Books,5,8.26,Road,Dtdc,3298.93,621.19,9.0,2025-11-04,2025-11-10,2025-11-10,Delivered,5.0,No,No,6,0,4.473125423728813,3920.12,1
ORD102490,CUST10214,2025-09-15,Delhi,Delhi,Surat,275.2,Beauty,5,9.89,Road,Xpressbees,1499.26,329.04,4.05,2025-09-16,2025-09-20,2025-09-21,Delayed,3.0,No,No,5,1,5.447892441860465,1828.3,0
ORD100527,CUST10386,2025-01-25,Hyderabad,Hyderabad,Visakhapatnam,234.1,Home & Kitchen,6,2.25,Road,Ecom Express,1056.3,232.3,8.34,2025-01-28,2025-02-02,2025-02-02,Delivered,5.0,No,No,5,0,4.512174284493806,1288.6,1
ORD102532,CUST12130,2025-08-31,Mumbai,Mumbai,Lucknow,160.7,Home & Kitchen,4,9.04,Express,Xpressbees,1265.74,109.11,11.11,2025-09-02,2025-09-06,2025-09-08,Delayed,4.0,No,No,6,2,7.876415681393902,1374.85,0
ORD101585,CUST12313,2025-02-22,Bengaluru,Bengaluru,Delhi,608.6,Beauty,5,1.56,Air,Blue Dart,5536.45,544.92,6.89,2025-02-23,2025-02-27,2025-02-28,Delayed,3.0,No,No,5,1,9.097025961222478,6081.37,0
ORD101962,CUST11946,2025-11-02,Pune,Pune,Kolkata,557.7,Home & Kitchen,4,8.89,Express,Ecom Express,4121.64,364.75,7.27,2025-11-05,2025-11-09,2025-11-09,Delivered,4.0,No,No,4,0,7.3904249596557285,4486.39,1
ORD101129,CUST10229,2025-01-15,Delhi,Delhi,Mumbai,555.5,Home & Kitchen,4,2.15,Express,Dtdc,3956.94,629.56,11.14,2025-01-18,2025-01-22,2025-01-22,Delivered,5.0,No,No,4,0,7.123204320432043,4586.5,1
ORD101409,CUST11910,2025-01-15,Chennai,Chennai,Jaipur,411.8,Automotive,5,8.66,Road,Dtdc,1852.97,310.12,9.22,2025-01-17,2025-01-24,2025-01-24,Delivered,5.0,No,No,7,0,4.499684312773191,2163.09,1
ORD103872,CUST11088,2025-10-16,Chennai,Chennai,Coimbatore,378.0,Electronics,6,8.9,Road,Shadowfax,1790.62,391.44,4.54,2025-10-17,2025-10-22,2025-10-22,Delivered,5.0,No,No,5,0,4.737089947089947,2182.06,1
ORD102692,CUST11230,2025-07-25,Delhi,Delhi,Jaipur,1047.0,Home & Kitchen,6,3.08,Rail,Ecom Express,3474.18,929.65,11.05,2025-07-28,2025-08-05,2025-08-05,Delivered,3.0,No,No,8,0,3.3182234957020054,4403.83,1
ORD101897,CUST11268,2025-04-08,Mumbai,Mumbai,Chennai,57.5,Beauty,1,2.37,Road,Dtdc,315.23,82.66,12.54,2025-04-10,2025-04-14,2025-04-17,Delayed,4.0,No,No,7,3,5.482260869565217,397.89,0
ORD104685,CUST10174,2025-11-27,Hyderabad,Hyderabad,Lucknow,372.2,Electronics,3,0.99,Air,Xpressbees,3369.25,240.31,8.36,2025-11-30,2025-12-03,2025-12-08,Delayed,4.0,No,No,8,5,9.052256851155294,3609.56,0
ORD101330,CUST12417,2025-02-17,Mumbai,Mumbai,Bengaluru,190.6,Beauty,1,10.89,Air,Shadowfax,1761.14,154.81,10.66,2025-02-19,2025-02-20,2025-02-22,Delayed,4.0,No,No,3,2,9.239979013641134,1915.95,0
ORD103432,CUST10908,2025-01-20,Bengaluru,Bengaluru,Surat,255.8,Electronics,1,6.45,Road,Xpressbees,1098.26,315.43,7.55,2025-01-22,2025-01-28,2025-01-28,Delivered,3.0,No,No,6,0,4.293432369038311,1413.69,1
ORD102780,CUST12302,2025-06-22,Hyderabad,Hyderabad,Pune,293.8,Beauty,5,8.54,Road,Dtdc,1485.1,216.01,10.29,2025-06-25,2025-06-30,2025-06-30,Delivered,4.0,No,No,5,0,5.054799183117766,1701.11,1
ORD103861,CUST10891,2025-11-18,Bengaluru,Bengaluru,Mumbai,387.1,Books,4,3.85,Road,Ecom Express,1751.22,292.28,3.79,2025-11-19,2025-11-26,2025-11-26,Delivered,4.0,No,No,7,0,4.523947300439163,2043.5,1
ORD101567,CUST10898,2025-03-14,Mumbai,Mumbai,Indore,191.8,Automotive,6,9.87,Air,Dtdc,1913.86,183.17,8.66,2025-03-17,2025-03-18,2025-03-18,Delivered,5.0,No,No,1,0,9.978415015641293,2097.0299999999997,1
ORD100194,CUST10458,2025-07-06,Pune,Pune,Surat,915.5,Automotive,1,6.59,Road,Delhivery,4013.24,1002.62,12.13,2025-07-08,2025-07-15,2025-07-15,Delivered,5.0,No,No,7,0,4.383659202621518,5015.86,1
ORD104277,CUST12210,2025-07-02,Mumbai,Mumbai,Nagpur,704.5,Clothing,7,3.11,Air,Shadowfax,6370.12,666.49,11.68,2025-07-04,2025-07-08,2025-07-08,Delivered,4.0,No,No,4,0,9.042044002838892,7036.61,1
ORD102832,CUST11377,2025-11-20,Chennai,Chennai,Nagpur,176.6,Clothing,5,3.79,Road,Blue Dart,803.55,132.45,10.35,2025-11-22,2025-11-27,2025-11-27,Delivered,5.0,No,No,5,0,4.550113250283125,936.0,1
ORD104997,CUST11194,2025-12-22,Hyderabad,Hyderabad,Chennai,281.2,Grocery,2,2.57,Road,Blue Dart,1269.21,317.86,6.7,2025-12-24,2025-12-28,2025-12-28,Delivered,5.0,No,No,4,0,4.513549075391181,1587.0700000000002,1
ORD100101,CUST10385,2025-07-01,Mumbai,Mumbai,Visakhapatnam,446.9,Electronics,2,5.31,Rail,Delhivery,1436.56,402.98,10.05,2025-07-03,2025-07-08,2025-07-15,Delayed,2.0,No,Yes,12,7,3.2144998881181475,1839.54,0
ORD100077,CUST12359,2025-06-02,Chennai,Chennai,Nagpur,44.8,Home & Kitchen,2,1.88,Road,Delhivery,121.54,20.0,9.23,2025-06-05,2025-06-10,2025-06-10,Delivered,5.0,No,No,5,0,2.712946428571429,141.54000000000002,1
ORD101144,CUST10094,2025-05-03,Chennai,Chennai,Indore,467.5,Beauty,1,9.93,Air,Blue Dart,4431.58,530.38,6.21,2025-05-06,2025-05-10,2025-05-10,Delivered,4.0,No,No,4,0,9.47931550802139,4961.96,1
ORD102233,CUST11986,2025-03-26,Hyderabad,Hyderabad,Kolkata,571.5,Sports,6,2.58,Road,Dtdc,2555.59,738.61,2.07,2025-03-27,2025-04-02,2025-04-03,Delayed,4.0,No,No,7,1,4.471723534558181,3294.2000000000003,0
ORD103195,CUST10324,2025-06-21,Chennai,Chennai,Nagpur,231.5,Electronics,7,9.64,Road,Xpressbees,1134.84,142.49,0.0,2025-06-23,2025-06-28,2025-06-28,Delivered,4.0,No,No,5,0,4.902116630669546,1277.33,1
ORD101309,CUST10492,2025-10-21,Bengaluru,Bengaluru,Indore,335.0,Grocery,2,5.38,Road,Blue Dart,1455.97,295.29,7.01,2025-10-23,2025-10-28,2025-10-30,Delayed,2.0,No,No,7,2,4.346179104477612,1751.26,0
ORD100759,CUST12312,2025-05-09,Hyderabad,Hyderabad,Indore,415.1,Books,4,1.4,Rail,Ecom Express,1476.0,350.15,0.0,2025-05-12,2025-05-18,2025-05-21,Delayed,3.0,No,No,9,3,3.5557696940496264,1826.15,0
ORD104612,CUST10609,2025-10-04,Mumbai,Mumbai,Coimbatore,550.1,Books,4,1.09,Road,Xpressbees,2331.76,434.26,8.4,2025-10-06,2025-10-11,2025-10-11,Delivered,4.0,No,No,5,0,4.238792946736957,2766.0200000000004,1
ORD100367,CUST10631,2025-10-08,Delhi,Delhi,Vijayawada,1029.8,Beauty,3,1.74,Road,Ecom Express,4373.52,1098.35,10.85,2025-10-10,2025-10-16,2025-10-16,Delivered,5.0,No,No,6,0,4.246960574868907,5471.870000000001,1
ORD101295,CUST11215,2025-03-09,Bengaluru,Bengaluru,Delhi,251.2,Books,5,0.85,Road,Delhivery,1142.04,271.42,11.85,2025-03-13,2025-03-17,2025-03-17,Delivered,5.0,No,No,4,0,4.546337579617834,1413.46,1
ORD101743,CUST12215,2025-05-14,Hyderabad,Hyderabad,Chennai,81.5,Grocery,7,5.52,Rail,Delhivery,408.96,59.95,2.0,2025-05-16,2025-05-20,2025-05-21,Delayed,3.0,No,No,5,1,5.017914110429448,468.90999999999997,0
ORD103678,CUST11702,2025-12-11,Pune,Pune,Jaipur,139.4,Electronics,2,2.55,Road,Dtdc,761.92,98.78,11.88,2025-12-14,2025-12-20,2025-12-25,Delayed,3.0,No,No,11,5,5.465710186513629,860.6999999999999,0
ORD104532,CUST12413,2025-10-01,Mumbai,Mumbai,Pune,80.2,Books,5,8.82,Rail,Ecom Express,487.13,21.27,8.69,2025-10-03,2025-10-08,2025-10-08,Delivered,4.0,No,No,5,0,6.073940149625935,508.4,1
ORD100542,CUST10550,2025-01-24,Mumbai,Mumbai,Lucknow,1278.6,Beauty,7,2.74,Road,Delhivery,5545.03,929.2,8.91,2025-01-25,2025-01-31,2025-01-31,Delivered,4.0,No,No,6,0,4.336798060378539,6474.23,1
ORD103497,CUST11005,2025-10-05,Delhi,Delhi,Jaipur,664.4,Books,7,9.82,Road,Dtdc,2963.28,642.84,10.0,2025-10-07,2025-10-13,2025-10-16,Delayed,3.0,No,No,9,3,4.460084286574353,3606.1200000000003,0
ORD102893,CUST11169,2025-11-13,Chennai,Chennai,Bengaluru,179.0,Books,1,1.14,Road,Dtdc,854.25,193.83,8.93,2025-11-15,2025-11-19,2025-11-23,Delayed,3.0,No,No,8,4,4.772346368715084,1048.08,0
ORD104445,CUST11179,2025-03-13,Bengaluru,Bengaluru,Jaipur,493.9,Automotive,4,5.62,Rail,Ecom Express,1835.42,463.29,10.4,2025-03-16,2025-03-22,2025-03-29,Delayed,3.0,No,No,13,7,3.7161773638388342,2298.71,0
ORD102759,CUST10526,2025-02-15,Hyderabad,Hyderabad,Visakhapatnam,622.2,Beauty,2,0.44,Road,Blue Dart,2662.67,524.53,5.91,2025-02-17,2025-02-23,2025-02-23,Delivered,4.0,No,No,6,0,4.279443908711025,3187.2,1
ORD101792,CUST12645,2025-07-18,Chennai,Chennai,Kochi,112.6,Electronics,1,3.36,Air,Delhivery,978.85,84.1,5.49,2025-07-20,2025-07-23,2025-07-23,Delivered,4.0,No,No,3,0,8.69316163410302,1062.95,1
ORD102014,CUST12049,2025-01-08,Hyderabad,Hyderabad,Chennai,227.4,Beauty,1,1.02,Air,Dtdc,2091.59,186.93,7.28,2025-01-10,2025-01-13,2025-01-13,Delivered,4.0,No,No,3,0,9.197845206684256,2278.52,1
ORD101324,CUST11653,2025-08-20,Bengaluru,Bengaluru,Vijayawada,112.9,Grocery,6,6.93,Road,Xpressbees,589.06,118.16,5.84,2025-08-23,2025-08-27,2025-08-27,Delivered,5.0,No,No,4,0,5.217537643932683,707.2199999999999,1
ORD103316,CUST12177,2025-05-27,Delhi,Delhi,Chennai,701.8,Grocery,2,2.01,Road,Xpressbees,3109.48,634.3,7.53,2025-05-29,2025-06-06,2025-06-06,Delivered,5.0,No,No,8,0,4.4307210031347966,3743.7799999999997,1
ORD104243,CUST11994,2025-09-28,Bengaluru,Bengaluru,Mumbai,465.3,Books,2,8.52,Express,Ecom Express,3429.9,527.54,8.49,2025-09-30,2025-10-02,2025-10-02,Delivered,5.0,No,No,2,0,7.371373307543521,3957.44,1
ORD100593,CUST12145,2025-09-18,Pune,Pune,Jaipur,517.1,Clothing,3,2.16,Express,Dtdc,3721.94,379.07,10.76,2025-09-21,2025-09-26,2025-09-26,Delivered,4.0,No,No,5,0,7.197718042931735,4101.01,1
ORD102956,CUST11809,2025-05-20,Bengaluru,Bengaluru,Chennai,153.6,Grocery,5,2.34,Road,Xpressbees,660.83,203.28,7.68,2025-05-22,2025-05-27,2025-05-27,Delivered,5.0,No,No,5,0,4.302278645833334,864.11,1
ORD103755,CUST10616,2025-07-27,Mumbai,Mumbai,Chennai,540.7,Home & Kitchen,1,6.21,Road,Ecom Express,2242.47,571.02,10.84,2025-07-30,2025-08-04,2025-08-04,Delivered,3.0,No,No,5,0,4.147346032920288,2813.49,1
ORD100176,CUST10702,2025-12-22,Chennai,Chennai,Visakhapatnam,274.2,Automotive,6,1.07,Road,Shadowfax,1225.24,266.01,8.41,2025-12-24,2025-12-30,2025-12-30,Delivered,4.0,No,No,6,0,4.468417213712619,1491.25,1
ORD100722,CUST10276,2025-02-18,Chennai,Chennai,Visakhapatnam,295.1,Automotive,1,9.61,Road,Dtdc,1608.82,346.29,8.27,2025-02-20,2025-02-26,2025-02-28,Delayed,3.0,No,No,8,2,5.4517790579464585,1955.11,0
ORD102290,CUST11500,2025-08-12,Mumbai,Mumbai,Indore,422.2,Clothing,1,13.67,Rail,Blue Dart,1561.09,459.71,7.88,2025-08-14,2025-08-22,2025-08-22,Delivered,5.0,No,Yes,8,0,3.697513027001421,2020.8,1
ORD101366,CUST12020,2025-05-30,Delhi,Delhi,Vijayawada,822.7,Sports,1,3.76,Road,Dtdc,3624.64,805.18,11.62,2025-06-01,2025-06-06,2025-06-06,Delivered,4.0,No,No,5,0,4.4057858271544905,4429.82,1
ORD103176,CUST11690,2025-03-17,Bengaluru,Bengaluru,Coimbatore,270.0,Sports,2,15.84,Air,Ecom Express,2796.88,112.18,11.28,2025-03-20,2025-03-22,2025-03-22,Delivered,5.0,No,No,2,0,10.358814814814815,2909.06,1
ORD100779,CUST10882,2025-10-21,Hyderabad,Hyderabad,Chennai,62.7,Beauty,7,3.09,Express,Ecom Express,559.39,109.7,5.32,2025-10-23,2025-10-26,2025-10-26,Delivered,3.0,No,No,3,0,8.921690590111643,669.09,1
ORD104918,CUST12188,2025-12-29,Mumbai,Mumbai,Delhi,255.7,Beauty,6,7.34,Road,Dtdc,1291.23,230.71,8.44,2026-01-01,2026-01-07,2026-01-08,Delayed,4.0,No,No,7,1,5.049784904184592,1521.94,0
ORD102149,CUST10978,2025-12-15,Chennai,Chennai,Mumbai,322.1,Books,6,4.25,Road,Blue Dart,1383.04,368.48,5.96,2025-12-17,2025-12-22,2025-12-22,Delivered,5.0,No,No,5,0,4.293821794473765,1751.52,1
ORD104181,CUST10672,2025-10-05,Hyderabad,Hyderabad,Surat,42.3,Beauty,7,3.85,Express,Dtdc,433.3,20.0,6.72,2025-10-06,2025-10-09,2025-10-09,Delivered,5.0,No,No,3,0,10.243498817966904,453.3,1
ORD100262,CUST11006,2025-12-05,Hyderabad,Hyderabad,Pune,306.2,Grocery,4,3.68,Express,Ecom Express,2280.87,191.85,8.19,2025-12-07,2025-12-10,2025-12-10,Delivered,4.0,No,No,3,0,7.448954931417374,2472.72,1
ORD102853,CUST10034,2025-11-07,Hyderabad,Hyderabad,Kochi,437.5,Sports,4,6.86,Road,Ecom Express,1951.21,448.18,8.38,2025-11-10,2025-11-16,2025-11-16,Delivered,4.0,No,No,6,0,4.4599085714285716,2399.39,1
ORD104863,CUST10313,2025-04-09,Chennai,Chennai,Kochi,228.8,Home & Kitchen,1,2.78,Rail,Xpressbees,790.73,161.05,8.58,2025-04-12,2025-04-17,2025-04-17,Delivered,5.0,No,No,5,0,3.455987762237762,951.78,1
ORD102918,CUST12655,2025-05-20,Delhi,Delhi,Chennai,236.2,Books,2,6.06,Road,Dtdc,1116.66,291.8,8.57,2025-05-22,2025-05-27,2025-05-27,Delivered,4.0,No,No,5,0,4.727603725656224,1408.46,1
ORD102560,CUST11350,2025-07-23,Hyderabad,Hyderabad,Mumbai,202.7,Beauty,7,8.73,Rail,Shadowfax,906.31,151.19,10.99,2025-07-26,2025-08-03,2025-08-03,Delivered,3.0,No,No,8,0,4.471188949185989,1057.5,1
ORD104092,CUST12019,2025-06-20,Bengaluru,Bengaluru,Indore,391.2,Home & Kitchen,5,3.96,Road,Xpressbees,1776.92,370.32,5.77,2025-06-22,2025-06-28,2025-06-30,Delayed,2.0,No,No,8,2,4.542229038854806,2147.2400000000002,0
ORD103942,CUST10582,2025-05-21,Hyderabad,Hyderabad,Chennai,199.3,Sports,7,1.88,Air,Dtdc,1914.42,161.08,5.45,2025-05-22,2025-05-24,2025-05-24,Delivered,4.0,No,No,2,0,9.605720020070246,2075.5,1
ORD101452,CUST11745,2025-09-24,Chennai,Chennai,Surat,615.9,Sports,7,10.5,Rail,Blue Dart,2172.95,751.21,7.59,2025-09-26,2025-10-02,2025-10-02,Delivered,5.0,No,No,6,0,3.528088975483033,2924.16,1
ORD101057,CUST11927,2025-08-28,Mumbai,Mumbai,Delhi,648.6,Home & Kitchen,1,6.25,Rail,Xpressbees,2197.8,482.08,13.53,2025-08-31,2025-09-07,2025-09-07,Delivered,5.0,No,No,7,0,3.3885291396854766,2679.88,1
ORD102673,CUST11744,2025-07-31,Bengaluru,Bengaluru,Kochi,287.7,Books,5,3.02,Air,Blue Dart,2616.74,267.64,6.73,2025-08-02,2025-08-05,2025-08-09,Delayed,3.0,No,No,7,4,9.095377128953771,2884.3799999999997,0
ORD103291,CUST11883,2025-09-21,Bengaluru,Bengaluru,Jaipur,424.7,Sports,2,4.26,Road,Ecom Express,1927.39,308.74,6.77,2025-09-23,2025-09-29,2025-09-29,Delivered,4.0,No,No,6,0,4.538238756769485,2236.13,1
ORD103542,CUST11510,2025-10-29,Mumbai,Mumbai,Hyderabad,537.7,Home & Kitchen,7,6.49,Road,Ecom Express,2397.37,607.89,8.38,2025-10-31,2025-11-06,2025-11-06,Delivered,4.0,No,No,6,0,4.45856425516087,3005.2599999999998,1
ORD103011,CUST12303,2025-10-14,Mumbai,Mumbai,Kolkata,154.1,Books,1,2.26,Air,Ecom Express,1431.29,134.44,12.86,2025-10-16,2025-10-18,2025-10-23,Delayed,4.0,No,No,7,5,9.288059701492537,1565.73,0
ORD103136,CUST10264,2025-01-10,Hyderabad,Hyderabad,Pune,228.5,Home & Kitchen,6,6.09,Road,Blue Dart,1067.77,195.39,9.44,2025-01-12,2025-01-17,2025-01-17,Delivered,5.0,No,No,5,0,4.672954048140044,1263.1599999999999,1
ORD101514,CUST10307,2025-01-21,Chennai,Chennai,Kochi,1033.6,Books,7,4.91,Road,Dtdc,4643.44,780.53,8.22,2025-01-24,2025-01-31,2025-02-03,Delayed,3.0,No,No,10,3,4.49249226006192,5423.969999999999,0
ORD103333,CUST12349,2025-06-29,Hyderabad,Hyderabad,Nagpur,207.4,Books,5,8.88,Road,Ecom Express,988.79,209.43,11.19,2025-07-01,2025-07-08,2025-07-08,Delivered,4.0,No,No,7,0,4.7675506268081,1198.22,1
ORD101602,CUST10463,2025-04-17,Bengaluru,Bengaluru,Ahmedabad,53.9,Books,7,5.45,Rail,Shadowfax,375.49,20.0,6.89,2025-04-19,2025-04-25,2025-04-29,Delayed,3.0,No,No,10,4,6.9664192949907235,395.49,0
ORD104665,CUST12016,2025-08-08,Pune,Pune,Mumbai,131.3,Sports,4,6.14,Road,Blue Dart,648.13,129.33,7.36,2025-08-09,2025-08-15,2025-08-15,Delivered,4.0,No,No,6,0,4.9362528560548355,777.46,1
ORD100854,CUST12101,2025-11-30,Chennai,Chennai,Surat,340.0,Sports,7,1.63,Road,Blue Dart,1539.51,308.03,6.14,2025-12-02,2025-12-07,2025-12-07,Delivered,4.0,No,No,5,0,4.527970588235294,1847.54,1
ORD100453,CUST12078,2025-04-24,Hyderabad,Hyderabad,Lucknow,323.5,Electronics,4,8.3,Express,Blue Dart,2461.18,329.27,5.76,2025-04-26,2025-05-01,2025-05-01,Delivered,5.0,No,No,5,0,7.607975270479134,2790.45,1
ORD100897,CUST11726,2025-05-17,Hyderabad,Hyderabad,Mumbai,356.3,Books,2,2.2,Express,Dtdc,2600.1,319.68,5.24,2025-05-19,2025-05-21,2025-05-21,Delivered,4.0,No,No,2,0,7.297502104967723,2919.7799999999997,1
ORD103699,CUST10286,2025-01-08,Bengaluru,Bengaluru,Kochi,425.0,Electronics,4,5.01,Road,Dtdc,1836.72,287.99,4.34,2025-01-10,2025-01-14,2025-01-20,Delayed,4.0,No,No,10,6,4.321694117647059,2124.71,0
ORD100710,CUST10313,2025-03-27,Hyderabad,Hyderabad,Chennai,104.5,Beauty,7,7.3,Rail,Shadowfax,523.47,74.04,6.62,2025-03-29,2025-04-04,2025-04-04,Delivered,5.0,No,No,6,0,5.009282296650718,597.51,1
ORD104782,CUST12483,2025-12-04,Pune,Pune,Hyderabad,200.3,Automotive,5,1.4,Rail,Shadowfax,741.08,211.16,7.52,2025-12-06,2025-12-12,2025-12-12,Delivered,5.0,Yes,No,6,0,3.6998502246630056,952.24,1
ORD100985,CUST11976,2025-04-12,Delhi,Delhi,Bhopal,656.5,Clothing,4,4.09,Rail,Dtdc,2183.53,498.99,10.53,2025-04-14,2025-04-21,2025-04-23,Delayed,3.0,No,No,9,2,3.326016755521706,2682.5200000000004,0
ORD100969,CUST12579,2025-05-27,Pune,Pune,Ahmedabad,405.8,Electronics,4,1.91,Road,Delhivery,1797.7,274.06,7.0,2025-05-29,2025-06-04,2025-06-04,Delivered,5.0,No,No,6,0,4.430014785608674,2071.76,1
ORD103612,CUST11723,2025-01-19,Hyderabad,Hyderabad,Lucknow,286.5,Clothing,4,2.61,Road,Ecom Express,1347.81,212.46,6.35,2025-01-22,2025-01-26,2025-01-27,Delayed,3.0,No,No,5,1,4.704397905759162,1560.27,0
ORD102680,CUST10416,2025-07-05,Chennai,Chennai,Indore,557.0,Beauty,2,1.26,Road,Delhivery,2339.8,630.88,11.75,2025-07-07,2025-07-13,2025-07-13,Delivered,4.0,No,No,6,0,4.200718132854578,2970.6800000000003,1
ORD100711,CUST12783,2025-12-08,Mumbai,Mumbai,Pune,387.5,Clothing,6,0.6,Road,Dtdc,1718.74,315.61,9.19,2025-12-10,2025-12-16,2025-12-18,Delayed,4.0,No,No,8,2,4.435458064516129,2034.35,0
ORD103992,CUST10063,2025-12-12,Bengaluru,Bengaluru,Mumbai,246.3,Electronics,4,11.73,Road,Shadowfax,1300.38,190.46,4.67,2025-12-14,2025-12-19,2025-12-20,Delayed,4.0,No,Yes,6,1,5.2796589524969555,1490.8400000000001,0
ORD100425,CUST11543,2025-02-26,Pune,Pune,Surat,407.2,Electronics,5,15.39,Road,Dtdc,2019.39,299.77,7.35,2025-02-28,2025-03-05,2025-03-05,Delivered,4.0,No,No,5,0,4.959209233791749,2319.16,1
ORD101601,CUST12044,2025-08-11,Bengaluru,Bengaluru,Visakhapatnam,1113.4,Home & Kitchen,2,4.88,Express,Delhivery,7855.44,913.25,7.16,2025-08-13,2025-08-19,2025-08-19,Delivered,5.0,No,No,6,0,7.055361954373988,8768.689999999999,1
ORD103328,CUST10434,2025-01-14,Bengaluru,Bengaluru,Visakhapatnam,634.8,Beauty,4,0.98,Road,Delhivery,2802.94,432.65,0.0,2025-01-16,2025-01-22,2025-01-22,Delivered,5.0,No,No,6,0,4.415469439193447,3235.59,1
ORD102926,CUST10337,2025-01-28,Pune,Pune,Lucknow,868.0,Books,7,3.61,Rail,Xpressbees,2951.23,697.72,9.57,2025-01-30,2025-02-07,2025-02-11,Delayed,4.0,No,No,12,4,3.4000345622119816,3648.95,0
ORD101571,CUST11447,2025-02-17,Delhi,Delhi,Unknown,568.7,Beauty,1,3.01,Air,Delhivery,5287.6,575.48,10.73,2025-02-20,2025-02-22,2025-02-22,Delivered,3.0,No,No,2,0,9.297696500791279,5863.08,1
ORD104519,CUST11021,2025-04-22,Pune,Pune,Kolkata,328.2,Grocery,2,7.99,Road,Dtdc,1420.61,198.74,8.8,2025-04-24,2025-04-29,2025-04-29,Delivered,5.0,No,No,5,0,4.328488726386349,1619.35,1
ORD101752,CUST12766,2025-01-14,Chennai,Chennai,Ahmedabad,593.2,Books,5,2.24,Road,Xpressbees,2666.67,642.43,8.15,2025-01-17,2025-01-23,2025-01-23,Delivered,4.0,No,No,6,0,4.495397842211733,3309.1,1
ORD104974,CUST11360,2025-06-10,Chennai,Chennai,Bengaluru,398.2,Books,4,0.2,Road,Dtdc,1689.64,276.06,6.96,2025-06-12,2025-06-19,2025-06-24,Delayed,4.0,No,No,12,5,4.243194374686087,1965.7,0
ORD102500,CUST12085,2025-12-13,Pune,Pune,Coimbatore,1302.9,Beauty,1,8.27,Road,Xpressbees,5722.43,1513.37,9.08,2025-12-16,2025-12-24,2025-12-26,Delayed,4.0,No,No,10,2,4.392071532734668,7235.8,0
ORD104995,CUST10782,2025-06-17,Mumbai,Mumbai,Lucknow,422.6,Beauty,1,2.65,Rail,Blue Dart,1535.25,269.51,8.76,2025-06-19,2025-06-25,2025-06-25,Delivered,3.0,No,No,6,0,3.6328679602460956,1804.76,1
ORD104355,CUST11051,2025-02-23,Chennai,Chennai,Coimbatore,516.1,Home & Kitchen,7,4.03,Rail,Delhivery,1815.59,428.72,9.39,2025-02-25,2025-03-03,2025-03-03,Delivered,3.0,No,No,6,0,3.5179035070722726,2244.31,1
ORD101789,CUST10347,2025-11-06,Hyderabad,Hyderabad,Coimbatore,249.4,Grocery,1,6.41,Road,Blue Dart,1268.91,157.92,8.63,2025-11-08,2025-11-12,2025-11-12,Delivered,4.0,No,No,4,0,5.08785084202085,1426.8300000000002,1
ORD101769,CUST12697,2025-05-01,Delhi,Delhi,Lucknow,386.0,Books,4,5.97,Road,Xpressbees,1804.38,408.67,10.01,2025-05-03,2025-05-06,2025-05-06,Delivered,4.0,No,No,3,0,4.674559585492228,2213.05,1
ORD101301,CUST12784,2025-06-18,Delhi,Delhi,Jaipur,365.3,Clothing,2,0.81,Air,Xpressbees,3282.84,335.91,10.03,2025-06-21,2025-06-23,2025-06-23,Delivered,5.0,No,No,2,0,8.98669586641117,3618.75,1
ORD103371,CUST11377,2025-10-14,Mumbai,Mumbai,Visakhapatnam,1287.4,Books,1,4.49,Rail,Xpressbees,4161.17,935.23,12.69,2025-10-17,2025-10-25,2025-10-26,Delayed,4.0,No,No,9,1,3.2322277458443374,5096.4,0
ORD103280,CUST12018,2025-03-30,Delhi,Delhi,Chennai,455.2,Grocery,7,11.8,Road,Dtdc,2077.42,300.91,12.09,2025-04-01,2025-04-06,2025-04-10,Delayed,3.0,No,No,9,4,4.563752196836556,2378.33,0
ORD100578,CUST12793,2025-10-15,Mumbai,Mumbai,Surat,391.3,Home & Kitchen,5,4.27,Air,Dtdc,3669.57,305.73,10.65,2025-10-18,2025-10-21,2025-10-21,Delivered,4.0,No,No,3,0,9.377894198824432,3975.3,1
ORD101478,CUST11612,2025-01-02,Pune,Pune,Lucknow,400.9,Beauty,5,6.17,Road,Blue Dart,1891.62,480.46,7.25,2025-01-04,2025-01-10,2025-01-13,Delayed,3.0,No,No,9,3,4.718433524569718,2372.08,0
ORD102624,CUST11092,2025-01-12,Pune,Pune,Nagpur,330.6,Sports,1,13.1,Road,Dtdc,1637.26,223.22,8.7,2025-01-14,2025-01-19,2025-01-19,Delivered,4.0,No,No,5,0,4.952389594676346,1860.48,1
ORD104508,CUST12361,2025-07-10,Chennai,Chennai,Ahmedabad,186.2,Sports,4,1.52,Road,Xpressbees,1041.53,238.11,10.32,2025-07-12,2025-07-16,2025-07-16,Delivered,4.0,No,No,4,0,5.593609022556391,1279.6399999999999,1
ORD100330,CUST11079,2025-11-26,Pune,Pune,Vijayawada,346.7,Grocery,1,3.04,Road,Dtdc,1560.77,281.84,5.96,2025-11-28,2025-12-03,2025-12-03,Delivered,5.0,No,No,5,0,4.50178828958754,1842.61,1
ORD101133,CUST11277,2025-03-28,Bengaluru,Bengaluru,Coimbatore,997.3,Sports,7,5.03,Express,Dtdc,7268.46,846.98,7.54,2025-03-30,2025-04-05,2025-04-05,Delivered,5.0,No,No,6,0,7.28813797252582,8115.4400000000005,1
ORD104298,CUST10931,2025-11-15,Pune,Pune,Surat,311.3,Books,4,7.8,Rail,Xpressbees,0.0,316.38,4.61,2025-11-17,2025-11-24,2025-11-25,Delayed,4.0,No,No,8,1,0.0,316.38,0
ORD103828,CUST10121,2025-09-18,Chennai,Chennai,Coimbatore,642.6,Grocery,3,2.35,Road,Delhivery,2817.03,627.89,8.81,2025-09-19,2025-09-25,2025-09-25,Delivered,5.0,No,No,6,0,4.383800186741364,3444.92,1
ORD101918,CUST12129,2025-09-05,Bengaluru,Bengaluru,Indore,230.3,Grocery,3,6.88,Rail,Blue Dart,798.25,249.44,7.24,2025-09-08,2025-09-13,2025-09-13,Delivered,4.0,No,No,5,0,3.4661311333043856,1047.69,1
ORD100004,CUST10682,2025-10-29,Hyderabad,Hyderabad,Bengaluru,60.2,Electronics,7,3.45,Air,Xpressbees,549.01,59.24,6.74,2025-11-01,2025-11-03,2025-11-06,Delayed,4.0,No,No,5,3,9.119767441860464,608.25,0
ORD103394,CUST11669,2025-02-16,Bengaluru,Bengaluru,Hyderabad,84.7,Electronics,7,4.73,Express,Xpressbees,700.98,130.43,9.22,2025-02-17,2025-02-19,2025-02-19,Delivered,5.0,No,Yes,2,0,8.27603305785124,831.4100000000001,1
ORD101061,CUST11168,2025-08-30,Hyderabad,Hyderabad,Lucknow,818.1,Home & Kitchen,2,5.38,Air,Ecom Express,7340.22,827.25,7.96,2025-09-01,2025-09-05,2025-09-06,Delayed,3.0,No,No,5,1,8.972277227722772,8167.47,0
ORD102626,CUST10115,2025-02-03,Pune,Pune,Nagpur,1162.3,Books,4,2.87,Road,Dtdc,5019.09,999.64,9.65,2025-02-05,2025-02-13,2025-02-18,Delayed,3.0,No,No,13,5,4.318239697152198,6018.7300000000005,0
ORD104435,CUST11756,2025-06-30,Bengaluru,Bengaluru,Kochi,399.8,Books,5,7.55,Rail,Ecom Express,1447.68,278.26,4.85,2025-07-01,2025-07-06,2025-07-11,Delayed,4.0,No,No,10,5,3.6210105052526265,1725.94,0
ORD103926,CUST11723,2025-07-28,Mumbai,Mumbai,Nagpur,827.3,Electronics,6,2.92,Road,Dtdc,3469.3,547.91,11.28,2025-07-31,2025-08-07,2025-08-10,Delayed,4.0,No,No,10,3,4.193521092711229,4017.21,0
ORD103426,CUST10312,2025-06-15,Hyderabad,Hyderabad,Bhopal,448.2,Automotive,2,3.31,Express,Ecom Express,3158.1,428.73,3.12,2025-06-16,2025-06-20,2025-06-20,Delivered,4.0,No,No,4,0,7.046184738955823,3586.83,1
ORD102819,CUST10429,2025-07-25,Pune,Pune,Vijayawada,129.6,Electronics,6,1.08,Air,Delhivery,1332.42,177.43,12.63,2025-07-28,2025-07-30,2025-08-02,Delayed,3.0,No,No,5,3,10.28101851851852,1509.8500000000001,0
ORD104123,CUST11282,2025-01-11,Pune,Pune,Nagpur,507.6,Electronics,6,4.85,Road,Delhivery,2234.21,576.74,7.96,2025-01-12,2025-01-17,2025-01-17,Delivered,5.0,No,No,5,0,4.401516942474389,2810.95,1
ORD104482,CUST12237,2025-02-21,Mumbai,Mumbai,Bengaluru,1078.9,Electronics,4,2.59,Rail,Delhivery,3448.46,972.64,12.74,2025-02-24,2025-03-04,2025-03-06,Delayed,3.0,No,No,10,2,3.1962739827602187,4421.1,0
ORD102309,CUST10198,2025-09-02,Mumbai,Mumbai,Lucknow,442.1,Grocery,6,5.51,Rail,Blue Dart,1572.23,374.91,8.59,2025-09-04,2025-09-10,2025-09-10,Delivered,4.0,No,No,6,0,3.5562768604388144,1947.14,1
ORD102288,CUST12553,2025-06-23,Delhi,Delhi,Kochi,247.2,Clothing,2,3.54,Air,Ecom Express,2194.08,189.09,10.64,2025-06-26,2025-06-28,2025-06-29,Delayed,4.0,No,No,3,1,8.875728155339806,2383.17,0
ORD100970,CUST11219,2025-11-27,Mumbai,Mumbai,Bengaluru,521.6,Sports,7,0.51,Air,Blue Dart,4907.71,480.25,11.13,2025-11-30,2025-12-03,2025-12-05,Delayed,4.0,No,No,5,2,9.408953220858896,5387.96,0
ORD100058,CUST10409,2025-07-10,Bengaluru,Bengaluru,Indore,531.6,Beauty,1,21.39,Road,Delhivery,2473.49,399.25,7.0,2025-07-12,2025-07-18,2025-07-18,Delivered,4.0,No,No,6,0,4.652915726109857,2872.74,1
ORD100315,CUST12422,2025-10-17,Hyderabad,Hyderabad,Visakhapatnam,486.9,Grocery,2,10.38,Road,Xpressbees,2222.27,330.32,6.23,2025-10-19,2025-10-23,2025-10-23,Delivered,4.0,No,No,4,0,4.564119942493325,2552.59,1
ORD102085,CUST10086,2025-12-07,Hyderabad,Hyderabad,Nagpur,124.3,Electronics,4,7.45,Road,Dtdc,684.27,172.86,9.14,2025-12-09,2025-12-14,2025-12-14,Delivered,5.0,No,No,5,0,5.504987932421561,857.13,1
ORD104979,CUST12767,2025-12-15,Delhi,Delhi,Lucknow,805.5,Sports,7,1.25,Rail,Dtdc,2766.63,694.34,11.57,2025-12-17,2025-12-25,2025-12-25,Delivered,4.0,No,No,8,0,3.4346741154562386,3460.9700000000003,1
ORD104540,CUST11171,2025-09-15,Delhi,Delhi,Vijayawada,235.4,Automotive,5,4.98,Air,Ecom Express,2343.04,158.57,14.7,2025-09-18,2025-09-20,2025-09-20,Delivered,4.0,No,No,2,0,9.953440951571793,2501.61,1
ORD104247,CUST11322,2025-03-25,Bengaluru,Bengaluru,Mumbai,724.4,Beauty,6,6.84,Road,Shadowfax,3223.56,706.09,7.33,2025-03-28,2025-04-02,2025-04-02,Delivered,4.0,No,No,5,0,4.44997239094423,3929.65,1
ORD100216,CUST11959,2025-06-29,Hyderabad,Hyderabad,Kochi,440.5,Sports,4,3.28,Rail,Xpressbees,1529.89,467.71,6.2,2025-07-01,2025-07-08,2025-07-13,Delayed,4.0,No,No,12,5,3.4730760499432467,1997.6000000000001,0
ORD104116,CUST12728,2025-02-18,Bengaluru,Bengaluru,Hyderabad,98.6,Grocery,2,0.79,Road,Dtdc,355.18,130.51,7.08,2025-02-20,2025-02-25,2025-02-25,Delivered,4.0,No,No,5,0,3.6022312373225156,485.69,1
ORD101438,CUST10909,2025-10-20,Mumbai,Mumbai,Hyderabad,571.5,Home & Kitchen,5,4.14,Road,Shadowfax,2491.43,614.7,7.9,2025-10-22,2025-10-28,2025-10-28,Delivered,5.0,No,No,6,0,4.359457567804024,3106.13,1
ORD102617,CUST11489,2025-11-20,Mumbai,Mumbai,Vijayawada,406.6,Books,1,9.59,Road,Blue Dart,1928.55,453.6,13.34,2025-11-23,2025-11-28,2025-11-28,Delivered,4.0,No,No,5,0,4.743113625184456,2382.15,1
ORD100644,CUST11218,2025-06-21,Pune,Pune,Visakhapatnam,1013.9,Grocery,6,4.91,Rail,Blue Dart,3317.85,911.86,7.64,2025-06-24,2025-07-01,2025-07-04,Delayed,3.0,No,No,10,3,3.272364138475195,4229.71,0
ORD101800,CUST11640,2025-10-03,Chennai,Chennai,Kolkata,1088.0,Automotive,2,9.74,Road,Shadowfax,4712.56,1152.41,7.93,2025-10-06,2025-10-13,2025-10-13,Delivered,4.0,No,No,7,0,4.33139705882353,5864.97,1
ORD100070,CUST10087,2025-01-10,Hyderabad,Hyderabad,Ahmedabad,549.2,Home & Kitchen,7,7.75,Road,Xpressbees,2607.37,363.73,6.56,2025-01-12,2025-01-18,2025-01-20,Delayed,2.0,No,No,8,2,4.74757829570284,2971.1,0
ORD101348,CUST12586,2025-02-19,Bengaluru,Bengaluru,Visakhapatnam,437.7,Electronics,2,4.52,Express,Ecom Express,3144.57,300.89,10.67,2025-02-21,2025-02-24,2025-02-27,Delayed,3.0,No,No,6,3,7.1843043180260455,3445.46,0
ORD100331,CUST12478,2025-02-08,Delhi,Delhi,Bengaluru,332.8,Beauty,4,8.4,Express,Dtdc,2565.71,259.8,9.83,2025-02-11,2025-02-14,2025-02-14,Delivered,4.0,No,No,3,0,7.709465144230769,2825.51,1
ORD100909,CUST12676,2025-10-02,Mumbai,Mumbai,Indore,94.1,Books,7,8.12,Road,Delhivery,590.67,20.0,8.2,2025-10-04,2025-10-09,2025-10-13,Delayed,4.0,No,Yes,9,4,6.277045696068012,610.67,0
ORD104745,CUST12624,2025-11-06,Hyderabad,Hyderabad,Visakhapatnam,321.7,Home & Kitchen,6,10.8,Road,Blue Dart,1502.3,178.64,5.57,2025-11-08,2025-11-13,2025-11-13,Delivered,5.0,No,No,5,0,4.669878769039478,1680.94,1
ORD103903,CUST12521,2025-07-21,Pune,Pune,Bhopal,264.0,Sports,4,1.13,Rail,Blue Dart,867.75,169.57,10.18,2025-07-24,2025-07-30,2025-07-30,Delivered,4.0,No,No,6,0,3.2869318181818183,1037.32,1
ORD103429,CUST11811,2025-06-25,Bengaluru,Bengaluru,Hyderabad,162.4,Clothing,6,4.84,Road,Delhivery,889.37,120.15,7.06,2025-06-27,2025-07-03,2025-07-03,Delivered,5.0,No,No,6,0,5.476416256157635,1009.52,1
ORD104087,CUST11021,2025-01-21,Delhi,Delhi,Chennai,369.8,Beauty,2,18.27,Rail,Shadowfax,1536.36,305.76,9.48,2025-01-23,2025-01-30,2025-01-31,Delayed,3.0,No,No,8,1,4.154570037858301,1842.12,0
ORD104557,CUST11245,2025-12-06,Bengaluru,Bengaluru,Visakhapatnam,378.0,Sports,4,2.22,Road,Ecom Express,1670.32,398.62,3.29,2025-12-09,2025-12-14,2025-12-14,Delivered,4.0,No,No,5,0,4.418835978835979,2068.94,1
ORD100668,CUST11992,2025-11-26,Delhi,Delhi,Kolkata,231.4,Beauty,5,3.02,Road,Xpressbees,1183.42,277.13,9.73,2025-11-29,2025-12-05,2025-12-05,Delivered,4.0,No,No,6,0,5.114174589455488,1460.5500000000002,1
ORD103406,CUST10469,2025-04-02,Delhi,Delhi,Indore,124.2,Home & Kitchen,3,2.55,Road,Shadowfax,676.11,88.01,11.74,2025-04-04,2025-04-10,2025-04-12,Delayed,3.0,No,No,8,2,5.443719806763285,764.12,0
ORD103831,CUST11057,2025-11-26,Hyderabad,Hyderabad,Nagpur,191.5,Clothing,5,10.69,Road,Blue Dart,1107.05,161.62,7.46,2025-11-28,2025-12-03,2025-12-03,Delivered,5.0,No,No,5,0,5.780939947780679,1268.67,1
ORD100047,CUST11633,2025-05-31,Chennai,Chennai,Surat,261.9,Books,5,7.91,Road,Xpressbees,1321.76,217.52,8.1,2025-06-03,2025-06-09,2025-06-09,Delivered,4.0,No,No,6,0,5.0468117602138225,1539.28,1
ORD101141,CUST10888,2025-04-09,Mumbai,Mumbai,Hyderabad,428.5,Sports,2,6.75,Road,Ecom Express,1843.6,513.5,11.73,2025-04-11,2025-04-18,2025-04-18,Delivered,5.0,No,No,7,0,4.3024504084014,2357.1,1
ORD104818,CUST12021,2025-09-01,Hyderabad,Hyderabad,Ahmedabad,239.2,Home & Kitchen,6,1.22,Air,Shadowfax,2260.14,166.86,9.13,2025-09-04,2025-09-08,2025-09-08,Delivered,5.0,No,No,4,0,9.448745819397994,2427.0,1
ORD104637,CUST11062,2025-04-04,Mumbai,Mumbai,Surat,310.1,Electronics,4,6.1,Air,Delhivery,2992.02,355.83,9.27,2025-04-06,2025-04-09,2025-04-09,Delivered,5.0,No,No,3,0,9.648564979039019,3347.85,1
ORD101628,CUST11961,2025-02-26,Pune,Pune,Chennai,456.8,Sports,1,5.51,Air,Blue Dart,4211.48,395.33,7.37,2025-02-28,2025-03-04,2025-03-04,Delivered,5.0,No,No,4,0,9.219527145359018,4606.8099999999995,1
ORD104349,CUST11733,2025-10-15,Chennai,Chennai,Coimbatore,428.7,Grocery,6,7.3,Express,Blue Dart,3180.59,328.47,7.13,2025-10-17,2025-10-21,2025-10-21,Delivered,3.0,No,No,4,0,7.4191509213902505,3509.0600000000004,1
ORD100968,CUST12129,2025-11-21,Delhi,Delhi,Mumbai,520.9,Books,1,8.06,Road,Xpressbees,2274.68,613.57,9.29,2025-11-24,2025-11-30,2025-11-30,Delivered,4.0,No,No,6,0,4.3668266461892875,2888.25,1
ORD101692,CUST11240,2025-06-04,Bengaluru,Bengaluru,Vijayawada,664.9,Electronics,7,4.13,Rail,Blue Dart,2264.55,530.59,10.41,2025-06-06,2025-06-12,2025-06-12,Delivered,5.0,No,No,6,0,3.4058505038351634,2795.1400000000003,1
ORD103616,CUST12008,2025-03-24,Chennai,Chennai,Bhopal,63.5,Clothing,4,5.49,Road,Xpressbees,274.64,20.0,5.89,2025-03-25,2025-03-30,2025-04-03,Delayed,4.0,No,No,9,4,4.3250393700787395,294.64,0
ORD104088,CUST10601,2025-08-09,Delhi,Delhi,Lucknow,75.4,Clothing,1,5.57,Air,Ecom Express,744.29,52.81,6.58,2025-08-12,2025-08-13,2025-08-13,Delivered,5.0,No,No,1,0,9.871220159151193,797.0999999999999,1
ORD104257,CUST10506,2025-05-07,Hyderabad,Hyderabad,Bhopal,232.4,Home & Kitchen,6,5.52,Road,Ecom Express,1122.69,130.25,6.94,2025-05-09,2025-05-14,2025-05-14,Delivered,4.0,No,No,5,0,4.8308519793459554,1252.94,1
ORD100334,CUST10857,2025-11-05,Pune,Pune,Nagpur,338.3,Books,7,5.41,Air,Ecom Express,3184.51,397.32,8.53,2025-11-07,2025-11-10,2025-11-10,Delivered,4.0,No,No,3,0,9.413272243570795,3581.8300000000004,1
ORD100855,CUST12226,2025-12-26,Bengaluru,Bengaluru,Visakhapatnam,256.5,Electronics,7,6.06,Road,Delhivery,1292.85,315.43,7.66,2025-12-28,2026-01-01,2026-01-03,Delayed,4.0,No,No,6,2,5.040350877192982,1608.28,0
ORD101262,CUST10722,2025-06-22,Pune,Pune,Coimbatore,108.0,Home & Kitchen,2,6.86,Road,Shadowfax,655.11,84.26,8.19,2025-06-24,2025-06-29,2025-06-29,Delivered,4.0,No,No,5,0,6.065833333333334,739.37,1
ORD104279,CUST10387,2025-06-26,Pune,Pune,Kolkata,354.4,Beauty,7,12.27,Road,Xpressbees,1865.85,242.06,11.06,2025-06-29,2025-07-04,2025-07-05,Delayed,3.0,No,No,6,1,5.264813769751693,2107.91,0
ORD100050,CUST11558,2025-01-06,Chennai,Chennai,Visakhapatnam,136.7,Beauty,2,3.2,Road,Xpressbees,555.23,96.38,0.0,2025-01-09,2025-01-12,2025-01-18,Delayed,4.0,No,No,9,6,4.0616678858814925,651.61,0
ORD104488,CUST10178,2025-01-15,Delhi,Delhi,Mumbai,675.6,Sports,1,3.45,Express,Delhivery,4825.9,812.03,9.35,2025-01-17,2025-01-22,2025-01-22,Delivered,4.0,Yes,No,5,0,7.143132030787448,5637.929999999999,1
ORD104991,CUST11002,2025-11-19,Delhi,Delhi,Pune,119.2,Grocery,1,5.91,Road,Blue Dart,592.88,58.55,5.04,2025-11-21,2025-11-25,2025-11-25,Delivered,4.0,No,No,4,0,4.973825503355704,651.43,1
ORD100375,CUST10518,2025-02-02,Pune,Pune,Hyderabad,324.3,Beauty,6,2.1,Road,Shadowfax,1556.63,327.12,7.39,2025-02-04,2025-02-08,2025-02-08,Delivered,5.0,No,No,4,0,4.7999691643539935,1883.75,1
ORD100742,CUST12575,2025-08-13,Bengaluru,Bengaluru,Pune,802.5,Grocery,7,16.62,Road,Shadowfax,3656.18,728.21,7.48,2025-08-15,2025-08-21,2025-08-22,Delayed,4.0,No,No,7,1,4.555987538940809,4384.389999999999,0
ORD103976,CUST10642,2025-06-25,Delhi,Delhi,Chennai,546.3,Home & Kitchen,4,3.19,Road,Dtdc,2338.05,437.74,7.39,2025-06-28,2025-07-03,2025-07-03,Delivered,5.0,No,No,5,0,4.279791323448655,2775.79,1
ORD102699,CUST10712,2025-11-20,Mumbai,Mumbai,Ahmedabad,1245.6,Electronics,6,5.17,Rail,Dtdc,4228.56,1018.23,13.37,2025-11-22,2025-11-30,2025-11-30,Delivered,4.0,No,No,8,0,3.3947976878612725,5246.790000000001,1
ORD104609,CUST12644,2025-04-01,Bengaluru,Bengaluru,Ahmedabad,292.3,Electronics,2,1.9,Road,Dtdc,1369.3,310.04,4.98,2025-04-02,2025-04-07,2025-04-07,Delivered,4.0,No,No,5,0,4.6845706465959625,1679.34,1
ORD102169,CUST10625,2025-09-12,Hyderabad,Hyderabad,Delhi,816.8,Automotive,5,3.42,Rail,Delhivery,2810.1,871.16,8.67,2025-09-14,2025-09-22,2025-09-22,Delivered,5.0,No,No,8,0,3.44037708129285,3681.2599999999998,1
ORD102831,CUST12198,2025-05-12,Bengaluru,Bengaluru,Pune,102.7,Automotive,3,2.41,Road,Ecom Express,549.72,0.0,11.7,2025-05-14,2025-05-18,2025-05-18,Delivered,4.0,No,No,4,0,5.352677702044791,549.72,1
ORD101484,CUST11027,2025-10-24,Hyderabad,Hyderabad,Kochi,235.1,Electronics,6,2.03,Road,Xpressbees,1202.24,263.48,7.13,2025-10-26,2025-10-31,2025-10-31,Delivered,5.0,No,No,5,0,5.113738834538494,1465.72,1
ORD102332,CUST11611,2025-03-06,Bengaluru,Bengaluru,Kochi,681.9,Sports,2,4.66,Road,Xpressbees,2952.65,471.45,6.57,2025-03-08,2025-03-14,2025-03-14,Delivered,5.0,No,No,6,0,4.3300337292858195,3424.1,1
ORD103246,CUST10019,2025-02-17,Pune,Pune,Ahmedabad,691.9,Sports,4,1.86,Road,Blue Dart,3052.29,792.1,7.75,2025-02-19,2025-02-24,2025-02-24,Delivered,5.0,No,Yes,5,0,4.4114611938141355,3844.39,1
ORD103637,CUST10722,2025-12-21,Mumbai,Mumbai,Pune,439.8,Home & Kitchen,2,11.08,Road,Xpressbees,2049.39,289.21,9.26,2025-12-22,2025-12-29,2025-12-29,Delivered,5.0,No,No,7,0,4.659822646657571,2338.6,1
ORD104455,CUST10618,2025-05-04,Hyderabad,Hyderabad,Ahmedabad,397.8,Clothing,6,5.26,Road,Ecom Express,1990.8,410.18,11.02,2025-05-07,2025-05-14,2025-05-14,Delivered,5.0,No,No,7,0,5.004524886877828,2400.98,1
ORD102187,CUST11704,2025-09-16,Mumbai,Mumbai,Kolkata,166.7,Automotive,3,12.39,Road,Ecom Express,998.51,230.7,7.52,2025-09-19,2025-09-23,2025-09-23,Delivered,4.0,No,No,4,0,5.989862027594482,1229.21,1
ORD102693,CUST10647,2025-11-20,Chennai,Chennai,Bhopal,70.7,Clothing,3,1.02,Express,Ecom Express,478.04,26.76,8.13,2025-11-22,2025-11-26,2025-11-26,Delivered,5.0,No,No,4,0,6.761527581329561,504.8,1
ORD104525,CUST11656,2025-04-27,Bengaluru,Bengaluru,Coimbatore,67.7,Beauty,4,7.14,Air,Delhivery,764.89,112.75,6.81,2025-04-28,2025-04-30,2025-04-30,Delivered,3.0,No,No,2,0,11.298227474150664,877.64,1
ORD100864,CUST10957,2025-07-01,Chennai,Chennai,Lucknow,354.0,Books,3,1.25,Air,Xpressbees,3316.7,318.16,8.86,2025-07-03,2025-07-05,2025-07-05,Delivered,5.0,No,No,2,0,9.369209039548021,3634.8599999999997,1
ORD102615,CUST12758,2025-08-26,Mumbai,Mumbai,Pune,662.9,Grocery,6,3.51,Road,Ecom Express,2873.91,601.58,11.84,2025-08-28,2025-09-03,2025-09-03,Delivered,5.0,No,No,6,0,4.335359782772666,3475.49,1
ORD104416,CUST11115,2025-10-17,Mumbai,Mumbai,Visakhapatnam,590.1,Sports,5,4.06,Road,Xpressbees,2590.89,733.31,11.84,2025-10-20,2025-10-26,2025-10-26,Delivered,4.0,No,No,6,0,4.390594814438231,3324.2,1
ORD101737,CUST10583,2025-11-02,Hyderabad,Hyderabad,Bengaluru,467.2,Automotive,2,7.53,Road,Ecom Express,1920.34,429.87,9.09,2025-11-04,2025-11-10,2025-11-10,Delivered,4.0,No,No,6,0,4.110316780821917,2350.21,1
ORD101375,CUST12454,2025-09-29,Bengaluru,Bengaluru,Surat,164.9,Books,7,1.65,Air,Dtdc,1620.16,169.34,9.43,2025-10-02,2025-10-05,2025-10-05,Delivered,5.0,No,No,3,0,9.825106124924197,1789.5,1
ORD103140,CUST10855,2025-04-13,Mumbai,Mumbai,Coimbatore,773.7,Electronics,4,2.9,Road,Shadowfax,3429.48,728.45,9.16,2025-04-15,2025-04-21,2025-04-21,Delivered,5.0,No,No,6,0,4.432570763861961,4157.93,1
ORD100789,CUST10944,2025-07-24,Hyderabad,Hyderabad,Delhi,191.2,Electronics,5,5.25,Road,Blue Dart,1052.26,266.61,6.95,2025-07-26,2025-08-01,2025-08-01,Delivered,4.0,Yes,No,6,0,5.503451882845188,1318.87,1
ORD104780,CUST10870,2025-12-19,Chennai,Chennai,Nagpur,187.8,Books,4,4.27,Road,Xpressbees,871.57,210.92,6.11,2025-12-20,2025-12-24,2025-12-24,Delivered,4.0,No,No,4,0,4.640947816826411,1082.49,1
ORD103447,CUST11381,2025-06-24,Hyderabad,Hyderabad,Kolkata,328.0,Clothing,3,4.58,Road,Xpressbees,1435.72,251.74,4.58,2025-06-27,2025-07-02,2025-07-02,Delivered,4.0,No,No,5,0,4.377195121951219,1687.46,1
ORD100257,CUST12649,2025-07-13,Delhi,Delhi,Bengaluru,592.0,Electronics,3,13.46,Road,Xpressbees,2689.69,608.33,12.08,2025-07-16,2025-07-23,2025-07-29,Delayed,3.0,No,No,13,6,4.5433952702702705,3298.02,0
ORD102448,CUST11968,2025-09-29,Delhi,Delhi,Delhi,338.2,Sports,7,2.79,Rail,Delhivery,1286.39,349.63,12.94,2025-10-02,2025-10-09,2025-10-09,Delivered,4.0,No,No,7,0,3.803636901241869,1636.02,1
ORD101643,CUST11354,2025-10-26,Delhi,Delhi,Bhopal,289.1,Books,1,7.85,Rail,Delhivery,1127.24,357.98,9.85,2025-10-28,2025-11-03,2025-11-03,Delivered,5.0,No,No,6,0,3.899135247319266,1485.22,1
ORD102739,CUST12427,2025-02-12,Chennai,Chennai,Vijayawada,76.0,Home & Kitchen,4,6.59,Road,Shadowfax,571.88,88.35,9.29,2025-02-14,2025-02-19,2025-02-19,Delivered,4.0,No,No,5,0,7.524736842105263,660.23,1
ORD103634,CUST12202,2025-10-06,Hyderabad,Hyderabad,Bhopal,208.5,Beauty,3,4.46,Air,Delhivery,2029.13,143.76,0.0,2025-10-08,2025-10-11,2025-10-11,Delivered,4.0,No,No,3,0,9.732038369304556,2172.8900000000003,1
ORD104338,CUST10579,2025-04-21,Hyderabad,Hyderabad,Delhi,363.4,Clothing,1,2.59,Road,Shadowfax,1645.45,483.77,3.59,2025-04-22,2025-04-27,2025-04-27,Delivered,5.0,No,Yes,5,0,4.527930654925702,2129.2200000000003,1
ORD104078,CUST10658,2025-08-30,Pune,Pune,Delhi,487.6,Sports,3,10.54,Rail,Xpressbees,1751.03,395.66,8.31,2025-09-01,2025-09-08,2025-09-10,Delayed,3.0,No,No,9,2,3.591119770303527,2146.69,0
ORD104090,CUST11274,2025-04-02,Hyderabad,Hyderabad,Ahmedabad,215.8,Beauty,4,4.09,Rail,Xpressbees,830.81,144.06,4.27,2025-04-04,2025-04-11,2025-04-11,Delivered,4.0,No,No,7,0,3.8499073215940682,974.8699999999999,1
ORD101122,CUST10582,2025-07-18,Chennai,Chennai,Mumbai,371.6,Beauty,1,3.26,Rail,Delhivery,1191.57,440.84,6.42,2025-07-20,2025-07-26,2025-07-28,Delayed,4.0,No,No,8,2,3.206593110871905,1632.4099999999999,0
ORD100540,CUST11522,2025-11-14,Bengaluru,Bengaluru,Hyderabad,466.3,Automotive,1,2.68,Air,Shadowfax,4318.7,353.2,8.99,2025-11-16,2025-11-19,2025-11-19,Delivered,5.0,No,No,3,0,9.261634141110871,4671.9,1
ORD104039,CUST12607,2025-07-24,Delhi,Delhi,Coimbatore,384.5,Clothing,3,2.16,Road,Blue Dart,1531.86,404.18,8.19,2025-07-26,2025-08-01,2025-08-05,Delayed,4.0,No,No,10,4,3.9840312093628087,1936.04,0
ORD104618,CUST10652,2025-06-14,Delhi,Delhi,Mumbai,132.2,Electronics,2,5.05,Road,Delhivery,721.72,139.46,6.83,2025-06-17,2025-06-22,2025-06-25,Delayed,5.0,No,No,8,3,5.459304084720122,861.1800000000001,0
ORD101545,CUST12003,2025-06-11,Mumbai,Mumbai,Ahmedabad,530.6,Sports,2,2.89,Air,Dtdc,4842.26,454.71,15.65,2025-06-14,2025-06-17,2025-06-17,Delivered,5.0,No,No,3,0,9.126008292499058,5296.97,1
ORD102222,CUST11543,2025-05-16,Chennai,Chennai,Pune,347.9,Home & Kitchen,2,3.69,Air,Shadowfax,3300.33,277.59,6.88,2025-05-19,2025-05-22,2025-05-22,Delivered,4.0,No,No,3,0,9.48643288301236,3577.92,1
ORD103405,CUST10208,2025-01-12,Chennai,Chennai,Visakhapatnam,588.0,Beauty,4,4.1,Air,Delhivery,5232.35,475.94,6.38,2025-01-14,2025-01-19,2025-01-20,Delayed,4.0,No,No,6,1,8.898554421768708,5708.29,0
ORD101176,CUST11315,2025-08-14,Hyderabad,Hyderabad,Chennai,720.1,Beauty,4,3.67,Rail,Delhivery,2356.12,792.31,6.52,2025-08-16,2025-08-24,2025-08-24,Delivered,5.0,No,No,8,0,3.271934453548118,3148.43,1
ORD104303,CUST11189,2025-09-15,Delhi,Delhi,Surat,52.4,Clothing,5,4.99,Rail,Dtdc,277.47,22.64,9.78,2025-09-18,2025-09-23,2025-09-25,Delayed,3.0,No,Yes,7,2,5.295229007633589,300.11,0
ORD103235,CUST10616,2025-10-31,Hyderabad,Hyderabad,Bhopal,470.3,Electronics,4,2.89,Express,Blue Dart,3434.13,419.6,4.62,2025-11-02,2025-11-05,2025-11-05,Delivered,5.0,No,No,3,0,7.301998724218584,3853.73,1
ORD100782,CUST11465,2025-04-29,Mumbai,Mumbai,Delhi,172.6,Sports,6,1.22,Air,Blue Dart,1707.43,169.16,5.94,2025-05-01,2025-05-04,2025-05-04,Delivered,4.0,No,No,3,0,9.892410196987255,1876.5900000000001,1
ORD102481,CUST12240,2025-04-15,Bengaluru,Bengaluru,Surat,391.9,Home & Kitchen,1,6.26,Air,Dtdc,3627.07,320.18,8.07,2025-04-17,2025-04-19,2025-04-19,Delivered,4.0,No,No,2,0,9.25509058433274,3947.25,1
ORD100647,CUST11510,2025-07-14,Mumbai,Mumbai,Nagpur,171.7,Books,2,10.12,Rail,Delhivery,540.72,173.93,14.49,2025-07-18,2025-07-23,2025-07-23,Delivered,4.0,No,Yes,5,0,3.1492137449039026,714.6500000000001,1
ORD104436,CUST11584,2025-08-05,Bengaluru,Bengaluru,Kochi,535.1,Electronics,2,2.08,Air,Dtdc,4870.59,521.29,6.77,2025-08-06,2025-08-08,2025-08-08,Delivered,4.0,No,No,2,0,9.1022051952906,5391.88,1
ORD101986,CUST10455,2025-01-24,Bengaluru,Bengaluru,Visakhapatnam,761.0,Electronics,2,1.56,Air,Dtdc,6877.73,495.42,11.87,2025-01-27,2025-01-31,2025-01-31,Delivered,5.0,No,No,4,0,9.037752956636005,7373.15,1
ORD102812,CUST12599,2025-01-07,Mumbai,Mumbai,Surat,897.1,Books,5,1.81,Rail,Ecom Express,2864.57,797.32,7.46,2025-01-09,2025-01-16,2025-01-17,Delayed,2.0,No,No,8,1,3.1931445769702376,3661.8900000000003,0
ORD100419,CUST11795,2025-12-15,Mumbai,Mumbai,Delhi,305.1,Books,3,2.7,Air,Shadowfax,2961.56,253.83,10.98,2025-12-18,2025-12-21,2025-12-21,Delivered,5.0,No,No,3,0,9.706850213044902,3215.39,1
ORD104908,CUST10770,2025-10-10,Bengaluru,Bengaluru,Indore,626.9,Sports,2,1.21,Rail,Ecom Express,2145.28,400.2,6.65,2025-10-12,2025-10-19,2025-10-19,Delivered,4.0,No,No,7,0,3.4220449832509177,2545.48,1
ORD104319,CUST10004,2025-08-03,Hyderabad,Hyderabad,Coimbatore,1004.5,Beauty,6,2.04,Road,Shadowfax,4411.94,877.74,8.93,2025-08-05,2025-08-11,2025-08-16,Delayed,4.0,No,Yes,11,5,4.392175211548033,5289.679999999999,0
ORD100169,CUST12413,2025-10-09,Chennai,Chennai,Vijayawada,684.7,Beauty,6,0.65,Express,Delhivery,4925.85,769.9,5.27,2025-10-10,2025-10-13,2025-10-13,Delivered,5.0,No,No,3,0,7.194172630349058,5695.75,1
ORD103530,CUST10257,2025-01-27,Pune,Pune,Indore,504.1,Clothing,1,7.86,Rail,Xpressbees,1824.8,484.33,8.5,2025-01-30,2025-02-05,2025-02-05,Delivered,4.0,No,No,6,0,3.619916683197778,2309.13,1
ORD101582,CUST10711,2025-06-12,Mumbai,Mumbai,Delhi,438.8,Books,3,2.34,Road,Shadowfax,1901.16,511.84,8.96,2025-06-15,2025-06-19,2025-06-19,Delivered,3.0,No,No,4,0,4.332634457611668,2413.0,1
ORD102545,CUST12625,2025-03-16,Chennai,Chennai,Coimbatore,201.8,Beauty,6,5.64,Road,Shadowfax,1078.61,195.67,6.9,2025-03-18,2025-03-23,2025-03-24,Delayed,3.0,No,No,6,1,5.3449454905847364,1274.28,0
ORD101200,CUST11677,2025-10-10,Delhi,Delhi,Hyderabad,134.8,Beauty,6,3.75,Air,Shadowfax,1341.58,82.24,9.72,2025-10-14,2025-10-16,2025-10-16,Delivered,3.0,No,No,2,0,9.952373887240356,1423.82,1
ORD104967,CUST11431,2025-08-30,Pune,Pune,Delhi,1118.1,Clothing,4,9.14,Road,Xpressbees,4938.2,953.14,5.57,2025-09-01,2025-09-09,2025-09-09,Delivered,5.0,No,No,8,0,4.416599588587783,5891.34,1
ORD101559,CUST11639,2025-08-30,Delhi,Delhi,Ahmedabad,384.6,Books,7,6.82,Express,Ecom Express,2959.81,316.84,9.77,2025-09-02,2025-09-06,2025-09-06,Delivered,5.0,No,No,4,0,7.695813832553301,3276.65,1
ORD103675,CUST12260,2025-07-11,Hyderabad,Hyderabad,Ahmedabad,704.2,Beauty,2,7.42,Rail,Shadowfax,2475.58,476.61,7.54,2025-07-13,2025-07-20,2025-07-20,Delivered,5.0,No,No,7,0,3.515450156205623,2952.19,1
ORD101000,CUST12552,2025-05-29,Bengaluru,Bengaluru,Vijayawada,515.2,Home & Kitchen,5,3.94,Road,Blue Dart,2322.49,551.81,7.36,2025-05-31,2025-06-05,2025-06-05,Delivered,5.0,No,No,5,0,4.5079386645962725,2874.2999999999997,1
ORD102652,CUST10945,2025-11-23,Delhi,Delhi,Kochi,377.2,Clothing,5,3.82,Road,Shadowfax,1788.91,331.67,11.15,2025-11-25,2025-11-30,2025-11-30,Delivered,4.0,No,No,5,0,4.742603393425239,2120.58,1
ORD102775,CUST10051,2025-01-08,Bengaluru,Bengaluru,Indore,245.9,Clothing,7,4.11,Air,Ecom Express,2469.35,230.36,8.67,2025-01-10,2025-01-13,2025-01-15,Delayed,4.0,No,No,5,2,10.04209028060187,2699.71,0
ORD103733,CUST10146,2025-06-29,Delhi,Delhi,Pune,314.6,Home & Kitchen,7,6.55,Road,Ecom Express,1460.52,338.48,7.67,2025-07-01,2025-07-06,2025-07-06,Delivered,3.0,Yes,No,5,0,4.642466624284806,1799.0,1
ORD101450,CUST11737,2025-02-19,Bengaluru,Bengaluru,Coimbatore,233.6,Electronics,2,7.96,Road,Blue Dart,1156.7,211.25,7.0,2025-02-21,2025-02-26,2025-02-26,Delivered,4.0,No,No,5,0,4.951626712328768,1367.95,1
ORD103902,CUST10455,2025-08-12,Bengaluru,Bengaluru,Mumbai,308.0,Books,7,3.42,Air,Ecom Express,2921.76,330.3,6.36,2025-08-14,2025-08-16,2025-08-16,Delivered,4.0,No,No,2,0,9.486233766233767,3252.0600000000004,1
ORD101758,CUST11220,2025-06-24,Pune,Pune,Nagpur,77.0,Grocery,1,16.3,Air,Dtdc,1079.54,119.91,9.37,2025-06-27,2025-06-29,2025-07-01,Delayed,3.0,No,No,4,2,14.02,1199.45,0
ORD103787,CUST11728,2025-06-12,Hyderabad,Hyderabad,Ahmedabad,64.9,Beauty,5,12.01,Rail,Ecom Express,400.12,59.43,6.83,2025-06-14,2025-06-20,2025-06-20,Delivered,4.0,No,No,6,0,6.165177195685669,459.55,1
ORD104193,CUST11065,2025-08-21,Hyderabad,Hyderabad,Pune,337.4,Home & Kitchen,2,5.35,Road,Ecom Express,1573.06,386.16,6.52,2025-08-22,2025-08-27,2025-08-27,Delivered,4.0,No,No,5,0,4.6622999407231775,1959.22,1
ORD102263,CUST12081,2025-05-05,Pune,Pune,Mumbai,758.1,Automotive,5,10.16,Rail,Ecom Express,2580.21,605.18,8.49,2025-05-07,2025-05-14,2025-05-14,Delivered,4.0,No,No,7,0,3.403521962801741,3185.39,1
ORD100587,CUST12289,2025-04-15,Chennai,Chennai,Kolkata,55.2,Clothing,7,2.56,Rail,Shadowfax,371.85,27.96,5.91,2025-04-17,2025-04-23,2025-04-23,Delivered,4.0,No,No,6,0,6.736413043478261,399.81,1
ORD100814,CUST10807,2025-01-30,Bengaluru,Bengaluru,Coimbatore,383.6,Books,1,1.64,Air,Dtdc,3540.25,319.21,8.68,2025-02-01,2025-02-04,2025-02-04,Delivered,4.0,No,No,3,0,9.229014598540145,3859.46,1
ORD101946,CUST12399,2025-02-28,Mumbai,Mumbai,Coimbatore,104.8,Electronics,1,4.51,Road,Ecom Express,541.65,166.84,10.71,2025-03-03,2025-03-08,2025-03-13,Delayed,3.0,No,No,10,5,5.168416030534351,708.49,0
ORD104901,CUST11144,2025-02-06,Hyderabad,Hyderabad,Delhi,239.1,Clothing,3,2.34,Road,Dtdc,1107.95,175.88,5.87,2025-02-07,2025-02-11,2025-02-13,Delayed,3.0,No,No,6,2,4.63383521539105,1283.83,0
ORD103187,CUST12505,2025-03-22,Chennai,Chennai,Visakhapatnam,542.8,Books,1,5.73,Rail,Delhivery,1813.3,462.1,3.76,2025-03-23,2025-03-30,2025-03-30,Delivered,5.0,No,No,7,0,3.3406411201179074,2275.4,1
ORD103245,CUST10533,2025-03-15,Chennai,Chennai,Lucknow,424.0,Clothing,1,5.07,Road,Delhivery,1819.72,433.56,5.63,2025-03-16,2025-03-22,2025-03-22,Delivered,4.0,No,No,6,0,4.2917924528301885,2253.28,1
ORD104421,CUST10842,2025-03-10,Mumbai,Mumbai,Kochi,199.7,Clothing,5,7.57,Express,Delhivery,1513.83,182.17,10.39,2025-03-12,2025-03-14,2025-03-14,Delivered,5.0,No,No,2,0,7.580520781171757,1696.0,1
ORD101335,CUST11022,2025-11-03,Chennai,Chennai,Kochi,83.7,Sports,1,4.8,Air,Shadowfax,846.72,84.67,11.05,2025-11-05,2025-11-07,2025-11-07,Delivered,4.0,No,No,2,0,10.116129032258064,931.39,1
ORD101781,CUST10960,2025-08-16,Bengaluru,Bengaluru,Ahmedabad,172.6,Home & Kitchen,6,1.82,Road,Delhivery,862.93,0.0,7.96,2025-08-19,2025-08-24,2025-08-24,Delivered,5.0,No,No,5,0,4.999594438006953,862.93,1
ORD104176,CUST12680,2025-06-29,Mumbai,Mumbai,Bengaluru,381.6,Electronics,2,8.3,Road,Ecom Express,1732.08,0.0,10.53,2025-07-02,2025-07-07,2025-07-08,Delayed,5.0,No,No,6,1,4.538993710691823,1732.08,0
ORD101750,CUST10533,2025-06-29,Pune,Pune,Surat,232.3,Home & Kitchen,6,14.94,Road,Dtdc,1321.15,191.74,7.63,2025-07-02,2025-07-07,2025-07-07,Delivered,5.0,No,No,5,0,5.687257856220405,1512.89,1
ORD102329,CUST12553,2025-05-03,Mumbai,Mumbai,Coimbatore,220.9,Sports,4,0.96,Rail,Dtdc,679.32,203.02,10.4,2025-05-06,2025-05-10,2025-05-10,Delivered,4.0,No,No,4,0,3.0752376641014036,882.34,1
ORD101267,CUST11898,2025-05-04,Pune,Pune,Bengaluru,234.8,Beauty,4,3.7,Road,Delhivery,1145.91,204.6,8.22,2025-05-05,2025-05-11,2025-05-11,Delivered,3.0,No,No,6,0,4.880366269165247,1350.51,1
ORD101101,CUST11420,2025-05-13,Hyderabad,Hyderabad,Bhopal,954.0,Sports,7,2.16,Road,Ecom Express,4147.2,770.86,5.85,2025-05-15,2025-05-22,2025-05-22,Delivered,5.0,No,No,7,0,4.347169811320755,4918.0599999999995,1
ORD102267,CUST11625,2025-05-03,Hyderabad,Hyderabad,Chennai,356.9,Sports,5,9.84,Road,Blue Dart,1719.83,344.11,6.54,2025-05-06,2025-05-10,2025-05-10,Delivered,4.0,No,No,4,0,4.818800784533483,2063.94,1
ORD104667,CUST10573,2025-07-18,Hyderabad,Hyderabad,Bengaluru,384.3,Clothing,5,3.27,Road,Shadowfax,1844.69,364.15,6.59,2025-07-21,2025-07-26,2025-07-26,Delivered,5.0,No,No,5,0,4.800130106687484,2208.84,1
ORD101012,CUST11245,2025-06-27,Delhi,Delhi,Chennai,468.3,Beauty,5,9.72,Rail,Xpressbees,1753.46,542.69,8.52,2025-06-29,2025-07-06,2025-07-06,Delivered,4.0,No,No,7,0,3.7443092035020284,2296.15,1
ORD100871,CUST11189,2025-06-22,Bengaluru,Bengaluru,Surat,437.7,Home & Kitchen,7,2.32,Express,Ecom Express,3178.56,524.32,8.56,2025-06-24,2025-06-29,2025-06-30,Delayed,3.0,No,No,6,1,7.261960246744345,3702.88,0
ORD104186,CUST12346,2025-05-07,Pune,Pune,Coimbatore,808.4,Books,1,2.93,Rail,Dtdc,2555.09,824.3,6.74,2025-05-09,2025-05-17,2025-05-17,Delivered,5.0,No,No,8,0,3.160675408213756,3379.3900000000003,1
ORD104670,CUST10004,2025-08-13,Mumbai,Mumbai,Surat,146.2,Electronics,2,3.98,Air,Delhivery,1349.58,134.12,9.05,2025-08-16,2025-08-19,2025-08-19,Delivered,4.0,No,No,3,0,9.231053351573188,1483.6999999999998,1
ORD104032,CUST12153,2025-11-18,Bengaluru,Bengaluru,Mumbai,310.5,Automotive,5,6.25,Rail,Shadowfax,1111.6,241.72,6.68,2025-11-20,2025-11-26,2025-11-26,Delivered,5.0,No,No,6,0,3.5800322061191623,1353.32,1
ORD100364,CUST11272,2025-04-28,Chennai,Chennai,Nagpur,406.4,Electronics,1,4.39,Road,Ecom Express,1763.4,405.12,5.41,2025-04-30,2025-05-05,2025-05-05,Delivered,4.0,No,No,5,0,4.3390748031496065,2168.52,1
ORD102377,CUST11037,2025-03-17,Bengaluru,Bengaluru,Nagpur,598.0,Home & Kitchen,4,4.26,Air,Shadowfax,5620.09,669.69,12.12,2025-03-20,2025-03-24,2025-03-24,Delivered,5.0,No,No,4,0,9.39814381270903,6289.780000000001,1
ORD104493,CUST10853,2025-05-09,Bengaluru,Bengaluru,Ahmedabad,186.5,Automotive,7,3.82,Express,Dtdc,1511.34,142.39,6.57,2025-05-10,2025-05-13,2025-05-13,Delivered,4.0,No,No,3,0,8.103699731903484,1653.73,1
ORD104248,CUST10046,2025-11-07,Pune,Pune,Bhopal,256.3,Electronics,4,3.71,Road,Ecom Express,1183.27,167.14,10.32,2025-11-10,2025-11-15,2025-11-17,Delayed,3.0,No,No,7,2,4.616738197424892,1350.4099999999999,0
ORD101995,CUST11626,2025-01-28,Delhi,Delhi,Vijayawada,546.7,Automotive,1,1.26,Air,Ecom Express,4898.56,493.6,9.92,2025-01-31,2025-02-03,2025-02-03,Delivered,4.0,No,No,3,0,8.960234132065118,5392.160000000001,1
ORD103340,CUST10480,2025-05-09,Mumbai,Mumbai,Kochi,493.1,Home & Kitchen,4,3.31,Rail,Ecom Express,1646.68,534.01,10.05,2025-05-10,2025-05-17,2025-05-17,Delivered,4.0,No,No,7,0,3.339444331778544,2180.69,1
ORD101520,CUST11991,2025-03-06,Pune,Pune,Visakhapatnam,516.2,Automotive,3,2.82,Road,Dtdc,2212.05,520.0,11.09,2025-03-09,2025-03-15,2025-03-15,Delivered,5.0,No,No,6,0,4.28525765207284,2732.05,1
ORD104394,CUST10188,2025-04-26,Delhi,Delhi,Mumbai,206.7,Clothing,4,3.51,Road,Ecom Express,962.52,202.48,8.65,2025-04-28,2025-05-04,2025-05-05,Delayed,4.0,No,No,7,1,4.656603773584906,1165.0,0
ORD102499,CUST12417,2025-01-24,Delhi,Delhi,Ahmedabad,197.9,Beauty,2,6.04,Road,Shadowfax,1018.72,0.0,9.64,2025-01-26,2025-02-01,2025-02-01,Delivered,4.0,No,No,6,0,5.147650328448711,1018.72,1
ORD103287,CUST12178,2025-09-23,Mumbai,Mumbai,Kolkata,240.5,Books,7,6.91,Road,Xpressbees,1114.57,287.37,11.25,2025-09-25,2025-09-29,2025-09-29,Delivered,4.0,No,No,4,0,4.634386694386694,1401.94,1
ORD101048,CUST12577,2025-04-13,Pune,Pune,Bhopal,333.3,Automotive,6,2.31,Road,Ecom Express,1491.54,332.52,8.0,2025-04-16,2025-04-21,2025-04-21,Delivered,4.0,No,No,5,0,4.475067506750674,1824.06,1
ORD100129,CUST10751,2025-10-08,Bengaluru,Bengaluru,Surat,565.4,Books,4,14.9,Road,Shadowfax,2543.25,390.34,9.41,2025-10-10,2025-10-16,2025-10-16,Delivered,4.0,No,No,6,0,4.498142907675982,2933.59,1
ORD102269,CUST10505,2025-09-16,Pune,Pune,Kochi,412.0,Automotive,4,0.9,Road,Blue Dart,1770.75,306.62,8.1,2025-09-17,2025-09-22,2025-09-22,Delivered,4.0,No,No,5,0,4.297936893203883,2077.37,1
ORD102178,CUST12703,2025-04-12,Chennai,Chennai,Unknown,379.2,Beauty,2,1.92,Air,Blue Dart,3658.8,326.24,9.8,2025-04-14,2025-04-17,2025-04-17,Delivered,5.0,No,No,3,0,9.648734177215191,3985.04,1
ORD101554,CUST10800,2025-01-26,Hyderabad,Hyderabad,Indore,141.6,Sports,7,1.71,Road,Blue Dart,632.05,91.69,5.67,2025-01-27,2025-02-02,2025-02-02,Delivered,5.0,No,No,6,0,4.463629943502824,723.74,1
ORD103501,CUST12485,2025-05-07,Hyderabad,Hyderabad,Bengaluru,547.1,Automotive,4,7.04,Rail,Blue Dart,1918.76,585.42,8.94,2025-05-09,2025-05-17,2025-05-20,Delayed,5.0,Yes,Yes,11,3,3.5071467738987385,2504.18,0
ORD103940,CUST11785,2025-07-16,Chennai,Chennai,Nagpur,389.7,Home & Kitchen,1,1.98,Road,Dtdc,1702.31,311.64,5.55,2025-07-18,2025-07-23,2025-07-27,Delayed,4.0,Yes,Yes,9,4,4.368257634077495,2013.9499999999998,0
ORD104120,CUST10524,2025-07-13,Mumbai,Mumbai,Jaipur,141.7,Clothing,3,2.29,Road,Dtdc,813.67,170.61,9.92,2025-07-16,2025-07-20,2025-07-20,Delivered,4.0,No,No,4,0,5.742201834862385,984.28,1
ORD103484,CUST11637,2025-02-27,Pune,Pune,Visakhapatnam,221.2,Sports,2,8.96,Road,Blue Dart,1145.42,280.62,10.0,2025-03-01,2025-03-05,2025-03-05,Delivered,4.0,No,No,4,0,5.178209764918626,1426.04,1
ORD103418,CUST10606,2025-11-29,Delhi,Delhi,Nagpur,303.4,Beauty,3,1.04,Road,Blue Dart,1454.06,190.11,6.73,2025-12-02,2025-12-07,2025-12-14,Delayed,3.0,No,No,12,7,4.792551087673039,1644.17,0
ORD101772,CUST10412,2025-05-06,Pune,Pune,Delhi,773.8,Grocery,6,9.29,Rail,Blue Dart,2652.11,751.59,7.04,2025-05-09,2025-05-15,2025-05-15,Delivered,3.0,No,No,6,0,3.427384337037995,3403.7000000000003,1
ORD100326,CUST12791,2025-11-23,Hyderabad,Hyderabad,Nagpur,271.1,Automotive,2,2.88,Air,Shadowfax,2547.51,231.02,9.53,2025-11-25,2025-11-29,2025-11-29,Delivered,5.0,No,No,4,0,9.396938399114719,2778.53,1
ORD102051,CUST11870,2025-09-08,Hyderabad,Hyderabad,Chennai,373.9,Clothing,4,3.32,Road,Delhivery,1706.22,289.7,6.21,2025-09-10,2025-09-13,2025-09-13,Delivered,4.0,No,No,3,0,4.5633056967103505,1995.92,1
ORD100621,CUST11767,2025-09-05,Mumbai,Mumbai,Delhi,412.4,Automotive,1,4.24,Road,Delhivery,1873.91,398.08,12.04,2025-09-08,2025-09-13,2025-09-13,Delivered,4.0,No,No,5,0,4.543913676042678,2271.9900000000002,1
ORD102596,CUST10952,2025-04-03,Delhi,Delhi,Hyderabad,266.6,Clothing,1,2.6,Road,Dtdc,1154.53,188.82,9.73,2025-04-06,2025-04-10,2025-04-10,Delivered,5.0,No,No,4,0,4.330570142535634,1343.35,1
ORD103164,CUST10505,2025-09-07,Mumbai,Mumbai,Hyderabad,259.7,Sports,2,2.32,Road,Dtdc,1173.39,277.4,10.29,2025-09-10,2025-09-17,2025-09-17,Delivered,4.0,No,No,7,0,4.518251829033501,1450.79,1
ORD103852,CUST11762,2025-07-02,Hyderabad,Hyderabad,Kolkata,660.6,Sports,1,13.62,Rail,Delhivery,2228.02,451.94,8.43,2025-07-04,2025-07-11,2025-07-11,Delivered,5.0,No,No,7,0,3.3727217680896153,2679.96,1
ORD100128,CUST10573,2025-08-18,Hyderabad,Hyderabad,Surat,261.1,Grocery,5,5.58,Rail,Ecom Express,800.49,325.72,6.53,2025-08-20,2025-08-26,2025-08-26,Delivered,5.0,No,No,6,0,3.065836844121026,1126.21,1
ORD101285,CUST11820,2025-11-20,Bengaluru,Bengaluru,Visakhapatnam,297.9,Home & Kitchen,2,6.54,Express,Delhivery,2275.72,236.05,6.89,2025-11-22,2025-11-26,2025-11-26,Delivered,4.0,No,No,4,0,7.639207787848271,2511.77,1
ORD102572,CUST10528,2025-02-24,Pune,Pune,Lucknow,609.0,Home & Kitchen,1,0.98,Express,Xpressbees,4337.61,519.65,9.52,2025-02-25,2025-02-27,2025-02-27,Delivered,5.0,No,No,2,0,7.122512315270935,4857.259999999999,1
ORD100307,CUST10117,2025-06-06,Hyderabad,Hyderabad,Ahmedabad,580.3,Books,6,10.37,Air,Blue Dart,5504.62,422.93,5.39,2025-06-08,2025-06-12,2025-06-12,Delivered,5.0,No,No,4,0,9.485817680510081,5927.55,1
ORD102891,CUST10597,2025-02-20,Delhi,Delhi,Nagpur,83.2,Home & Kitchen,5,10.62,Road,Xpressbees,531.79,38.73,8.18,2025-02-22,2025-02-27,2025-02-27,Delivered,4.0,No,No,5,0,6.39170673076923,570.52,1
ORD101219,CUST12281,2025-01-02,Chennai,Chennai,Bengaluru,235.9,Automotive,2,9.4,Rail,Ecom Express,910.59,109.99,10.01,2025-01-05,2025-01-11,2025-01-12,Delayed,3.0,No,No,7,1,3.8600678253497245,1020.58,0
ORD104524,CUST11835,2025-09-26,Pune,Pune,Coimbatore,221.0,Grocery,6,15.43,Rail,Delhivery,971.02,279.82,8.27,2025-09-28,2025-10-03,2025-10-05,Delayed,3.0,No,No,7,2,4.393755656108597,1250.84,0
ORD103712,CUST11728,2025-05-23,Chennai,Chennai,Bengaluru,416.8,Clothing,6,6.39,Air,Dtdc,4055.49,336.7,5.53,2025-05-24,2025-05-26,2025-05-30,Delayed,4.0,No,No,6,4,9.730062380038387,4392.19,0
ORD101977,CUST12563,2025-03-03,Hyderabad,Hyderabad,Bengaluru,544.0,Grocery,7,7.64,Express,Delhivery,4065.01,444.09,3.84,2025-03-05,2025-03-09,2025-03-09,Delivered,4.0,No,No,4,0,7.472444852941177,4509.1,1
ORD102465,CUST12496,2025-07-11,Mumbai,Mumbai,Bengaluru,751.6,Home & Kitchen,5,1.65,Express,Ecom Express,5333.77,751.09,10.54,2025-07-14,2025-07-19,2025-07-20,Delayed,4.0,No,No,6,1,7.096554018094731,6084.860000000001,0
ORD101281,CUST11479,2025-04-28,Chennai,Chennai,Jaipur,467.0,Sports,2,4.9,Road,Delhivery,2088.32,323.76,7.11,2025-04-30,2025-05-05,2025-05-05,Delivered,4.0,No,No,5,0,4.471777301927196,2412.08,1
ORD102041,CUST10790,2025-04-17,Mumbai,Mumbai,Nagpur,592.6,Clothing,4,4.52,Air,Xpressbees,5403.53,623.35,11.6,2025-04-20,2025-04-26,2025-04-26,Delivered,5.0,No,No,6,0,9.118342895713802,6026.88,1
ORD104710,CUST10529,2025-12-03,Delhi,Delhi,Lucknow,378.7,Home & Kitchen,4,1.36,Rail,Blue Dart,1351.58,431.96,10.68,2025-12-06,2025-12-13,2025-12-13,Delivered,4.0,No,No,7,0,3.5689992078162134,1783.54,1
ORD102254,CUST12700,2025-01-19,Hyderabad,Hyderabad,Ahmedabad,184.6,Automotive,5,7.84,Rail,Ecom Express,759.63,255.01,2.42,2025-01-21,2025-01-26,2025-01-26,Delivered,4.0,No,No,5,0,4.115005417118093,1014.64,1
ORD104103,CUST11297,2025-03-06,Pune,Pune,Lucknow,464.9,Electronics,7,7.23,Road,Shadowfax,0.0,289.97,6.74,2025-03-08,2025-03-13,2025-03-15,Delayed,4.0,No,No,7,2,0.0,289.97,0
ORD103627,CUST10215,2025-05-11,Pune,Pune,Chennai,70.7,Grocery,2,9.59,Road,Ecom Express,526.22,85.23,7.53,2025-05-13,2025-05-19,2025-05-19,Delivered,4.0,No,No,6,0,7.442998585572843,611.45,1
ORD101029,CUST12396,2025-03-02,Hyderabad,Hyderabad,Bengaluru,242.6,Home & Kitchen,2,2.43,Rail,Blue Dart,870.57,183.67,8.44,2025-03-04,2025-03-09,2025-03-09,Delivered,4.0,No,No,5,0,3.588499587798846,1054.24,1
ORD102940,CUST12115,2025-06-15,Hyderabad,Hyderabad,Kochi,291.9,Beauty,6,11.17,Road,Delhivery,1473.26,321.19,8.48,2025-06-18,2025-06-24,2025-06-30,Delayed,3.0,No,No,12,6,5.047139431312093,1794.45,0
ORD101540,CUST11298,2025-06-20,Pune,Pune,Coimbatore,1003.2,Grocery,1,8.59,Rail,Ecom Express,3289.4,776.0,11.34,2025-06-22,2025-07-01,2025-07-04,Delayed,5.0,No,No,12,3,3.278907496012759,4065.4,0
ORD104397,CUST10920,2025-01-17,Bengaluru,Bengaluru,Ahmedabad,72.8,Books,4,3.9,Road,Xpressbees,458.81,29.06,7.05,2025-01-19,2025-01-24,2025-01-27,Delayed,3.0,No,No,8,3,6.302335164835165,487.87,0
ORD104789,CUST10884,2025-04-23,Delhi,Delhi,Hyderabad,607.3,Sports,3,8.29,Road,Blue Dart,2727.35,572.62,8.94,2025-04-25,2025-04-30,2025-05-01,Delayed,4.0,No,No,6,1,4.4909435205005765,3299.97,0
ORD103247,CUST12778,2025-04-14,Pune,Pune,Jaipur,219.9,Beauty,5,17.46,Road,Dtdc,1445.87,147.21,8.72,2025-04-16,2025-04-22,2025-04-22,Delivered,4.0,No,No,6,0,6.575125056844019,1593.08,1
ORD101004,CUST12156,2025-06-15,Hyderabad,Hyderabad,Bhopal,163.3,Beauty,1,4.63,Rail,Delhivery,536.15,131.92,5.92,2025-06-17,2025-06-23,2025-06-23,Delivered,5.0,No,No,6,0,3.283221065523576,668.0699999999999,1
ORD102376,CUST10615,2025-05-30,Mumbai,Mumbai,Jaipur,302.5,Sports,5,5.54,Express,Xpressbees,2257.56,337.19,9.23,2025-06-01,2025-06-05,2025-06-05,Delivered,5.0,No,No,4,0,7.463008264462809,2594.75,1
ORD101804,CUST12040,2025-11-10,Mumbai,Mumbai,Ahmedabad,153.1,Home & Kitchen,6,4.58,Rail,Xpressbees,728.11,131.53,9.1,2025-11-12,2025-11-19,2025-11-19,Delivered,5.0,No,No,7,0,4.755780535597649,859.64,1
ORD104696,CUST10879,2025-08-22,Delhi,Delhi,Jaipur,935.3,Sports,7,0.95,Road,Delhivery,4037.35,778.73,7.26,2025-08-23,2025-08-31,2025-08-31,Delivered,4.0,No,No,8,0,4.316636373356142,4816.08,1
ORD100648,CUST11080,2025-12-24,Bengaluru,Bengaluru,Visakhapatnam,384.3,Home & Kitchen,2,6.53,Air,Xpressbees,3644.76,442.75,5.97,2025-12-26,2025-12-28,2025-12-28,Delivered,4.0,No,No,2,0,9.484153005464481,4087.51,1
ORD100640,CUST11326,2025-07-24,Bengaluru,Bengaluru,Indore,240.3,Home & Kitchen,6,6.23,Road,Ecom Express,1224.46,256.35,9.5,2025-07-27,2025-08-01,2025-08-07,Delayed,4.0,No,No,11,6,5.095547232625885,1480.81,0
ORD101067,CUST11234,2025-02-07,Mumbai,Mumbai,Delhi,521.1,Electronics,1,2.15,Express,Dtdc,3770.22,670.1,7.64,2025-02-09,2025-02-14,2025-02-14,Delivered,5.0,No,No,5,0,7.235118019573977,4440.32,1
ORD102388,CUST11719,2025-11-22,Chennai,Chennai,Indore,237.9,Home & Kitchen,7,11.94,Rail,Blue Dart,1064.08,311.27,6.84,2025-11-24,2025-11-30,2025-11-30,Delivered,4.0,No,No,6,0,4.472803699033207,1375.35,1
ORD101523,CUST10701,2025-08-08,Pune,Pune,Surat,85.9,Books,4,10.11,Air,Blue Dart,963.25,43.86,7.27,2025-08-10,2025-08-13,2025-08-13,Delivered,4.0,No,Yes,3,0,11.213620488940627,1007.11,1
ORD102959,CUST11674,2025-12-25,Delhi,Delhi,Bengaluru,457.3,Automotive,5,0.83,Air,Dtdc,4124.37,433.06,9.92,2025-12-27,2025-12-30,2026-01-05,Delayed,3.0,No,No,9,6,9.01895910780669,4557.43,0
ORD103855,CUST11124,2025-08-30,Bengaluru,Bengaluru,Chennai,315.1,Clothing,2,14.09,Road,Dtdc,1625.0,317.42,10.52,2025-09-02,2025-09-07,2025-09-09,Delayed,3.0,No,No,7,2,5.157092986353538,1942.42,0
ORD100392,CUST11349,2025-07-23,Pune,Pune,Jaipur,915.9,Electronics,6,9.27,Rail,Dtdc,3187.34,1046.7,9.08,2025-07-25,2025-08-01,2025-08-01,Delivered,5.0,No,No,7,0,3.480008734578011,4234.04,1
ORD101037,CUST11706,2025-11-08,Mumbai,Mumbai,Pune,123.7,Sports,2,12.33,Road,Dtdc,726.72,112.72,10.73,2025-11-11,2025-11-17,2025-11-18,Delayed,4.0,No,No,7,1,5.874858528698464,839.44,0
ORD100873,CUST10329,2025-08-06,Hyderabad,Hyderabad,Nagpur,479.4,Electronics,1,1.92,Road,Shadowfax,2011.7,350.47,7.66,2025-08-08,2025-08-15,2025-08-15,Delivered,4.0,No,No,7,0,4.196287025448478,2362.17,1
ORD102820,CUST12344,2025-04-27,Hyderabad,Hyderabad,Vijayawada,130.0,Home & Kitchen,7,6.36,Road,Shadowfax,633.28,154.92,7.15,2025-04-29,2025-05-02,2025-05-02,Delivered,5.0,No,No,3,0,4.871384615384615,788.1999999999999,1
ORD102973,CUST10113,2025-10-19,Bengaluru,Bengaluru,Chennai,560.9,Beauty,3,10.42,Road,Xpressbees,2475.96,450.81,8.89,2025-10-21,2025-10-27,2025-10-27,Delivered,4.0,No,No,6,0,4.414262791941523,2926.77,1
ORD102454,CUST11220,2025-06-15,Mumbai,Mumbai,Vijayawada,453.4,Electronics,5,3.16,Road,Blue Dart,2074.18,420.65,8.22,2025-06-17,2025-06-23,2025-06-23,Delivered,4.0,No,No,6,0,4.574724305249228,2494.83,1
ORD104008,CUST11615,2025-06-30,Bengaluru,Bengaluru,Vijayawada,353.1,Electronics,4,5.3,Road,Blue Dart,1629.54,281.44,10.29,2025-07-02,2025-07-07,2025-07-07,Delivered,4.0,No,No,5,0,4.614953271028037,1910.98,1
ORD102995,CUST10149,2025-03-14,Pune,Pune,Jaipur,1080.6,Home & Kitchen,3,10.24,Road,Ecom Express,4655.3,940.44,6.19,2025-03-16,2025-03-23,2025-03-26,Delayed,4.0,No,No,10,3,4.308069590967981,5595.74,0
ORD100914,CUST12458,2025-09-09,Hyderabad,Hyderabad,Visakhapatnam,314.7,Sports,2,0.99,Express,Xpressbees,2223.09,258.54,5.91,2025-09-12,2025-09-15,2025-09-19,Delayed,4.0,No,No,7,4,7.06415633937083,2481.63,0
ORD101365,CUST12672,2025-09-15,Delhi,Delhi,Delhi,177.6,Automotive,4,11.34,Rail,Blue Dart,768.15,98.95,7.43,2025-09-18,2025-09-23,2025-09-23,Delivered,4.0,No,No,5,0,4.325168918918919,867.1,1
ORD100726,CUST10796,2025-01-21,Chennai,Chennai,Visakhapatnam,306.0,Beauty,6,2.69,Road,Blue Dart,1460.19,369.29,8.4,2025-01-24,2025-01-28,2025-01-28,Delivered,3.0,No,No,4,0,4.77186274509804,1829.48,1
ORD102098,CUST10967,2025-09-30,Hyderabad,Hyderabad,Chennai,583.3,Grocery,2,5.04,Rail,Ecom Express,2022.6,682.94,7.49,2025-10-02,2025-10-08,2025-10-08,Delivered,5.0,No,No,6,0,3.4675124292816735,2705.54,1
ORD101199,CUST11229,2025-07-12,Bengaluru,Bengaluru,Indore,291.7,Books,3,2.73,Road,Ecom Express,1346.89,274.98,8.83,2025-07-14,2025-07-18,2025-07-20,Delayed,3.0,No,No,6,2,4.6173808707576285,1621.8700000000001,0
ORD101151,CUST12767,2025-09-25,Mumbai,Mumbai,Bhopal,571.4,Sports,5,9.2,Rail,Dtdc,1995.22,653.3,7.47,2025-09-27,2025-10-04,2025-10-10,Delayed,4.0,No,No,13,6,3.4918095904795243,2648.52,0
ORD100280,CUST11597,2025-12-24,Mumbai,Mumbai,Pune,424.2,Automotive,7,4.67,Air,Blue Dart,4021.46,289.83,0.0,2025-12-27,2025-12-29,2026-01-01,Delayed,3.0,No,No,5,3,9.48010372465818,4311.29,0
ORD103118,CUST10773,2025-03-22,Chennai,Chennai,Ahmedabad,340.2,Home & Kitchen,6,3.46,Road,Ecom Express,1537.39,338.44,7.46,2025-03-24,2025-03-27,2025-03-28,Delayed,3.0,No,No,4,1,4.519077013521459,1875.8300000000002,0
ORD100824,CUST12761,2025-09-26,Delhi,Delhi,Mumbai,280.6,Beauty,6,1.53,Road,Shadowfax,1245.11,234.76,10.68,2025-09-29,2025-10-05,2025-10-05,Delivered,4.0,No,No,6,0,4.437312900926585,1479.87,1
ORD101334,CUST10151,2025-02-17,Delhi,Delhi,Visakhapatnam,126.9,Books,4,0.31,Rail,Ecom Express,430.73,122.43,8.13,2025-02-20,2025-02-26,2025-02-26,Delivered,5.0,No,No,6,0,3.39424743892829,553.1600000000001,1
ORD102957,CUST12297,2025-09-26,Delhi,Delhi,Unknown,687.3,Grocery,3,4.25,Express,Ecom Express,4888.58,722.99,10.08,2025-09-28,2025-10-02,2025-10-02,Delivered,5.0,No,No,4,0,7.11273097628401,5611.57,1
ORD102486,CUST11058,2025-09-01,Delhi,Delhi,Bengaluru,335.0,Sports,7,9.57,Road,Ecom Express,1685.13,380.19,11.11,2025-09-04,2025-09-07,2025-09-10,Delayed,4.0,No,No,6,3,5.03023880597015,2065.32,0
ORD100988,CUST11729,2025-05-25,Delhi,Delhi,Hyderabad,458.6,Home & Kitchen,1,21.69,Rail,Delhivery,1846.72,480.89,10.91,2025-05-28,2025-06-06,2025-06-11,Delayed,3.0,No,No,14,5,4.026864369821195,2327.61,0
ORD102044,CUST11610,2025-02-09,Hyderabad,Hyderabad,Kochi,209.5,Electronics,3,12.92,Rail,Blue Dart,930.77,209.64,8.63,2025-02-12,2025-02-18,2025-02-18,Delivered,4.0,No,No,6,0,4.442816229116945,1140.4099999999999,1
ORD100775,CUST10626,2025-07-07,Delhi,Delhi,Vijayawada,464.9,Grocery,3,13.39,Road,Delhivery,2140.06,439.2,9.02,2025-07-09,2025-07-14,2025-07-14,Delivered,3.0,No,No,5,0,4.603269520326952,2579.2599999999998,1
ORD104354,CUST10905,2025-09-20,Chennai,Chennai,Unknown,803.1,Beauty,4,7.01,Rail,Dtdc,2721.66,538.97,5.48,2025-09-21,2025-09-28,2025-09-28,Delivered,5.0,No,No,7,0,3.388942846469929,3260.63,1
ORD103986,CUST11549,2025-05-05,Chennai,Chennai,Bengaluru,121.7,Automotive,4,9.58,Road,Blue Dart,707.15,152.36,8.19,2025-05-08,2025-05-14,2025-05-14,Delivered,5.0,No,No,6,0,5.8105998356614625,859.51,1
ORD102588,CUST11640,2025-03-15,Pune,Pune,Vijayawada,591.7,Grocery,6,5.88,Road,Ecom Express,2537.93,396.24,11.51,2025-03-19,2025-03-25,2025-03-25,Delivered,4.0,No,No,6,0,4.289217508872739,2934.17,1
ORD100522,CUST12789,2025-04-22,Delhi,Delhi,Surat,255.2,Sports,6,9.71,Rail,Shadowfax,1012.18,217.74,8.21,2025-04-23,2025-04-30,2025-04-30,Delivered,4.0,No,No,7,0,3.9662225705329153,1229.92,1
ORD102807,CUST11871,2025-01-26,Chennai,Chennai,Pune,136.0,Beauty,4,1.53,Road,Dtdc,632.44,186.48,9.24,2025-01-30,2025-02-04,2025-02-04,Delivered,4.0,No,Yes,5,0,4.650294117647059,818.9200000000001,1
ORD101143,CUST11024,2025-07-21,Pune,Pune,Hyderabad,534.1,Clothing,5,2.5,Road,Xpressbees,2358.49,490.48,9.33,2025-07-23,2025-07-28,2025-07-28,Delivered,5.0,No,No,5,0,4.415821007302003,2848.97,1
ORD104938,CUST12262,2025-07-02,Hyderabad,Hyderabad,Ahmedabad,277.6,Home & Kitchen,6,3.53,Road,Blue Dart,1295.11,290.45,8.47,2025-07-05,2025-07-10,2025-07-10,Delivered,4.0,No,No,5,0,4.665381844380403,1585.56,1
ORD103180,CUST11645,2025-10-17,Chennai,Chennai,Visakhapatnam,155.1,Home & Kitchen,3,3.26,Road,Shadowfax,785.59,136.88,5.69,2025-10-19,2025-10-23,2025-10-23,Delivered,5.0,No,No,4,0,5.065054803352676,922.47,1
ORD103531,CUST10745,2025-12-05,Chennai,Chennai,Ahmedabad,264.6,Sports,6,8.3,Road,Dtdc,1329.65,283.64,6.22,2025-12-08,2025-12-16,2025-12-21,Delayed,3.0,Yes,No,13,5,5.025132275132275,1613.29,0
ORD100528,CUST12758,2025-02-11,Chennai,Chennai,Bengaluru,482.2,Books,6,0.84,Road,Ecom Express,2148.03,619.32,7.44,2025-02-13,2025-02-18,2025-02-18,Delivered,5.0,No,No,5,0,4.4546453753629205,2767.3500000000004,1
ORD101047,CUST10902,2025-02-04,Pune,Pune,Delhi,536.4,Clothing,1,2.94,Express,Delhivery,3800.36,510.91,8.62,2025-02-06,2025-02-10,2025-02-10,Delivered,5.0,No,No,4,0,7.084936614466816,4311.27,1
ORD100585,CUST10341,2025-01-02,Hyderabad,Hyderabad,Coimbatore,207.7,Sports,6,1.2,Express,Ecom Express,1431.65,201.56,6.95,2025-01-03,2025-01-08,2025-01-08,Delivered,5.0,No,No,5,0,6.892874337987482,1633.21,1
ORD101892,CUST10887,2025-01-04,Bengaluru,Bengaluru,Delhi,475.6,Electronics,4,2.75,Rail,Blue Dart,1549.84,457.22,8.48,2025-01-07,2025-01-13,2025-01-13,Delivered,4.0,No,No,6,0,3.258704793944491,2007.06,1
ORD101505,CUST10839,2025-01-04,Mumbai,Mumbai,Ahmedabad,465.0,Grocery,1,8.35,Road,Dtdc,2119.46,346.15,6.92,2025-01-06,2025-01-12,2025-01-13,Delayed,4.0,No,No,7,1,4.557978494623656,2465.61,0
ORD102850,CUST12567,2025-08-27,Hyderabad,Hyderabad,Bhopal,511.2,Grocery,1,5.57,Air,Dtdc,4686.85,345.88,5.42,2025-08-29,2025-08-31,2025-09-02,Delayed,3.0,Yes,No,4,2,9.168329420970267,5032.7300000000005,0
ORD103588,CUST11289,2025-09-14,Delhi,Delhi,Pune,84.4,Home & Kitchen,4,1.81,Rail,Delhivery,208.79,20.0,5.61,2025-09-16,2025-09-22,2025-09-26,Delayed,4.0,No,No,10,4,2.473815165876777,228.79,0
ORD102227,CUST11643,2025-10-30,Bengaluru,Bengaluru,Chennai,522.7,Grocery,1,4.14,Road,Ecom Express,2301.32,511.94,10.25,2025-11-01,2025-11-07,2025-11-11,Delayed,3.0,No,No,10,4,4.402754926343983,2813.26,0
ORD101905,CUST10726,2025-11-12,Bengaluru,Bengaluru,Ahmedabad,85.9,Beauty,1,14.73,Road,Shadowfax,621.64,123.86,7.04,2025-11-14,2025-11-18,2025-11-18,Delivered,5.0,No,No,4,0,7.236786961583236,745.5,1
ORD104036,CUST11588,2025-02-07,Mumbai,Mumbai,Bhopal,773.7,Beauty,4,2.27,Road,Blue Dart,3432.61,644.95,9.39,2025-02-09,2025-02-17,2025-02-17,Delivered,5.0,No,No,8,0,4.436616259532118,4077.5600000000004,1
ORD100500,CUST10233,2025-01-19,Bengaluru,Bengaluru,Coimbatore,327.5,Books,3,5.66,Road,Shadowfax,1533.02,330.63,7.61,2025-01-22,2025-01-29,2025-01-29,Delivered,5.0,No,No,7,0,4.6809770992366415,1863.65,1
ORD100957,CUST11345,2025-01-06,Pune,Pune,Chennai,423.9,Sports,4,2.26,Road,Blue Dart,1984.51,380.09,9.06,2025-01-08,2025-01-14,2025-01-15,Delayed,3.0,No,No,7,1,4.681552252889833,2364.6,0
ORD103578,CUST11515,2025-05-07,Hyderabad,Hyderabad,Jaipur,507.4,Automotive,1,4.82,Express,Shadowfax,3816.34,400.66,6.38,2025-05-08,2025-05-12,2025-05-13,Delayed,3.0,No,No,5,1,7.5213638155301545,4217.0,0
ORD103566,CUST10493,2025-12-04,Delhi,Delhi,Vijayawada,104.5,Clothing,4,4.22,Express,Blue Dart,858.82,36.07,7.49,2025-12-06,2025-12-09,2025-12-09,Delivered,4.0,No,No,3,0,8.218373205741628,894.8900000000001,1
ORD100001,CUST10893,2025-11-03,Hyderabad,Hyderabad,Lucknow,429.9,Beauty,2,14.57,Express,Delhivery,3358.08,321.05,4.46,2025-11-05,2025-11-08,2025-11-08,Delivered,5.0,No,No,3,0,7.811304954640614,3679.13,1
ORD102073,CUST11440,2025-09-20,Hyderabad,Hyderabad,Nagpur,243.8,Clothing,5,1.59,Road,Dtdc,0.0,217.32,8.54,2025-09-21,2025-09-25,2025-09-25,Delivered,4.0,No,Yes,4,0,0.0,217.32,1
ORD103862,CUST10087,2025-05-12,Bengaluru,Bengaluru,Chennai,600.1,Electronics,3,7.42,Road,Blue Dart,2782.25,702.78,6.64,2025-05-14,2025-05-20,2025-05-24,Delayed,3.0,No,No,10,4,4.636310614897517,3485.0299999999997,0
ORD101471,CUST10821,2025-04-03,Hyderabad,Hyderabad,Surat,128.8,Books,7,6.63,Road,Shadowfax,773.36,82.46,6.9,2025-04-05,2025-04-09,2025-04-10,Delayed,3.0,No,No,5,1,6.004347826086956,855.82,0
ORD104204,CUST11381,2025-08-24,Hyderabad,Hyderabad,Vijayawada,679.6,Automotive,3,1.4,Express,Dtdc,4723.43,460.94,4.88,2025-08-25,2025-08-28,2025-08-28,Delivered,4.0,No,No,3,0,6.950309005297234,5184.37,1
ORD101086,CUST12489,2025-11-13,Bengaluru,Bengaluru,Coimbatore,634.7,Books,1,3.64,Air,Xpressbees,5715.96,661.76,8.47,2025-11-15,2025-11-17,2025-11-17,Delivered,5.0,No,No,2,0,9.005766503860091,6377.72,1
ORD103726,CUST12458,2025-03-17,Hyderabad,Hyderabad,Pune,591.5,Beauty,6,2.61,Road,Shadowfax,2596.9,451.75,8.38,2025-03-20,2025-03-27,2025-03-27,Delivered,5.0,No,No,7,0,4.390363482671175,3048.65,1
ORD104014,CUST11035,2025-07-24,Delhi,Delhi,Visakhapatnam,405.2,Automotive,2,1.37,Rail,Ecom Express,1342.13,309.64,7.45,2025-07-27,2025-08-02,2025-08-02,Delivered,4.0,No,No,6,0,3.3122655478775918,1651.77,1
ORD104772,CUST10971,2025-05-10,Bengaluru,Bengaluru,Nagpur,437.6,Grocery,1,15.18,Road,Blue Dart,2107.2,397.39,9.82,2025-05-12,2025-05-17,2025-05-17,Delivered,4.0,No,No,5,0,4.815356489945155,2504.5899999999997,1
ORD102799,CUST12528,2025-06-19,Delhi,Delhi,Vijayawada,427.7,Grocery,1,2.28,Road,Shadowfax,1725.51,263.59,11.32,2025-06-21,2025-06-26,2025-07-03,Delayed,3.0,No,No,12,7,4.03439326630816,1989.1,0
ORD104898,CUST12404,2025-01-11,Mumbai,Mumbai,Ahmedabad,513.4,Books,2,6.31,Air,Ecom Express,4817.18,557.32,10.18,2025-01-14,2025-01-17,2025-01-19,Delayed,4.0,No,No,5,2,9.382898324892873,5374.5,0
ORD103474,CUST12561,2025-06-29,Hyderabad,Hyderabad,Chennai,633.7,Electronics,2,4.91,Rail,Xpressbees,2154.74,507.42,7.89,2025-07-02,2025-07-07,2025-07-07,Delivered,4.0,No,Yes,5,0,3.400252485403187,2662.16,1
ORD104504,CUST11057,2025-02-28,Mumbai,Mumbai,Coimbatore,895.1,Automotive,4,3.12,Air,Delhivery,8093.14,804.23,12.3,2025-03-03,2025-03-08,2025-03-08,Delivered,4.0,No,No,5,0,9.04160429002346,8897.37,1
ORD102213,CUST10323,2025-05-16,Hyderabad,Hyderabad,Surat,433.1,Electronics,5,6.23,Road,Shadowfax,1884.8,315.27,6.64,2025-05-18,2025-05-23,2025-05-23,Delivered,4.0,No,No,5,0,4.351881782498268,2200.0699999999997,1
ORD100160,CUST11968,2025-01-20,Mumbai,Mumbai,Bhopal,936.5,Clothing,4,5.49,Rail,Blue Dart,3162.93,801.75,10.62,2025-01-22,2025-01-28,2025-01-28,Delivered,5.0,No,No,6,0,3.377394554191137,3964.68,1
ORD104412,CUST10142,2025-11-02,Hyderabad,Hyderabad,Pune,119.6,Books,6,4.27,Road,Delhivery,687.67,52.09,8.68,2025-11-04,2025-11-10,2025-11-10,Delivered,5.0,No,No,6,0,5.749749163879598,739.76,1
ORD101099,CUST10193,2025-08-15,Chennai,Chennai,Lucknow,136.9,Home & Kitchen,3,11.0,Road,Ecom Express,843.47,127.5,9.3,2025-08-17,2025-08-22,2025-08-22,Delivered,4.0,No,Yes,5,0,6.161212563915266,970.97,1
ORD101359,CUST11030,2025-11-18,Delhi,Delhi,Surat,74.9,Sports,3,1.17,Road,Shadowfax,364.28,43.76,10.4,2025-11-20,2025-11-27,2025-11-27,Delivered,4.0,No,No,7,0,4.863551401869159,408.03999999999996,1
ORD101550,CUST11040,2025-06-28,Pune,Pune,Delhi,683.8,Books,5,1.67,Road,Blue Dart,2946.48,623.16,11.45,2025-07-01,2025-07-09,2025-07-09,Delivered,4.0,No,No,8,0,4.308979233694063,3569.64,1
ORD104086,CUST12209,2025-01-31,Mumbai,Mumbai,Bengaluru,229.0,Clothing,2,7.45,Road,Xpressbees,1191.29,174.59,12.83,2025-02-03,2025-02-08,2025-02-10,Delayed,3.0,No,No,7,2,5.202139737991266,1365.8799999999999,0
ORD102539,CUST12269,2025-05-08,Chennai,Chennai,Lucknow,474.7,Beauty,6,10.6,Road,Ecom Express,2175.47,396.65,9.98,2025-05-11,2025-05-16,2025-05-16,Delivered,4.0,No,No,5,0,4.582831261849589,2572.12,1
ORD101077,CUST11478,2025-09-29,Bengaluru,Bengaluru,Vijayawada,668.6,Beauty,6,2.3,Road,Delhivery,2883.38,395.13,3.25,2025-09-30,2025-10-06,2025-10-06,Delivered,4.0,No,No,6,0,4.3125635656595875,3278.51,1
ORD103047,CUST10124,2025-02-10,Delhi,Delhi,Delhi,59.1,Books,2,0.71,Air,Delhivery,474.53,91.71,12.67,2025-02-13,2025-02-14,2025-02-14,Delivered,5.0,No,No,1,0,8.029272419627748,566.24,1
ORD100660,CUST11843,2025-05-20,Chennai,Chennai,Nagpur,385.1,Beauty,2,1.51,Road,Xpressbees,1501.12,369.31,10.31,2025-05-23,2025-05-29,2025-05-29,Delivered,4.0,No,No,6,0,3.898000519345624,1870.4299999999998,1
ORD102165,CUST11933,2025-08-05,Mumbai,Mumbai,Delhi,766.9,Books,5,5.29,Air,Delhivery,6932.88,553.86,8.15,2025-08-07,2025-08-11,2025-08-11,Delivered,4.0,No,No,4,0,9.04013561090103,7486.74,1
ORD100841,CUST10629,2025-04-20,Delhi,Delhi,Kochi,711.6,Home & Kitchen,1,6.12,Rail,Blue Dart,2387.39,510.2,7.55,2025-04-21,2025-04-28,2025-04-28,Delivered,5.0,No,No,7,0,3.354960652051714,2897.5899999999997,1
ORD101030,CUST11844,2025-01-29,Delhi,Delhi,Bengaluru,698.6,Books,2,2.72,Road,Ecom Express,0.0,554.37,7.47,2025-02-01,2025-02-06,2025-02-13,Delayed,3.0,No,No,12,7,0.0,554.37,0
ORD104742,CUST12681,2025-05-28,Chennai,Chennai,Pune,374.4,Books,2,8.04,Road,Shadowfax,1710.47,267.5,8.06,2025-05-30,2025-06-05,2025-06-05,Delivered,4.0,No,No,6,0,4.568563034188035,1977.97,1
ORD102229,CUST11014,2025-06-20,Mumbai,Mumbai,Nagpur,100.3,Automotive,1,3.28,Road,Delhivery,323.53,117.56,11.16,2025-06-23,2025-06-28,2025-06-28,Delivered,5.0,No,No,5,0,3.225623130608175,441.09,1
ORD101392,CUST11954,2025-06-26,Hyderabad,Hyderabad,Mumbai,256.7,Grocery,5,4.78,Road,Dtdc,1197.34,217.11,6.68,2025-06-28,2025-07-04,2025-07-04,Delivered,4.0,No,No,6,0,4.664355278535255,1414.4499999999998,1
ORD104149,CUST10973,2025-10-04,Delhi,Delhi,Jaipur,84.1,Automotive,3,11.77,Rail,Shadowfax,484.08,94.22,8.95,2025-10-06,2025-10-11,2025-10-11,Delivered,4.0,No,No,5,0,5.756004756242569,578.3,1
ORD100531,CUST11724,2025-07-08,Hyderabad,Hyderabad,Jaipur,284.4,Electronics,2,6.67,Road,Xpressbees,1430.77,274.05,9.0,2025-07-10,2025-07-16,2025-07-16,Delivered,5.0,No,No,6,0,5.030836849507736,1704.82,1
ORD102752,CUST12759,2025-07-31,Hyderabad,Hyderabad,Delhi,147.5,Books,6,7.27,Rail,Ecom Express,602.73,117.75,0.0,2025-08-02,2025-08-08,2025-08-08,Delivered,4.0,No,No,6,0,4.086305084745763,720.48,1
ORD100369,CUST11724,2025-10-10,Chennai,Chennai,Pune,170.1,Home & Kitchen,4,8.11,Road,Delhivery,836.96,95.03,7.35,2025-10-13,2025-10-17,2025-10-20,Delayed,5.0,No,No,7,3,4.92039976484421,931.99,0
ORD100811,CUST12136,2025-07-13,Hyderabad,Hyderabad,Surat,501.7,Sports,4,7.02,Road,Ecom Express,2329.7,395.64,7.29,2025-07-15,2025-07-18,2025-07-23,Delayed,4.0,No,No,8,5,4.643611720151485,2725.3399999999997,0
ORD104148,CUST12303,2025-08-05,Bengaluru,Bengaluru,Hyderabad,107.0,Automotive,7,1.44,Express,Delhivery,794.38,52.94,7.82,2025-08-07,2025-08-10,2025-08-10,Delivered,5.0,No,No,3,0,7.42411214953271,847.3199999999999,1
ORD103304,CUST12524,2025-09-06,Pune,Pune,Hyderabad,921.0,Books,1,2.42,Express,Dtdc,6605.39,734.91,8.9,2025-09-09,2025-09-15,2025-09-19,Delayed,3.0,No,No,10,4,7.1719761129207384,7340.3,0
ORD104764,CUST11735,2025-02-25,Chennai,Chennai,Kolkata,312.6,Clothing,7,5.81,Rail,Ecom Express,1110.99,380.17,9.61,2025-02-28,2025-03-06,2025-03-08,Delayed,3.0,No,No,8,2,3.5540307101727446,1491.16,0
ORD102564,CUST12562,2025-04-17,Mumbai,Mumbai,Visakhapatnam,102.7,Beauty,7,4.91,Express,Xpressbees,1028.72,106.14,10.32,2025-04-20,2025-04-23,2025-04-23,Delivered,4.0,No,No,3,0,10.016747809152873,1134.8600000000001,1
ORD104784,CUST12299,2025-07-12,Hyderabad,Hyderabad,Visakhapatnam,322.7,Beauty,3,2.05,Road,Ecom Express,1357.15,247.22,8.53,2025-07-15,2025-07-20,2025-07-21,Delayed,3.0,No,No,6,1,4.205608924697862,1604.3700000000001,0
ORD100372,CUST12100,2025-09-11,Hyderabad,Hyderabad,Ahmedabad,127.4,Books,3,3.01,Rail,Shadowfax,619.29,123.19,6.36,2025-09-14,2025-09-19,2025-09-20,Delayed,4.0,No,No,6,1,4.860989010989011,742.48,0
ORD102369,CUST12456,2025-08-01,Mumbai,Mumbai,Vijayawada,205.1,Books,1,1.89,Air,Xpressbees,2056.4,156.54,9.35,2025-08-04,2025-08-07,2025-08-07,Delivered,5.0,No,No,3,0,10.026328620185277,2212.94,1
ORD100868,CUST10157,2025-04-16,Bengaluru,Bengaluru,Indore,228.5,Sports,4,6.78,Road,Ecom Express,1147.51,241.33,4.61,2025-04-18,2025-04-22,2025-04-22,Delivered,4.0,No,No,4,0,5.021925601750547,1388.84,1
ORD103318,CUST10587,2025-06-02,Pune,Pune,Lucknow,470.3,Automotive,7,8.71,Road,Delhivery,2199.18,494.77,3.24,2025-06-03,2025-06-09,2025-06-09,Delivered,4.0,No,No,6,0,4.676121624495003,2693.95,1
ORD103029,CUST10911,2025-10-08,Chennai,Chennai,Jaipur,714.1,Automotive,7,5.56,Road,Dtdc,3135.01,643.59,4.15,2025-10-09,2025-10-14,2025-10-17,Delayed,4.0,No,No,8,3,4.390155440414508,3778.6000000000004,0
ORD102836,CUST12710,2025-12-19,Pune,Pune,Kolkata,649.3,Electronics,3,2.47,Road,Dtdc,2770.05,418.82,6.9,2025-12-22,2025-12-27,2025-12-30,Delayed,4.0,No,No,8,3,4.266209764361621,3188.8700000000003,0
ORD100552,CUST10046,2025-07-02,Hyderabad,Hyderabad,Lucknow,806.6,Sports,2,8.12,Express,Delhivery,5684.23,749.54,7.69,2025-07-05,2025-07-10,2025-07-10,Delivered,5.0,No,No,5,0,7.04714852467146,6433.7699999999995,1
ORD104976,CUST11534,2025-09-02,Bengaluru,Bengaluru,Surat,873.0,Sports,3,2.43,Road,Shadowfax,3810.06,962.88,9.61,2025-09-05,2025-09-12,2025-09-13,Delayed,3.0,No,Yes,8,1,4.364329896907217,4772.94,0
ORD100998,CUST12574,2025-06-11,Bengaluru,Bengaluru,Delhi,578.6,Automotive,2,7.23,Express,Xpressbees,4265.9,373.85,0.0,2025-06-13,2025-06-18,2025-06-18,Delivered,4.0,No,No,5,0,7.372796405115796,4639.75,1
ORD103739,CUST10556,2025-01-20,Pune,Pune,Kochi,126.1,Automotive,5,2.73,Road,Delhivery,604.99,121.27,7.96,2025-01-22,2025-01-26,2025-01-26,Delivered,4.0,No,No,4,0,4.797700237906424,726.26,1
ORD100177,CUST10938,2025-01-04,Delhi,Delhi,Nagpur,288.5,Beauty,4,2.66,Air,Shadowfax,2672.93,236.72,10.54,2025-01-06,2025-01-08,2025-01-08,Delivered,4.0,No,No,2,0,9.264922010398612,2909.6499999999996,1
ORD102078,CUST11356,2025-04-08,Mumbai,Mumbai,Ahmedabad,220.8,Books,5,12.84,Road,Shadowfax,1373.24,236.71,11.5,2025-04-10,2025-04-16,2025-04-16,Delivered,5.0,No,No,6,0,6.2193840579710145,1609.95,1
ORD103759,CUST12161,2025-02-02,Mumbai,Mumbai,Hyderabad,297.4,Sports,1,2.39,Rail,Blue Dart,877.25,240.5,10.2,2025-02-05,2025-02-12,2025-02-14,Delayed,4.0,No,No,9,2,2.949731002017485,1117.75,0
ORD103410,CUST11151,2025-02-06,Bengaluru,Bengaluru,Hyderabad,152.3,Home & Kitchen,1,0.93,Express,Dtdc,1071.29,182.06,10.73,2025-02-08,2025-02-12,2025-02-12,Delivered,4.0,No,No,4,0,7.034077478660538,1253.35,1
ORD102689,CUST11893,2025-03-07,Bengaluru,Bengaluru,Vijayawada,536.9,Electronics,4,4.63,Road,Dtdc,2414.72,580.22,8.6,2025-03-09,2025-03-15,2025-03-15,Delivered,4.0,No,No,6,0,4.497522816166883,2994.9399999999996,1
ORD103440,CUST10861,2025-04-25,Delhi,Delhi,Lucknow,666.0,Electronics,4,2.8,Rail,Delhivery,2312.44,784.0,8.59,2025-04-28,2025-05-05,2025-05-05,Delivered,5.0,No,No,7,0,3.472132132132132,3096.44,1
ORD101652,CUST12409,2025-04-14,Bengaluru,Bengaluru,Coimbatore,310.2,Books,6,6.51,Air,Ecom Express,2965.42,261.62,8.97,2025-04-16,2025-04-19,2025-04-19,Delivered,5.0,No,No,3,0,9.559703417150226,3227.04,1
ORD104792,CUST10608,2025-01-25,Pune,Pune,Lucknow,239.6,Grocery,6,0.89,Rail,Blue Dart,862.06,222.82,8.0,2025-01-26,2025-02-01,2025-02-01,Delivered,5.0,No,No,6,0,3.597913188647746,1084.8799999999999,1
ORD102278,CUST11995,2025-10-26,Bengaluru,Bengaluru,Unknown,301.5,Grocery,1,5.35,Road,Blue Dart,1346.51,301.3,9.0,2025-10-28,2025-11-02,2025-11-02,Delivered,4.0,No,No,5,0,4.466036484245439,1647.81,1
ORD104052,CUST12218,2025-03-21,Chennai,Chennai,Delhi,174.4,Sports,3,12.03,Rail,Ecom Express,908.88,146.6,11.39,2025-03-23,2025-03-29,2025-03-30,Delayed,3.0,No,No,7,1,5.211467889908256,1055.48,0
ORD103508,CUST11099,2025-02-03,Hyderabad,Hyderabad,Pune,912.3,Electronics,2,1.16,Rail,Xpressbees,3029.06,660.88,7.49,2025-02-06,2025-02-13,2025-02-13,Delivered,5.0,No,No,7,0,3.3202455332675656,3689.94,1
ORD102391,CUST10655,2025-05-14,Pune,Pune,Bengaluru,660.8,Beauty,6,7.31,Road,Ecom Express,2988.86,574.84,11.64,2025-05-17,2025-05-22,2025-05-22,Delivered,4.0,No,No,5,0,4.523093220338984,3563.7000000000003,1
ORD102715,CUST10590,2025-05-16,Delhi,Delhi,Kochi,133.4,Home & Kitchen,2,3.0,Express,Ecom Express,1086.95,53.31,9.74,2025-05-18,2025-05-21,2025-05-23,Delayed,3.0,No,No,5,2,8.148050974512744,1140.26,0
ORD101914,CUST10460,2025-01-07,Chennai,Chennai,Mumbai,835.5,Home & Kitchen,2,3.82,Road,Xpressbees,3508.12,887.65,7.33,2025-01-10,2025-01-15,2025-01-18,Delayed,4.0,No,No,8,3,4.1988270496708555,4395.7699999999995,0
ORD100144,CUST11285,2025-04-11,Chennai,Chennai,Nagpur,497.1,Electronics,2,3.59,Air,Shadowfax,4693.05,421.2,5.35,2025-04-13,2025-04-17,2025-04-17,Delivered,5.0,No,No,4,0,9.440856970428484,5114.25,1
ORD102236,CUST10987,2025-11-26,Bengaluru,Bengaluru,Mumbai,151.2,Beauty,6,2.14,Rail,Dtdc,670.09,163.42,9.21,2025-11-28,2025-12-04,2025-12-04,Delivered,5.0,No,No,6,0,4.4318121693121695,833.51,1
ORD101650,CUST11824,2025-09-15,Bengaluru,Bengaluru,Hyderabad,847.9,Automotive,7,0.29,Road,Xpressbees,3724.73,723.52,8.37,2025-09-16,2025-09-21,2025-09-21,Delivered,4.0,No,No,5,0,4.392888312300979,4448.25,1
ORD101878,CUST10460,2025-04-17,Bengaluru,Bengaluru,Delhi,326.0,Automotive,4,5.19,Rail,Xpressbees,1228.32,174.51,0.0,2025-04-19,2025-04-25,2025-05-01,Delayed,3.0,No,No,12,6,3.7678527607361962,1402.83,0
ORD104307,CUST10964,2025-02-22,Mumbai,Mumbai,Chennai,390.2,Electronics,3,4.8,Air,Ecom Express,3604.49,364.81,12.62,2025-02-24,2025-02-25,2025-03-03,Delayed,3.0,No,No,7,6,9.237544848795489,3969.2999999999997,0
ORD104125,CUST11525,2025-04-09,Hyderabad,Hyderabad,Kolkata,293.6,Electronics,1,3.24,Road,Ecom Express,1351.27,265.71,8.61,2025-04-12,2025-04-17,2025-04-17,Delivered,5.0,No,No,5,0,4.60241825613079,1616.98,1
ORD100423,CUST12444,2025-05-12,Bengaluru,Bengaluru,Ahmedabad,733.0,Books,2,1.23,Road,Xpressbees,3063.05,558.41,6.75,2025-05-15,2025-05-21,2025-05-23,Delayed,4.0,No,No,8,2,4.178785811732606,3621.46,0
ORD104706,CUST12130,2025-09-02,Delhi,Delhi,Ahmedabad,228.2,Books,1,9.05,Road,Dtdc,1139.78,212.65,7.64,2025-09-04,2025-09-10,2025-09-10,Delivered,5.0,No,No,6,0,4.9946538124452236,1352.43,1
ORD101855,CUST11124,2025-09-16,Delhi,Delhi,Surat,353.4,Sports,6,2.37,Road,Blue Dart,1663.18,440.09,8.57,2025-09-19,2025-09-24,2025-09-24,Delivered,4.0,No,No,5,0,4.706225240520657,2103.27,1
ORD101352,CUST12484,2025-03-26,Bengaluru,Bengaluru,Ahmedabad,185.8,Clothing,2,5.37,Express,Blue Dart,1317.37,177.94,7.06,2025-03-29,2025-04-02,2025-04-02,Delivered,5.0,No,No,4,0,7.090258342303551,1495.31,1
ORD102217,CUST12154,2025-05-22,Bengaluru,Bengaluru,Indore,162.1,Electronics,4,1.61,Road,Blue Dart,810.67,136.62,7.69,2025-05-24,2025-05-30,2025-05-30,Delivered,5.0,No,No,6,0,5.00104873534855,947.29,1
ORD100551,CUST11819,2025-01-08,Pune,Pune,Indore,365.9,Electronics,2,6.13,Rail,Dtdc,1492.32,454.51,7.26,2025-01-10,2025-01-17,2025-01-18,Delayed,3.0,No,No,8,1,4.078491391090462,1946.83,0
ORD104107,CUST11259,2025-10-30,Delhi,Delhi,Mumbai,1061.8,Sports,4,6.4,Air,Delhivery,9740.67,859.68,9.62,2025-11-01,2025-11-05,2025-11-05,Delivered,5.0,No,No,4,0,9.173733283104163,10600.35,1
ORD102239,CUST10823,2025-12-16,Hyderabad,Hyderabad,Vijayawada,296.1,Books,3,2.9,Express,Blue Dart,2138.54,254.98,5.59,2025-12-18,2025-12-23,2025-12-23,Delivered,4.0,No,No,5,0,7.222357311719013,2393.52,1
ORD102639,CUST10759,2025-10-09,Mumbai,Mumbai,Nagpur,931.5,Grocery,4,9.92,Express,Shadowfax,6802.22,585.69,5.93,2025-10-12,2025-10-16,2025-10-16,Delivered,4.0,No,No,4,0,7.3024369296833065,7387.91,1
ORD103731,CUST10484,2025-08-26,Pune,Pune,Coimbatore,586.5,Electronics,4,13.8,Road,Ecom Express,2614.36,654.18,8.91,2025-08-28,2025-09-02,2025-09-07,Delayed,3.0,No,No,10,5,4.457561807331628,3268.54,0
ORD103293,CUST11496,2025-05-30,Hyderabad,Hyderabad,Bhopal,102.5,Grocery,4,7.54,Rail,Delhivery,445.03,32.73,7.27,2025-06-01,2025-06-07,2025-06-07,Delivered,4.0,No,No,6,0,4.3417560975609755,477.76,1
ORD102159,CUST12037,2025-08-08,Hyderabad,Hyderabad,Surat,442.1,Books,2,3.45,Air,Ecom Express,4054.13,346.16,5.58,2025-08-10,2025-08-15,2025-08-15,Delivered,5.0,No,No,5,0,9.170165121013346,4400.29,1
ORD103084,CUST10310,2025-11-10,Pune,Pune,Coimbatore,611.9,Clothing,1,2.09,Express,Dtdc,4290.87,642.79,5.89,2025-11-11,2025-11-15,2025-11-15,Delivered,5.0,No,No,4,0,7.012371302500409,4933.66,1
ORD101242,CUST10424,2025-04-06,Mumbai,Mumbai,Pune,495.9,Beauty,5,2.21,Road,Shadowfax,2160.2,297.05,11.38,2025-04-09,2025-04-13,2025-04-13,Delivered,4.0,No,No,4,0,4.356120185521275,2457.25,1
ORD103690,CUST12374,2025-12-06,Hyderabad,Hyderabad,Coimbatore,177.6,Beauty,2,2.85,Rail,Dtdc,538.79,236.75,4.26,2025-12-09,2025-12-16,2025-12-16,Delivered,3.0,No,No,7,0,3.0337274774774774,775.54,1
ORD104410,CUST11117,2025-04-16,Chennai,Chennai,Indore,434.2,Electronics,7,2.31,Road,Ecom Express,1851.71,293.76,6.87,2025-04-18,2025-04-24,2025-04-24,Delivered,4.0,No,No,6,0,4.26464762782128,2145.4700000000003,1
ORD102087,CUST10444,2025-11-22,Hyderabad,Hyderabad,Jaipur,342.5,Grocery,2,3.36,Express,Ecom Express,0.0,353.87,8.09,2025-11-23,2025-11-28,2025-11-28,Delivered,4.0,No,No,5,0,0.0,353.87,1
ORD101431,CUST11682,2025-06-09,Mumbai,Mumbai,Indore,43.8,Automotive,1,1.68,Road,Ecom Express,138.78,20.0,12.99,2025-06-12,2025-06-15,2025-06-15,Delivered,4.0,No,No,3,0,3.168493150684932,158.78,1
ORD102844,CUST10008,2025-07-08,Hyderabad,Hyderabad,Bengaluru,462.7,Clothing,4,4.43,Rail,Ecom Express,1561.43,459.6,6.72,2025-07-10,2025-07-16,2025-07-16,Delivered,4.0,No,No,6,0,3.3746055759671494,2021.0300000000002,1
ORD101524,CUST12785,2025-12-30,Hyderabad,Hyderabad,Nagpur,71.0,Sports,6,13.55,Air,Ecom Express,938.05,20.0,6.79,2026-01-02,2026-01-04,2026-01-04,Delivered,4.0,No,No,2,0,13.211971830985915,958.05,1
ORD104965,CUST10009,2025-03-24,Pune,Pune,Kochi,550.4,Automotive,7,1.08,Road,Shadowfax,2405.63,409.72,5.63,2025-03-26,2025-04-01,2025-04-01,Delivered,5.0,No,No,6,0,4.370694040697675,2815.3500000000004,1
ORD100222,CUST10808,2025-05-10,Hyderabad,Hyderabad,Delhi,271.7,Home & Kitchen,4,1.87,Road,Ecom Express,1337.31,226.43,3.0,2025-05-12,2025-05-17,2025-05-17,Delivered,5.0,No,No,5,0,4.92200956937799,1563.74,1
ORD102913,CUST10291,2025-10-06,Bengaluru,Bengaluru,Nagpur,224.4,Books,1,15.35,Rail,Ecom Express,977.2,216.17,9.23,2025-10-08,2025-10-15,2025-10-15,Delivered,4.0,No,No,7,0,4.354723707664884,1193.3700000000001,1
ORD103969,CUST12541,2025-04-08,Bengaluru,Bengaluru,Kochi,415.8,Electronics,6,3.09,Road,Xpressbees,1960.81,380.25,8.96,2025-04-11,2025-04-17,2025-04-17,Delivered,3.0,No,No,6,0,4.715752765752765,2341.06,1
ORD100731,CUST12461,2025-10-17,Hyderabad,Hyderabad,Chennai,377.0,Beauty,3,1.33,Air,Shadowfax,3495.18,0.0,7.17,2025-10-20,2025-10-23,2025-10-23,Delivered,4.0,No,No,3,0,9.27103448275862,3495.18,1
ORD104923,CUST11211,2025-02-06,Bengaluru,Bengaluru,Indore,143.4,Automotive,1,0.64,Road,Shadowfax,763.19,115.21,9.39,2025-02-08,2025-02-13,2025-02-17,Delayed,4.0,No,No,9,4,5.3221059972106,878.4000000000001,0
ORD101970,CUST11501,2025-04-01,Mumbai,Mumbai,Visakhapatnam,446.4,Books,5,1.22,Road,Shadowfax,2099.25,439.47,11.16,2025-04-03,2025-04-08,2025-04-08,Delivered,4.0,No,No,5,0,4.702620967741936,2538.7200000000003,1
ORD103587,CUST10875,2025-09-19,Mumbai,Mumbai,Visakhapatnam,142.2,Clothing,2,1.82,Rail,Dtdc,482.72,113.93,9.3,2025-09-22,2025-09-28,2025-10-03,Delayed,4.0,No,No,11,5,3.39465541490858,596.6500000000001,0
ORD104147,CUST11092,2025-05-21,Chennai,Chennai,Kolkata,324.0,Home & Kitchen,1,9.2,Rail,Shadowfax,1162.83,312.44,9.65,2025-05-23,2025-05-29,2025-06-04,Delayed,4.0,No,No,12,6,3.5889814814814813,1475.27,0
ORD103666,CUST10376,2025-01-03,Mumbai,Mumbai,Hyderabad,712.9,Electronics,3,0.44,Rail,Delhivery,2312.66,519.63,11.38,2025-01-05,2025-01-13,2025-01-13,Delivered,5.0,No,No,8,0,3.2440173937438628,2832.29,1
ORD100590,CUST10966,2025-01-25,Bengaluru,Bengaluru,Surat,319.6,Books,7,1.75,Road,Ecom Express,1393.99,283.1,8.8,2025-01-27,2025-02-02,2025-02-06,Delayed,3.0,No,No,10,4,4.361670838548185,1677.0900000000001,0
ORD104281,CUST10170,2025-11-03,Hyderabad,Hyderabad,Coimbatore,402.0,Home & Kitchen,1,4.96,Air,Dtdc,3732.75,402.15,10.64,2025-11-06,2025-11-08,2025-11-11,Delayed,4.0,No,No,5,3,9.28544776119403,4134.9,0
ORD100438,CUST10817,2025-06-20,Pune,Pune,Coimbatore,301.3,Clothing,4,2.96,Road,Delhivery,1355.36,424.71,12.11,2025-06-23,2025-06-28,2025-07-01,Delayed,3.0,No,No,8,3,4.498373713906405,1780.07,0
ORD100069,CUST12477,2025-02-02,Hyderabad,Hyderabad,Unknown,655.7,Electronics,7,3.68,Rail,Shadowfax,2129.76,462.9,8.87,2025-02-05,2025-02-13,2025-02-13,Delivered,4.0,No,No,8,0,3.248070764068934,2592.6600000000003,1
ORD104262,CUST11524,2025-12-28,Delhi,Delhi,Visakhapatnam,532.1,Clothing,7,0.85,Air,Ecom Express,4961.54,470.63,8.69,2025-12-30,2026-01-02,2026-01-04,Delayed,3.0,No,No,5,2,9.324450291298628,5432.17,0
ORD103672,CUST12252,2025-09-26,Hyderabad,Hyderabad,Nagpur,119.0,Sports,2,2.72,Road,Blue Dart,513.89,91.21,6.9,2025-09-28,2025-10-03,2025-10-03,Delivered,5.0,No,No,5,0,4.318403361344537,605.1,1
ORD101007,CUST12662,2025-03-24,Mumbai,Mumbai,Bhopal,343.0,Clothing,5,1.96,Road,Xpressbees,1507.82,329.64,10.54,2025-03-27,2025-04-02,2025-04-03,Delayed,4.0,No,No,7,1,4.39597667638484,1837.46,0
ORD104467,CUST10014,2025-05-11,Chennai,Chennai,Indore,260.0,Home & Kitchen,5,13.13,Express,Xpressbees,2071.28,270.56,11.5,2025-05-14,2025-05-17,2025-05-17,Delivered,4.0,No,No,3,0,7.966461538461539,2341.84,1
ORD103763,CUST10771,2025-11-28,Mumbai,Mumbai,Pune,555.8,Grocery,4,2.47,Road,Dtdc,2395.11,407.19,9.53,2025-12-01,2025-12-06,2025-12-10,Delayed,4.0,No,No,9,4,4.30930190716085,2802.3,0
ORD102230,CUST11179,2025-05-05,Bengaluru,Bengaluru,Chennai,120.1,Automotive,4,5.99,Road,Xpressbees,598.5,86.81,9.46,2025-05-08,2025-05-11,2025-05-15,Delayed,3.0,No,No,7,4,4.983347210657786,685.31,0
ORD101066,CUST10032,2025-09-19,Pune,Pune,Visakhapatnam,420.9,Electronics,3,3.98,Air,Blue Dart,3903.36,440.32,7.81,2025-09-21,2025-09-24,2025-09-24,Delivered,4.0,No,No,3,0,9.273841767640771,4343.68,1
ORD100546,CUST10561,2025-08-23,Hyderabad,Hyderabad,Chennai,602.6,Sports,5,2.41,Road,Shadowfax,2573.22,589.82,2.22,2025-08-24,2025-08-29,2025-08-29,Delivered,4.0,No,No,5,0,4.270195818121473,3163.04,1
ORD104388,CUST12153,2025-04-18,Pune,Pune,Indore,134.6,Sports,2,3.64,Air,Dtdc,1416.27,74.92,8.66,2025-04-20,2025-04-21,2025-04-21,Delivered,4.0,No,No,1,0,10.522065378900447,1491.19,1
ORD100792,CUST12591,2025-02-24,Hyderabad,Hyderabad,Vijayawada,189.1,Grocery,2,14.85,Air,Shadowfax,1980.9,118.83,3.85,2025-02-26,2025-03-01,2025-03-01,Delivered,4.0,No,No,3,0,10.475409836065575,2099.73,1
ORD102828,CUST10825,2025-10-14,Delhi,Delhi,Indore,478.6,Home & Kitchen,3,1.04,Road,Blue Dart,2164.26,539.88,12.79,2025-10-16,2025-10-20,2025-10-20,Delivered,4.0,No,No,4,0,4.522064354366904,2704.1400000000003,1
ORD104321,CUST10282,2025-05-31,Bengaluru,Bengaluru,Coimbatore,147.1,Home & Kitchen,3,9.4,Road,Xpressbees,802.21,0.0,7.84,2025-06-01,2025-06-05,2025-06-09,Delayed,4.0,No,No,8,4,5.45350101971448,802.21,0
ORD100499,CUST12030,2025-07-26,Hyderabad,Hyderabad,Bhopal,591.6,Grocery,5,10.16,Express,Blue Dart,4255.07,595.79,8.81,2025-07-28,2025-07-31,2025-07-31,Delivered,3.0,No,No,3,0,7.192478025693035,4850.86,1
ORD101312,CUST11109,2025-10-15,Hyderabad,Hyderabad,Surat,215.8,Electronics,2,8.42,Road,Ecom Express,1092.66,232.85,6.84,2025-10-17,2025-10-23,2025-10-25,Delayed,4.0,No,No,8,2,5.063299351251159,1325.51,0
ORD102632,CUST12363,2025-05-10,Bengaluru,Bengaluru,Lucknow,382.2,Beauty,3,1.01,Air,Shadowfax,3504.1,351.02,11.15,2025-05-12,2025-05-15,2025-05-15,Delivered,4.0,No,No,3,0,9.168236525379383,3855.12,1
ORD103416,CUST12681,2025-09-14,Mumbai,Mumbai,Kolkata,194.8,Clothing,5,2.44,Air,Ecom Express,1888.39,191.93,4.32,2025-09-15,2025-09-16,2025-09-16,Delivered,5.0,No,Yes,1,0,9.693993839835729,2080.32,1
ORD102279,CUST12445,2025-12-13,Hyderabad,Hyderabad,Delhi,550.9,Sports,5,2.42,Road,Ecom Express,2313.3,478.86,5.09,2025-12-15,2025-12-21,2025-12-21,Delivered,5.0,No,No,6,0,4.199128698493375,2792.1600000000003,1
ORD104826,CUST10482,2025-10-31,Hyderabad,Hyderabad,Visakhapatnam,217.8,Home & Kitchen,4,2.31,Rail,Delhivery,739.24,246.54,4.77,2025-11-02,2025-11-08,2025-11-08,Delivered,5.0,No,No,6,0,3.394123048668503,985.78,1
ORD100207,CUST11033,2025-12-28,Hyderabad,Hyderabad,Kochi,411.4,Grocery,6,12.27,Road,Dtdc,2025.6,467.13,9.2,2025-12-30,2026-01-05,2026-01-12,Delayed,3.0,No,No,13,7,4.923675255226057,2492.73,0
ORD102675,CUST10005,2025-05-24,Hyderabad,Hyderabad,Chennai,594.2,Beauty,1,3.78,Express,Blue Dart,4208.95,510.23,6.89,2025-05-27,2025-05-31,2025-05-31,Delivered,4.0,No,No,4,0,7.083389431167956,4719.18,1
ORD102125,CUST10960,2025-02-24,Bengaluru,Bengaluru,Jaipur,375.3,Clothing,3,7.85,Express,Dtdc,2767.19,283.47,5.03,2025-02-27,2025-03-04,2025-03-04,Delivered,4.0,No,No,5,0,7.373274713562483,3050.66,1
ORD103156,CUST11355,2025-10-26,Bengaluru,Bengaluru,Hyderabad,569.0,Sports,5,11.13,Rail,Delhivery,2057.7,402.12,7.8,2025-10-28,2025-11-04,2025-11-10,Delayed,4.0,No,No,13,6,3.6163444639718803,2459.8199999999997,0
ORD100556,CUST11350,2025-02-07,Delhi,Delhi,Kolkata,60.8,Home & Kitchen,7,6.35,Rail,Ecom Express,487.77,124.36,10.09,2025-02-09,2025-02-16,2025-02-16,Delivered,5.0,No,No,7,0,8.022532894736843,612.13,1
ORD102949,CUST11299,2025-04-10,Bengaluru,Bengaluru,Ahmedabad,278.4,Home & Kitchen,7,1.29,Rail,Xpressbees,859.97,217.86,8.8,2025-04-12,2025-04-17,2025-04-17,Delivered,5.0,No,No,5,0,3.0889727011494257,1077.83,1
ORD103740,CUST10443,2025-09-13,Mumbai,Mumbai,Bhopal,532.0,Home & Kitchen,2,6.01,Air,Blue Dart,5012.34,615.09,9.75,2025-09-15,2025-09-19,2025-09-24,Delayed,4.0,No,No,9,5,9.421691729323308,5627.43,0
ORD104791,CUST12581,2025-02-22,Mumbai,Mumbai,Bhopal,225.6,Sports,3,13.48,Rail,Ecom Express,1051.29,218.21,11.47,2025-02-25,2025-03-04,2025-03-04,Delivered,5.0,No,No,7,0,4.659973404255319,1269.5,1
ORD102747,CUST10168,2025-08-18,Chennai,Chennai,Jaipur,220.9,Automotive,3,1.2,Road,Dtdc,989.7,192.76,5.96,2025-08-19,2025-08-24,2025-08-24,Delivered,5.0,No,No,5,0,4.480307831598008,1182.46,1
ORD100264,CUST10114,2025-06-27,Chennai,Chennai,Coimbatore,535.9,Electronics,2,8.32,Road,Delhivery,2414.55,547.24,7.63,2025-06-29,2025-07-05,2025-07-05,Delivered,4.0,No,No,6,0,4.505598059339429,2961.79,1
ORD103396,CUST12116,2025-04-11,Chennai,Chennai,Vijayawada,406.2,Home & Kitchen,1,9.18,Road,Delhivery,1874.3,448.95,7.65,2025-04-14,2025-04-20,2025-04-20,Delivered,4.0,No,No,6,0,4.614229443623831,2323.25,1
ORD102778,CUST12646,2025-04-04,Delhi,Delhi,Mumbai,164.9,Grocery,5,12.01,Express,Xpressbees,1443.82,168.54,10.43,2025-04-06,2025-04-09,2025-04-09,Delivered,4.0,No,No,3,0,8.75573074590661,1612.36,1
ORD104541,CUST12583,2025-05-14,Chennai,Chennai,Mumbai,378.7,Books,3,6.62,Road,Xpressbees,1780.85,260.99,7.73,2025-05-17,2025-05-22,2025-05-22,Delivered,5.0,No,No,5,0,4.702534988117243,2041.84,1
ORD101906,CUST12576,2025-02-10,Bengaluru,Bengaluru,Bhopal,827.3,Electronics,5,17.22,Road,Delhivery,3949.85,689.15,8.84,2025-02-13,2025-02-21,2025-02-21,Delivered,5.0,No,No,8,0,4.774386558684879,4639.0,1
ORD104047,CUST11627,2025-05-02,Hyderabad,Hyderabad,Delhi,418.5,Automotive,5,6.04,Road,Shadowfax,1812.67,379.67,6.99,2025-05-05,2025-05-10,2025-05-10,Delivered,5.0,No,No,5,0,4.331350059737157,2192.34,1
ORD103065,CUST12080,2025-06-25,Pune,Pune,Jaipur,299.9,Books,6,11.32,Air,Shadowfax,2880.03,236.05,10.1,2025-06-28,2025-06-30,2025-06-30,Delivered,3.0,No,No,2,0,9.60330110036679,3116.0800000000004,1
ORD103700,CUST10987,2025-11-18,Bengaluru,Bengaluru,Indore,442.7,Home & Kitchen,3,2.25,Air,Xpressbees,3958.74,428.92,8.4,2025-11-21,2025-11-23,2025-11-23,Delivered,5.0,No,No,2,0,8.942263383781341,4387.66,1
ORD103003,CUST10727,2025-08-19,Hyderabad,Hyderabad,Indore,758.7,Beauty,5,9.53,Road,Ecom Express,3348.47,557.48,6.21,2025-08-22,2025-08-27,2025-08-27,Delivered,3.0,No,No,5,0,4.413430868591011,3905.95,1
ORD100421,CUST10891,2025-11-02,Hyderabad,Hyderabad,Kolkata,527.6,Electronics,6,5.69,Road,Blue Dart,2363.82,413.49,6.11,2025-11-05,2025-11-11,2025-11-13,Delayed,4.0,No,No,8,2,4.480326004548901,2777.3100000000004,0
ORD102783,CUST10670,2025-11-05,Bengaluru,Bengaluru,Jaipur,663.2,Beauty,4,8.77,Road,Delhivery,3117.88,424.07,7.65,2025-11-06,2025-11-13,2025-11-13,Delivered,4.0,Yes,No,7,0,4.701266586248492,3541.9500000000003,1
ORD102326,CUST11948,2025-11-15,Pune,Pune,Jaipur,1292.3,Grocery,6,6.19,Express,Shadowfax,9151.66,1015.63,10.41,2025-11-17,2025-11-22,2025-11-22,Delivered,5.0,No,No,5,0,7.081683819546545,10167.289999999999,1
ORD100934,CUST10217,2025-06-08,Bengaluru,Bengaluru,Ahmedabad,132.1,Books,2,10.37,Road,Shadowfax,781.4,132.02,4.11,2025-06-11,2025-06-16,2025-06-16,Delivered,4.0,No,No,5,0,5.915215745647237,913.42,1
ORD101517,CUST12025,2025-01-08,Mumbai,Mumbai,Surat,77.0,Grocery,4,8.18,Express,Xpressbees,730.61,51.18,10.52,2025-01-10,2025-01-12,2025-01-12,Delivered,4.0,No,No,2,0,9.488441558441558,781.79,1
ORD104636,CUST10550,2025-03-17,Pune,Pune,Vijayawada,117.4,Automotive,4,4.24,Rail,Ecom Express,572.68,78.63,4.36,2025-03-18,2025-03-25,2025-03-25,Delivered,4.0,No,No,7,0,4.878023850085178,651.31,1
ORD100899,CUST10659,2025-12-01,Hyderabad,Hyderabad,Mumbai,650.2,Clothing,6,2.11,Road,Dtdc,2854.52,430.48,3.32,2025-12-03,2025-12-09,2025-12-11,Delayed,4.0,No,No,8,2,4.390218394340203,3285.0,0
ORD103793,CUST11205,2025-10-24,Pune,Pune,Ahmedabad,350.7,Sports,6,6.54,Road,Shadowfax,1696.51,286.97,8.32,2025-10-26,2025-11-01,2025-11-01,Delivered,4.0,No,No,6,0,4.837496435700029,1983.48,1
ORD101147,CUST12010,2025-08-03,Bengaluru,Bengaluru,Ahmedabad,667.7,Grocery,2,4.98,Road,Shadowfax,2814.73,576.73,10.69,2025-08-05,2025-08-11,2025-08-11,Delivered,5.0,No,No,6,0,4.2155608806350156,3391.46,1
ORD100201,CUST11552,2025-06-18,Delhi,Delhi,Indore,603.0,Books,3,1.59,Air,Shadowfax,5478.35,512.67,12.98,2025-06-21,2025-06-23,2025-06-23,Delivered,4.0,No,No,2,0,9.085157545605307,5991.02,1
ORD104824,CUST10819,2025-02-23,Bengaluru,Bengaluru,Coimbatore,363.7,Automotive,3,5.66,Air,Ecom Express,3482.49,281.23,11.08,2025-02-25,2025-02-28,2025-02-28,Delivered,4.0,No,No,3,0,9.575171844927137,3763.72,1
ORD101564,CUST12516,2025-01-26,Delhi,Delhi,Kolkata,397.3,Books,2,2.25,Rail,Ecom Express,1333.85,296.88,9.57,2025-01-29,2025-02-03,2025-02-03,Delivered,5.0,No,No,5,0,3.3572866851245906,1630.73,1
ORD102527,CUST11236,2025-02-09,Pune,Pune,Lucknow,428.2,Grocery,1,9.57,Road,Shadowfax,1938.96,414.1,9.0,2025-02-11,2025-02-16,2025-02-16,Delivered,5.0,No,No,5,0,4.528164409154601,2353.06,1
ORD102243,CUST10552,2025-04-27,Hyderabad,Hyderabad,Coimbatore,576.0,Books,7,2.39,Air,Xpressbees,5308.58,385.24,9.94,2025-04-30,2025-05-03,2025-05-03,Delivered,4.0,No,No,3,0,9.216284722222222,5693.82,1
ORD103229,CUST11945,2025-05-02,Bengaluru,Bengaluru,Kolkata,333.6,Books,1,11.15,Express,Blue Dart,2516.91,287.86,8.63,2025-05-04,2025-05-08,2025-05-08,Delivered,5.0,No,No,4,0,7.544694244604315,2804.77,1
ORD102788,CUST12505,2025-02-22,Bengaluru,Bengaluru,Kochi,283.7,Beauty,2,0.88,Road,Delhivery,1169.66,172.04,9.26,2025-02-24,2025-03-01,2025-03-01,Delivered,4.0,No,No,5,0,4.122876277758196,1341.7,1
ORD103978,CUST10193,2025-07-30,Chennai,Chennai,Lucknow,835.3,Books,1,3.54,Road,Dtdc,3700.08,566.82,3.99,2025-07-31,2025-08-07,2025-08-10,Delayed,4.0,No,No,10,3,4.429642044774333,4266.9,0
ORD101319,CUST11345,2025-08-16,Chennai,Chennai,Mumbai,362.2,Home & Kitchen,7,1.43,Road,Delhivery,1585.41,256.97,6.74,2025-08-18,2025-08-23,2025-08-23,Delivered,3.0,No,No,5,0,4.377167310877969,1842.38,1
ORD102069,CUST12688,2025-09-20,Delhi,Delhi,Kolkata,1014.8,Beauty,4,3.85,Road,Xpressbees,4389.62,909.17,11.99,2025-09-23,2025-09-29,2025-09-30,Delayed,3.0,No,No,7,1,4.325601103665747,5298.79,0
ORD101468,CUST10163,2025-03-25,Delhi,Delhi,Chennai,498.1,Home & Kitchen,5,4.6,Road,Blue Dart,2156.62,603.35,7.31,2025-03-27,2025-04-01,2025-04-01,Delivered,5.0,No,No,5,0,4.329692832764505,2759.97,1
ORD102084,CUST10490,2025-01-11,Mumbai,Mumbai,Ahmedabad,534.6,Beauty,5,4.6,Road,Ecom Express,2255.96,502.35,11.68,2025-01-13,2025-01-19,2025-01-19,Delivered,5.0,No,No,6,0,4.219902731013842,2758.31,1
ORD102334,CUST10426,2025-08-12,Mumbai,Mumbai,Surat,55.8,Sports,5,4.51,Express,Delhivery,566.49,24.85,10.49,2025-08-15,2025-08-19,2025-08-19,Delivered,5.0,No,No,4,0,10.152150537634409,591.34,1
ORD101729,CUST12550,2025-03-30,Hyderabad,Hyderabad,Jaipur,75.6,Clothing,5,3.3,Rail,Shadowfax,335.63,51.35,9.84,2025-04-02,2025-04-08,2025-04-11,Delayed,3.0,No,No,9,3,4.439550264550265,386.98,0
ORD104848,CUST11600,2025-01-20,Delhi,Delhi,Hyderabad,957.4,Sports,3,3.78,Rail,Blue Dart,3154.63,1046.27,9.23,2025-01-23,2025-01-29,2025-02-05,Delayed,4.0,No,No,13,7,3.294996866513474,4200.9,0
ORD104712,CUST11569,2025-01-18,Delhi,Delhi,Bhopal,554.8,Electronics,5,1.17,Road,Delhivery,2349.38,622.79,11.91,2025-01-21,2025-01-26,2025-01-26,Delivered,4.0,No,No,5,0,4.234643114635905,2972.17,1
ORD100418,CUST10921,2025-02-06,Hyderabad,Hyderabad,Unknown,599.6,Sports,4,1.64,Air,Xpressbees,5366.78,733.74,2.67,2025-02-08,2025-02-13,2025-02-13,Delivered,5.0,No,No,5,0,8.950600400266843,6100.5199999999995,1
ORD100310,CUST10556,2025-04-25,Mumbai,Mumbai,Nagpur,78.9,Clothing,2,1.37,Rail,Ecom Express,259.74,107.67,9.44,2025-04-27,2025-05-04,2025-05-04,Delivered,4.0,No,No,7,0,3.2920152091254753,367.41,1
ORD102634,CUST10598,2025-04-29,Delhi,Delhi,Lucknow,364.8,Beauty,7,1.93,Road,Dtdc,1724.6,262.44,7.95,2025-05-02,2025-05-09,2025-05-09,Delivered,3.0,No,No,7,0,4.727521929824561,1987.04,1
ORD103139,CUST10984,2025-04-17,Bengaluru,Bengaluru,Kolkata,244.0,Electronics,1,4.08,Air,Delhivery,2293.99,274.09,5.99,2025-04-18,2025-04-22,2025-04-22,Delivered,4.0,No,No,4,0,9.401598360655736,2568.08,1
ORD101062,CUST12532,2025-10-07,Bengaluru,Bengaluru,Kolkata,278.7,Automotive,4,3.03,Road,Delhivery,1273.47,246.04,9.11,2025-10-10,2025-10-14,2025-10-14,Delivered,4.0,No,No,4,0,4.569321851453176,1519.51,1
ORD100322,CUST11804,2025-12-25,Chennai,Chennai,Kochi,502.2,Automotive,7,2.31,Road,Shadowfax,2230.18,502.84,4.6,2025-12-27,2026-01-01,2026-01-01,Delivered,4.0,No,No,5,0,4.440820390282756,2733.02,1
ORD103927,CUST12403,2025-06-13,Bengaluru,Bengaluru,Visakhapatnam,344.7,Clothing,1,0.65,Rail,Ecom Express,1286.48,195.69,7.09,2025-06-16,2025-06-23,2025-06-23,Delivered,5.0,No,No,7,0,3.7321729039744707,1482.17,1
ORD102904,CUST10758,2025-03-12,Bengaluru,Bengaluru,Vijayawada,105.2,Automotive,1,1.03,Express,Delhivery,763.67,49.71,11.51,2025-03-15,2025-03-18,2025-03-18,Delivered,4.0,No,No,3,0,7.259220532319391,813.38,1
ORD104379,CUST12070,2025-10-10,Pune,Pune,Nagpur,477.8,Electronics,3,13.34,Road,Delhivery,2262.48,549.7,8.5,2025-10-14,2025-10-20,2025-10-20,Delivered,4.0,No,No,6,0,4.735203013813311,2812.1800000000003,1
ORD101039,CUST11127,2025-09-29,Delhi,Delhi,Pune,219.1,Beauty,6,2.9,Express,Xpressbees,1620.98,151.63,8.18,2025-10-01,2025-10-05,2025-10-05,Delivered,3.0,No,No,4,0,7.3983569146508446,1772.6100000000001,1
ORD102909,CUST12591,2025-03-05,Hyderabad,Hyderabad,Delhi,248.6,Sports,7,1.84,Express,Blue Dart,1964.24,196.3,0.0,2025-03-06,2025-03-10,2025-03-10,Delivered,5.0,No,No,4,0,7.9012067578439265,2160.54,1
ORD102549,CUST10370,2025-11-17,Hyderabad,Hyderabad,Chennai,988.1,Sports,7,2.06,Road,Shadowfax,0.0,717.56,6.86,2025-11-19,2025-11-28,2025-11-28,Delivered,4.0,No,No,9,0,0.0,717.56,1
ORD103391,CUST11415,2025-07-16,Delhi,Delhi,Jaipur,563.8,Automotive,3,5.1,Express,Delhivery,4094.3,552.23,7.47,2025-07-18,2025-07-22,2025-07-22,Delivered,4.0,No,No,4,0,7.261972330613694,4646.530000000001,1
ORD103745,CUST11694,2025-12-23,Hyderabad,Hyderabad,Kochi,516.6,Books,7,4.38,Road,Blue Dart,2246.08,337.86,8.2,2025-12-26,2026-01-01,2026-01-01,Delivered,5.0,No,No,6,0,4.347812620983352,2583.94,1
ORD101339,CUST10677,2025-12-15,Mumbai,Mumbai,Ahmedabad,241.7,Automotive,6,4.2,Road,Blue Dart,1003.28,166.66,5.14,2025-12-17,2025-12-22,2025-12-22,Delivered,4.0,No,No,5,0,4.1509309060819195,1169.94,1
ORD102986,CUST11822,2025-11-07,Bengaluru,Bengaluru,Vijayawada,164.8,Home & Kitchen,7,1.79,Road,Shadowfax,831.51,115.84,8.56,2025-11-09,2025-11-11,2025-11-14,Delayed,3.0,No,No,5,3,5.045570388349514,947.35,0
ORD100071,CUST10411,2025-02-20,Bengaluru,Bengaluru,Delhi,354.2,Clothing,5,4.3,Express,Delhivery,2571.03,315.19,7.73,2025-02-22,2025-02-26,2025-02-26,Delivered,4.0,No,No,4,0,7.258695652173913,2886.2200000000003,1
ORD101489,CUST12022,2025-01-28,Bengaluru,Bengaluru,Lucknow,818.6,Home & Kitchen,3,6.13,Road,Blue Dart,3608.33,664.1,2.24,2025-01-30,2025-02-07,2025-02-07,Delivered,4.0,No,No,8,0,4.407928170046421,4272.43,1
ORD104709,CUST12591,2025-09-29,Chennai,Chennai,Bengaluru,308.1,Books,2,2.79,Air,Blue Dart,2894.33,326.77,3.77,2025-10-02,2025-10-05,2025-10-05,Delivered,4.0,No,No,3,0,9.3941252839987,3221.1,1
ORD102057,CUST10663,2025-08-12,Chennai,Chennai,Bhopal,190.6,Electronics,7,3.69,Rail,Xpressbees,773.67,164.95,6.44,2025-08-14,2025-08-19,2025-08-19,Delivered,4.0,No,No,5,0,4.0591290661070305,938.6199999999999,1
ORD102409,CUST10797,2025-05-09,Mumbai,Mumbai,Jaipur,710.7,Sports,7,1.83,Road,Xpressbees,3139.55,612.32,6.34,2025-05-11,2025-05-17,2025-05-17,Delivered,4.0,No,No,6,0,4.417546081328268,3751.8700000000003,1
ORD103936,CUST10417,2025-03-10,Mumbai,Mumbai,Bengaluru,411.8,Clothing,7,7.91,Road,Blue Dart,1885.29,239.48,10.9,2025-03-12,2025-03-17,2025-03-17,Delivered,4.0,No,No,5,0,4.578169014084507,2124.77,1
ORD100223,CUST11435,2025-02-26,Hyderabad,Hyderabad,Chennai,473.7,Sports,4,8.23,Rail,Ecom Express,1700.68,481.04,9.64,2025-02-28,2025-03-08,2025-03-08,Delivered,5.0,No,No,8,0,3.5902047709520795,2181.7200000000003,1
ORD102489,CUST10603,2025-12-25,Delhi,Delhi,Hyderabad,333.2,Sports,7,9.58,Rail,Xpressbees,1322.66,238.57,5.86,2025-12-27,2026-01-02,2026-01-04,Delayed,3.0,Yes,No,8,2,3.9695678271308528,1561.23,0
ORD104804,CUST12402,2025-08-24,Bengaluru,Bengaluru,Coimbatore,307.4,Home & Kitchen,5,6.81,Rail,Dtdc,1208.14,205.47,4.49,2025-08-25,2025-09-02,2025-09-02,Delivered,5.0,No,No,8,0,3.930188679245284,1413.6100000000001,1
ORD101405,CUST12422,2025-07-22,Mumbai,Mumbai,Pune,760.2,Beauty,5,2.67,Express,Shadowfax,5504.39,843.68,5.06,2025-07-24,2025-07-29,2025-07-29,Delivered,4.0,No,No,5,0,7.240712970270981,6348.070000000001,1
ORD100231,CUST11049,2025-08-12,Bengaluru,Bengaluru,Coimbatore,407.8,Sports,4,8.15,Air,Ecom Express,3862.87,330.14,7.5,2025-08-14,2025-08-17,2025-08-18,Delayed,3.0,No,No,4,1,9.472461991172143,4193.01,0
ORD104961,CUST12417,2025-09-12,Hyderabad,Hyderabad,Bengaluru,198.7,Clothing,5,2.37,Road,Dtdc,901.04,208.42,7.63,2025-09-13,2025-09-17,2025-09-18,Delayed,4.0,No,No,5,1,4.534675390035229,1109.46,0
ORD104956,CUST11133,2025-10-28,Bengaluru,Bengaluru,Ahmedabad,158.0,Sports,5,4.34,Road,Delhivery,894.8,215.92,10.59,2025-10-31,2025-11-05,2025-11-05,Delivered,5.0,No,No,5,0,5.663291139240506,1110.72,1
ORD101960,CUST11684,2025-09-19,Mumbai,Mumbai,Indore,534.5,Beauty,2,5.98,Road,Dtdc,2294.21,463.28,9.08,2025-09-22,2025-09-28,2025-09-28,Delivered,4.0,No,No,6,0,4.292254443405051,2757.49,1
ORD101241,CUST10098,2025-04-18,Pune,Pune,Chennai,289.0,Automotive,1,7.11,Air,Xpressbees,2906.56,298.9,7.83,2025-04-20,2025-04-23,2025-04-23,Delivered,5.0,No,No,3,0,10.057301038062283,3205.46,1
ORD102202,CUST11422,2025-05-23,Hyderabad,Hyderabad,Ahmedabad,288.3,Sports,3,13.17,Air,Ecom Express,2899.31,225.36,10.89,2025-05-26,2025-05-30,2025-05-30,Delivered,5.0,No,No,4,0,10.056573014221296,3124.67,1
ORD103560,CUST11197,2025-07-27,Delhi,Delhi,Bhopal,274.9,Beauty,1,10.7,Road,Blue Dart,1409.3,165.38,11.8,2025-07-30,2025-08-04,2025-08-04,Delivered,4.0,No,No,5,0,5.126591487813751,1574.6799999999998,1
ORD102268,CUST10175,2025-08-07,Pune,Pune,Mumbai,1183.1,Home & Kitchen,7,4.47,Road,Blue Dart,5132.41,1237.82,8.65,2025-08-09,2025-08-16,2025-08-16,Delivered,4.0,No,No,7,0,4.3381032879722765,6370.23,1
ORD103753,CUST12277,2025-12-06,Chennai,Chennai,Vijayawada,782.2,Clothing,4,9.09,Express,Ecom Express,5743.22,673.14,8.87,2025-12-09,2025-12-13,2025-12-13,Delivered,4.0,No,No,4,0,7.342393249808233,6416.360000000001,1
ORD104192,CUST10329,2025-07-16,Mumbai,Mumbai,Jaipur,234.5,Automotive,4,1.46,Road,Blue Dart,1062.62,166.34,8.6,2025-07-18,2025-07-24,2025-07-31,Delayed,3.0,No,No,13,7,4.531428571428571,1228.9599999999998,0
ORD102867,CUST10375,2025-08-05,Mumbai,Mumbai,Pune,635.1,Clothing,3,3.3,Rail,Xpressbees,2171.84,697.37,12.54,2025-08-07,2025-08-13,2025-08-17,Delayed,3.0,No,No,10,4,3.419681939851992,2869.21,0
ORD101917,CUST10698,2025-05-11,Bengaluru,Bengaluru,Bhopal,608.5,Books,7,6.22,Road,Shadowfax,2663.38,561.93,8.0,2025-05-13,2025-05-19,2025-05-19,Delivered,5.0,No,No,6,0,4.37695973705834,3225.31,1
ORD100918,CUST10011,2025-04-27,Bengaluru,Bengaluru,Surat,273.9,Electronics,3,5.38,Road,Xpressbees,1370.92,256.67,6.84,2025-04-29,2025-05-04,2025-05-04,Delivered,5.0,No,No,5,0,5.005184373859073,1627.5900000000001,1
ORD104614,CUST10551,2025-10-02,Pune,Pune,Coimbatore,177.4,Grocery,6,23.19,Road,Dtdc,1263.17,94.49,5.57,2025-10-04,2025-10-09,2025-10-09,Delivered,4.0,No,Yes,5,0,7.120462232243518,1357.66,1
ORD101703,CUST11148,2025-01-31,Bengaluru,Bengaluru,Lucknow,393.6,Grocery,4,0.55,Road,Dtdc,1752.93,360.14,6.16,2025-02-02,2025-02-08,2025-02-10,Delayed,4.0,No,No,8,2,4.45358231707317,2113.07,0
ORD101169,CUST12246,2025-03-27,Delhi,Delhi,Nagpur,424.6,Home & Kitchen,7,8.94,Road,Xpressbees,1927.34,371.4,9.71,2025-03-30,2025-04-05,2025-04-06,Delayed,4.0,No,No,7,1,4.5391898257183225,2298.74,0
ORD101695,CUST10220,2025-09-16,Bengaluru,Bengaluru,Pune,497.1,Clothing,4,8.59,Air,Blue Dart,4704.53,453.46,5.53,2025-09-18,2025-09-22,2025-09-22,Delivered,5.0,No,No,4,0,9.46395091530879,5157.99,1
ORD104428,CUST12543,2025-04-08,Delhi,Delhi,Kochi,1046.0,Automotive,3,7.51,Road,Blue Dart,4533.81,772.44,7.25,2025-04-10,2025-04-16,2025-04-16,Delivered,5.0,No,Yes,6,0,4.33442638623327,5306.25,1
ORD104239,CUST10560,2025-03-07,Pune,Pune,Surat,312.1,Home & Kitchen,1,5.08,Road,Delhivery,1442.47,173.73,11.81,2025-03-10,2025-03-17,2025-03-17,Delivered,5.0,No,No,7,0,4.621819929509773,1616.2,1
ORD104932,CUST10003,2025-08-17,Hyderabad,Hyderabad,Kolkata,196.4,Automotive,2,7.85,Road,Xpressbees,984.45,205.65,5.77,2025-08-18,2025-08-23,2025-08-24,Delayed,4.0,No,No,6,1,5.012474541751527,1190.1000000000001,0
ORD104966,CUST12651,2025-11-17,Bengaluru,Bengaluru,Indore,113.6,Books,5,2.82,Road,Shadowfax,599.96,110.06,4.9,2025-11-19,2025-11-24,2025-11-24,Delivered,5.0,No,No,5,0,5.2813380281690145,710.02,1
ORD103507,CUST12445,2025-01-01,Hyderabad,Hyderabad,Chennai,385.8,Home & Kitchen,5,6.03,Road,Shadowfax,1921.76,283.77,11.9,2025-01-05,2025-01-10,2025-01-10,Delivered,5.0,No,No,5,0,4.981233799896319,2205.5299999999997,1
ORD103841,CUST11979,2025-04-12,Bengaluru,Bengaluru,Indore,593.2,Grocery,3,10.33,Express,Shadowfax,4338.48,621.98,7.04,2025-04-14,2025-04-17,2025-04-20,Delayed,4.0,No,No,6,3,7.313688469318946,4960.459999999999,0
ORD101447,CUST12664,2025-11-13,Bengaluru,Bengaluru,Kolkata,237.9,Clothing,5,2.42,Road,Blue Dart,1117.02,177.61,9.68,2025-11-15,2025-11-20,2025-11-24,Delayed,3.0,No,No,9,4,4.695334174022698,1294.63,0
ORD103638,CUST10566,2025-11-01,Mumbai,Mumbai,Surat,176.0,Electronics,5,5.14,Road,Xpressbees,906.02,200.44,10.0,2025-11-04,2025-11-09,2025-11-09,Delivered,5.0,No,No,5,0,5.147840909090909,1106.46,1
ORD102939,CUST12437,2025-05-07,Chennai,Chennai,Lucknow,227.2,Electronics,6,3.53,Air,Ecom Express,2207.14,174.81,7.63,2025-05-09,2025-05-12,2025-05-12,Delivered,4.0,No,Yes,3,0,9.714524647887323,2381.95,1
ORD104292,CUST10847,2025-08-08,Delhi,Delhi,Jaipur,511.1,Automotive,4,8.02,Rail,Xpressbees,1633.1,499.37,10.53,2025-08-11,2025-08-18,2025-08-18,Delivered,5.0,No,No,7,0,3.19526511445901,2132.47,1
ORD104998,CUST10215,2025-02-24,Bengaluru,Bengaluru,Visakhapatnam,295.5,Grocery,5,7.97,Road,Shadowfax,1410.45,342.18,9.96,2025-02-26,2025-03-03,2025-03-06,Delayed,4.0,No,No,8,3,4.7730964467005075,1752.63,0
ORD101425,CUST10219,2025-01-22,Hyderabad,Hyderabad,Lucknow,200.3,Sports,7,2.22,Air,Blue Dart,1998.22,244.98,5.29,2025-01-25,2025-01-27,2025-01-27,Delivered,5.0,No,No,2,0,9.976135796305542,2243.2,1
ORD100179,CUST11984,2025-07-01,Chennai,Chennai,Bhopal,234.8,Home & Kitchen,3,1.53,Rail,Shadowfax,851.98,153.98,6.93,2025-07-03,2025-07-10,2025-07-10,Delivered,5.0,No,No,7,0,3.6285349233390116,1005.96,1
ORD103846,CUST12634,2025-04-12,Chennai,Chennai,Ahmedabad,227.9,Electronics,5,1.43,Road,Dtdc,988.66,198.99,8.18,2025-04-14,2025-04-18,2025-04-18,Delivered,4.0,No,No,4,0,4.33813075910487,1187.65,1
ORD100211,CUST12438,2025-04-02,Mumbai,Mumbai,Lucknow,397.8,Sports,4,0.5,Road,Ecom Express,1796.12,322.67,11.88,2025-04-05,2025-04-11,2025-04-11,Delivered,4.0,No,No,6,0,4.5151332327802916,2118.79,1
ORD101767,CUST11969,2025-09-28,Bengaluru,Bengaluru,Kolkata,760.7,Beauty,3,9.67,Road,Blue Dart,3513.54,667.36,7.08,2025-09-30,2025-10-06,2025-10-09,Delayed,4.0,No,No,9,3,4.618824766662285,4180.9,0
ORD102191,CUST11422,2025-01-30,Mumbai,Mumbai,Nagpur,257.2,Beauty,2,4.98,Rail,Delhivery,1093.76,134.36,6.89,2025-02-02,2025-02-08,2025-02-08,Delivered,4.0,No,No,6,0,4.252566096423017,1228.12,1
ORD103408,CUST10850,2025-09-07,Delhi,Delhi,Lucknow,300.7,Clothing,3,5.19,Air,Xpressbees,2845.59,350.34,11.15,2025-09-10,2025-09-12,2025-09-12,Delivered,4.0,No,No,2,0,9.46321915530429,3195.9300000000003,1
ORD104064,CUST12771,2025-07-25,Delhi,Delhi,Bhopal,588.7,Beauty,1,2.32,Air,Shadowfax,5251.23,624.13,10.25,2025-07-27,2025-07-31,2025-07-31,Delivered,5.0,No,Yes,4,0,8.920044165109562,5875.36,1
ORD103907,CUST12524,2025-05-02,Hyderabad,Hyderabad,Kolkata,687.7,Books,1,9.13,Rail,Dtdc,2399.39,633.04,7.44,2025-05-04,2025-05-12,2025-05-13,Delayed,3.0,No,No,9,1,3.489006834375454,3032.43,0
ORD101747,CUST10004,2025-02-26,Mumbai,Mumbai,Vijayawada,155.2,Sports,6,11.63,Express,Dtdc,1278.91,149.1,8.76,2025-02-28,2025-03-04,2025-03-04,Delivered,4.0,No,No,4,0,8.240399484536084,1428.01,1
ORD103278,CUST12145,2025-07-29,Bengaluru,Bengaluru,Hyderabad,189.1,Sports,5,5.79,Air,Shadowfax,1829.17,120.89,12.02,2025-07-31,2025-08-02,2025-08-06,Delayed,3.0,No,No,6,4,9.673030142781597,1950.0600000000002,0
ORD102616,CUST10530,2025-12-23,Chennai,Chennai,Nagpur,157.0,Automotive,3,3.95,Express,Shadowfax,1318.29,83.93,7.73,2025-12-25,2025-12-29,2025-12-29,Delivered,4.0,No,No,4,0,8.396751592356688,1402.22,1
ORD104743,CUST10152,2025-06-14,Hyderabad,Hyderabad,Nagpur,383.3,Beauty,1,9.15,Air,Ecom Express,3637.16,423.71,3.12,2025-06-15,2025-06-16,2025-06-16,Delivered,5.0,No,No,1,0,9.489068614662143,4060.87,1
ORD101229,CUST10567,2025-05-11,Bengaluru,Bengaluru,Lucknow,40.9,Beauty,1,2.24,Air,Blue Dart,331.08,92.86,8.72,2025-05-14,2025-05-16,2025-05-22,Delayed,4.0,No,No,8,6,8.094865525672372,423.94,0
ORD103905,CUST12665,2025-12-24,Pune,Pune,Jaipur,445.0,Sports,2,4.84,Road,Xpressbees,2002.06,475.18,7.6,2025-12-26,2025-12-31,2025-12-31,Delivered,5.0,No,No,5,0,4.499011235955056,2477.24,1
ORD104989,CUST11424,2025-01-25,Delhi,Delhi,Nagpur,325.1,Home & Kitchen,4,3.7,Air,Delhivery,3042.57,361.35,12.14,2025-01-28,2025-01-31,2025-01-31,Delivered,4.0,No,No,3,0,9.358874192556137,3403.92,1
ORD100098,CUST11248,2025-05-23,Mumbai,Mumbai,Indore,220.5,Sports,1,4.85,Rail,Delhivery,779.47,196.75,9.73,2025-05-25,2025-05-31,2025-05-31,Delivered,3.0,No,No,6,0,3.5350113378684807,976.22,1
ORD103537,CUST10601,2025-01-20,Pune,Pune,Kochi,123.1,Clothing,4,4.83,Express,Blue Dart,991.17,74.91,11.56,2025-01-22,2025-01-26,2025-01-30,Delayed,4.0,No,No,8,4,8.05174654752234,1066.08,0
ORD104659,CUST10015,2025-03-17,Delhi,Delhi,Mumbai,421.8,Clothing,6,1.15,Air,Delhivery,3833.31,422.98,10.52,2025-03-20,2025-03-23,2025-03-23,Delivered,5.0,No,No,3,0,9.087980085348507,4256.29,1
ORD104517,CUST10396,2025-11-01,Hyderabad,Hyderabad,Hyderabad,1140.8,Automotive,2,2.89,Rail,Shadowfax,3608.91,1307.0,6.37,2025-11-03,2025-11-11,2025-11-16,Delayed,4.0,No,No,13,5,3.163490532959327,4915.91,0
ORD103565,CUST10484,2025-05-08,Mumbai,Mumbai,Bengaluru,890.1,Beauty,6,19.11,Rail,Ecom Express,3148.21,611.3,10.31,2025-05-11,2025-05-19,2025-05-24,Delayed,4.0,No,No,13,5,3.5369172003145715,3759.51,0
ORD101666,CUST10118,2025-09-06,Hyderabad,Hyderabad,Jaipur,318.4,Books,1,1.88,Express,Ecom Express,2273.42,226.83,5.82,2025-09-08,2025-09-12,2025-09-12,Delivered,5.0,No,No,4,0,7.140138190954775,2500.25,1
ORD102570,CUST11800,2025-06-02,Bengaluru,Bengaluru,Visakhapatnam,130.9,Beauty,6,2.41,Rail,Delhivery,571.82,102.58,6.52,2025-06-04,2025-06-09,2025-06-12,Delayed,2.0,No,No,8,3,4.368372803666921,674.4000000000001,0
ORD101434,CUST11149,2025-01-25,Pune,Pune,Bhopal,928.2,Electronics,4,1.62,Road,Dtdc,4006.3,909.42,8.81,2025-01-28,2025-02-05,2025-02-05,Delivered,5.0,No,No,8,0,4.316203404438698,4915.72,1
ORD104656,CUST10941,2025-11-29,Delhi,Delhi,Nagpur,509.1,Electronics,2,2.16,Rail,Xpressbees,1778.85,490.73,10.82,2025-12-02,2025-12-09,2025-12-09,Delivered,4.0,No,No,7,0,3.4941072480848554,2269.58,1
ORD100076,CUST12610,2025-09-19,Chennai,Chennai,Jaipur,247.8,Automotive,1,0.62,Road,Dtdc,1044.95,236.42,8.79,2025-09-22,2025-09-27,2025-09-27,Delivered,4.0,No,No,5,0,4.216908797417272,1281.3700000000001,1
ORD102701,CUST12088,2025-11-30,Bengaluru,Bengaluru,Kochi,389.2,Home & Kitchen,6,8.09,Express,Delhivery,2851.2,216.87,8.38,2025-12-03,2025-12-07,2025-12-07,Delivered,4.0,No,No,4,0,7.325796505652621,3068.0699999999997,1
ORD102942,CUST12238,2025-09-23,Bengaluru,Bengaluru,Kolkata,157.8,Clothing,3,6.74,Road,Delhivery,923.98,98.98,6.14,2025-09-25,2025-09-30,2025-09-30,Delivered,4.0,No,No,5,0,5.855386565272497,1022.96,1
ORD100938,CUST11657,2025-04-02,Bengaluru,Bengaluru,Jaipur,180.1,Beauty,1,1.8,Road,Blue Dart,790.51,130.34,5.22,2025-04-04,2025-04-08,2025-04-12,Delayed,3.0,No,No,8,4,4.389283731260411,920.85,0
ORD100817,CUST11387,2025-12-01,Chennai,Chennai,Kolkata,96.2,Home & Kitchen,4,4.37,Express,Shadowfax,763.23,112.54,3.91,2025-12-03,2025-12-06,2025-12-12,Delayed,2.0,No,No,9,6,7.933783783783784,875.77,0
ORD100723,CUST12149,2025-05-06,Delhi,Delhi,Lucknow,164.1,Beauty,4,5.6,Road,Ecom Express,874.18,128.24,9.09,2025-05-08,2025-05-14,2025-05-14,Delivered,4.0,No,No,6,0,5.3271176112126755,1002.42,1
ORD104651,CUST12545,2025-08-14,Bengaluru,Bengaluru,Vijayawada,437.7,Electronics,6,6.35,Road,Shadowfax,1944.91,479.3,6.5,2025-08-16,2025-08-21,2025-08-21,Delivered,5.0,No,No,5,0,4.443477267534842,2424.21,1
ORD100155,CUST12486,2025-06-07,Bengaluru,Bengaluru,Delhi,51.3,Grocery,7,10.58,Express,Ecom Express,607.05,64.87,5.51,2025-06-08,2025-06-10,2025-06-10,Delivered,4.0,No,No,2,0,11.833333333333334,671.92,1
ORD103879,CUST11402,2025-07-31,Mumbai,Mumbai,Vijayawada,413.2,Grocery,3,3.51,Air,Ecom Express,3850.82,347.18,13.37,2025-08-04,2025-08-06,2025-08-06,Delivered,4.0,No,No,2,0,9.319506292352372,4198.0,1
ORD104286,CUST11854,2025-04-21,Bengaluru,Bengaluru,Mumbai,951.6,Beauty,4,11.67,Rail,Xpressbees,3229.83,1053.98,8.3,2025-04-23,2025-05-01,2025-05-04,Delayed,3.0,No,Yes,11,3,3.394104665825977,4283.8099999999995,0
ORD104518,CUST10617,2025-09-12,Delhi,Delhi,Surat,150.8,Automotive,2,5.21,Road,Shadowfax,773.63,96.62,9.61,2025-09-14,2025-09-19,2025-09-19,Delivered,5.0,No,No,5,0,5.130172413793103,870.25,1
ORD100267,CUST12114,2025-10-04,Chennai,Chennai,Pune,344.3,Books,7,4.18,Express,Blue Dart,2473.18,202.2,6.36,2025-10-06,2025-10-10,2025-10-10,Delivered,4.0,No,No,4,0,7.1832123148417075,2675.3799999999997,1
ORD101908,CUST12614,2025-01-12,Bengaluru,Bengaluru,Nagpur,710.7,Home & Kitchen,4,2.63,Road,Shadowfax,3147.24,658.03,11.72,2025-01-15,2025-01-21,2025-01-21,Delivered,5.0,No,No,6,0,4.4283663993246085,3805.2699999999995,1
ORD103203,CUST12443,2025-05-24,Pune,Pune,Nagpur,177.8,Automotive,1,1.08,Express,Dtdc,1289.62,156.82,12.81,2025-05-26,2025-05-30,2025-05-30,Delivered,3.0,No,No,4,0,7.2532058492688405,1446.4399999999998,1
ORD104832,CUST12395,2025-05-28,Chennai,Chennai,Kolkata,873.5,Sports,3,11.38,Rail,Dtdc,3152.34,868.59,6.64,2025-05-30,2025-06-06,2025-06-06,Delivered,4.0,No,No,7,0,3.608860904407556,4020.9300000000003,1
ORD100037,CUST10713,2025-10-25,Delhi,Delhi,Ahmedabad,350.3,Beauty,1,9.57,Road,Ecom Express,1667.69,304.04,8.61,2025-10-28,2025-11-02,2025-11-02,Delivered,5.0,No,No,5,0,4.760747930345418,1971.73,1
ORD101005,CUST11250,2025-09-08,Hyderabad,Hyderabad,Visakhapatnam,95.7,Automotive,5,0.77,Air,Dtdc,1004.68,101.9,7.74,2025-09-10,2025-09-11,2025-09-16,Delayed,4.0,No,No,6,5,10.498223615464994,1106.58,0
ORD101715,CUST11919,2025-08-23,Pune,Pune,Nagpur,376.7,Home & Kitchen,4,4.16,Road,Xpressbees,1806.5,371.57,11.3,2025-08-25,2025-08-31,2025-08-31,Delivered,5.0,No,No,6,0,4.79559331032652,2178.07,1
ORD102204,CUST12311,2025-09-16,Bengaluru,Bengaluru,Hyderabad,275.1,Sports,5,17.5,Rail,Xpressbees,1214.38,197.04,10.89,2025-09-18,2025-09-24,2025-09-24,Delivered,4.0,No,No,6,0,4.414322064703744,1411.42,1
ORD100901,CUST12787,2025-01-06,Delhi,Delhi,Vijayawada,210.5,Home & Kitchen,7,4.87,Road,Blue Dart,1061.26,165.88,11.63,2025-01-09,2025-01-13,2025-01-13,Delivered,5.0,No,No,4,0,5.041615201900237,1227.1399999999999,1
ORD100079,CUST10500,2025-12-07,Delhi,Delhi,Coimbatore,719.9,Home & Kitchen,5,3.35,Road,Xpressbees,3219.01,771.52,8.9,2025-12-09,2025-12-15,2025-12-15,Delivered,5.0,No,No,6,0,4.471468259480484,3990.53,1
ORD101240,CUST11229,2025-11-02,Hyderabad,Hyderabad,Delhi,345.4,Automotive,2,2.49,Express,Shadowfax,2526.16,282.04,8.96,2025-11-04,2025-11-08,2025-11-08,Delivered,4.0,No,No,4,0,7.313723219455704,2808.2,1
ORD101881,CUST11455,2025-03-21,Hyderabad,Hyderabad,Chennai,126.9,Automotive,3,5.76,Air,Dtdc,1154.07,138.73,6.67,2025-03-23,2025-03-26,2025-03-28,Delayed,4.0,Yes,Yes,5,2,9.09432624113475,1292.8,0
ORD102423,CUST10955,2025-03-06,Hyderabad,Hyderabad,Lucknow,41.1,Clothing,6,6.64,Road,Shadowfax,378.12,20.0,8.18,2025-03-08,2025-03-11,2025-03-11,Delivered,4.0,No,No,3,0,9.2,398.12,1
ORD100403,CUST10486,2025-08-25,Hyderabad,Hyderabad,Bengaluru,243.8,Electronics,5,4.7,Road,Delhivery,1214.42,257.18,9.02,2025-08-27,2025-09-02,2025-09-05,Delayed,3.0,Yes,No,9,3,4.981214109926169,1471.6000000000001,0
ORD102245,CUST10827,2025-01-18,Bengaluru,Bengaluru,Delhi,297.3,Books,6,3.54,Road,Ecom Express,1424.61,229.35,0.0,2025-01-20,2025-01-26,2025-01-29,Delayed,5.0,No,No,9,3,4.791826437941473,1653.9599999999998,0
ORD104485,CUST10031,2025-05-17,Hyderabad,Hyderabad,Bhopal,206.6,Clothing,2,4.64,Air,Dtdc,1875.92,147.83,9.63,2025-05-19,2025-05-22,2025-05-22,Delivered,3.0,No,No,3,0,9.07996127783156,2023.75,1
ORD100178,CUST12708,2025-03-05,Mumbai,Mumbai,Pune,230.8,Home & Kitchen,6,4.63,Rail,Ecom Express,939.04,288.04,9.37,2025-03-09,2025-03-15,2025-03-16,Delayed,4.0,No,No,7,1,4.068630849220104,1227.08,0
ORD101402,CUST12683,2025-08-21,Mumbai,Mumbai,Hyderabad,242.4,Electronics,3,5.86,Air,Delhivery,2407.34,255.35,4.13,2025-08-23,2025-08-25,2025-08-25,Delivered,4.0,No,No,2,0,9.931270627062707,2662.69,1
ORD102189,CUST11254,2025-09-08,Delhi,Delhi,Bhopal,532.0,Books,2,9.19,Road,Blue Dart,2371.42,369.93,11.53,2025-09-11,2025-09-18,2025-09-18,Delivered,5.0,No,No,7,0,4.457556390977444,2741.35,1
ORD102592,CUST10521,2025-11-12,Bengaluru,Bengaluru,Jaipur,198.3,Beauty,3,4.39,Express,Ecom Express,1509.28,125.73,7.98,2025-11-14,2025-11-17,2025-11-17,Delivered,4.0,No,No,3,0,7.611094301563288,1635.01,1
ORD104049,CUST10731,2025-02-12,Delhi,Delhi,Vijayawada,412.3,Clothing,2,6.68,Road,Blue Dart,1899.4,465.84,9.7,2025-02-15,2025-02-20,2025-02-22,Delayed,4.0,No,No,7,2,4.606839679844773,2365.2400000000002,0
ORD100413,CUST10665,2025-10-23,Chennai,Chennai,Visakhapatnam,173.4,Home & Kitchen,6,1.71,Air,Ecom Express,1564.59,162.68,11.21,2025-10-26,2025-10-28,2025-10-28,Delivered,4.0,No,No,2,0,9.023010380622837,1727.27,1
ORD101186,CUST10187,2025-11-09,Hyderabad,Hyderabad,Ahmedabad,567.2,Automotive,1,4.18,Air,Blue Dart,5180.74,626.53,0.0,2025-11-10,2025-11-13,2025-11-13,Delivered,3.0,No,No,3,0,9.13388575458392,5807.2699999999995,1
ORD101250,CUST10438,2025-03-10,Mumbai,Mumbai,Kochi,656.9,Electronics,6,3.85,Road,Delhivery,2733.94,585.12,7.47,2025-03-12,2025-03-19,2025-03-19,Delivered,3.0,No,No,7,0,4.161881564926168,3319.06,1
ORD104671,CUST10002,2025-09-06,Delhi,Delhi,Kochi,221.8,Books,2,6.71,Rail,Shadowfax,865.93,0.0,10.19,2025-09-08,2025-09-14,2025-09-17,Delayed,4.0,No,No,9,3,3.9041027953110907,865.93,0
ORD100960,CUST11300,2025-04-28,Delhi,Delhi,Indore,339.2,Home & Kitchen,1,2.52,Road,Blue Dart,1524.67,345.67,8.83,2025-04-30,2025-05-05,2025-05-05,Delivered,5.0,No,Yes,5,0,4.494899764150944,1870.3400000000001,1
ORD104195,CUST10144,2025-01-02,Chennai,Chennai,Bhopal,813.8,Grocery,6,1.05,Road,Delhivery,3413.43,573.2,5.76,2025-01-03,2025-01-09,2025-01-09,Delivered,4.0,No,No,6,0,4.194433521749816,3986.63,1
ORD104237,CUST12786,2025-11-08,Pune,Pune,Vijayawada,335.9,Beauty,1,2.31,Road,Shadowfax,1516.4,355.58,9.17,2025-11-11,2025-11-16,2025-11-17,Delayed,3.0,No,No,6,1,4.514438821077702,1871.98,0
ORD104635,CUST11171,2025-01-02,Hyderabad,Hyderabad,Coimbatore,203.4,Beauty,4,8.32,Air,Shadowfax,1957.16,158.32,7.2,2025-01-05,2025-01-07,2025-01-07,Delivered,4.0,No,No,2,0,9.622222222222222,2115.48,1
ORD104806,CUST10657,2025-06-02,Hyderabad,Hyderabad,Visakhapatnam,349.5,Home & Kitchen,2,19.82,Road,Delhivery,1759.87,401.27,4.67,2025-06-05,2025-06-10,2025-06-10,Delivered,4.0,No,No,5,0,5.0353934191702425,2161.14,1
ORD102987,CUST12091,2025-08-02,Mumbai,Mumbai,Bengaluru,664.7,Automotive,4,19.68,Air,Xpressbees,6327.37,607.89,11.21,2025-08-04,2025-08-07,2025-08-07,Delivered,4.0,No,Yes,3,0,9.519136452534978,6935.26,1
ORD103887,CUST11493,2025-07-16,Delhi,Delhi,Chennai,86.9,Books,2,5.09,Air,Shadowfax,991.02,31.1,6.77,2025-07-18,2025-07-20,2025-07-20,Delivered,4.0,No,No,2,0,11.404142692750288,1022.12,1
ORD102924,CUST12377,2025-10-08,Delhi,Delhi,Nagpur,373.7,Clothing,4,5.97,Road,Shadowfax,1736.29,243.32,5.26,2025-10-10,2025-10-13,2025-10-18,Delayed,3.0,No,No,8,5,4.646213540272946,1979.61,0
ORD100054,CUST11015,2025-03-18,Bengaluru,Bengaluru,Chennai,387.4,Sports,7,5.33,Air,Blue Dart,3766.21,321.16,9.81,2025-03-20,2025-03-22,2025-03-22,Delivered,4.0,No,No,2,0,9.721760454310791,4087.37,1
ORD100067,CUST12431,2025-05-31,Chennai,Chennai,Vijayawada,280.7,Clothing,4,1.02,Express,Shadowfax,1996.11,216.37,7.43,2025-06-03,2025-06-06,2025-06-06,Delivered,4.0,No,No,3,0,7.111186319914499,2212.48,1
ORD104619,CUST10218,2025-03-04,Mumbai,Mumbai,Visakhapatnam,767.4,Clothing,5,4.12,Express,Shadowfax,5384.99,754.03,9.77,2025-03-07,2025-03-12,2025-03-12,Delivered,5.0,No,No,5,0,7.017187907219181,6139.0199999999995,1
ORD103126,CUST12115,2025-01-29,Chennai,Chennai,Hyderabad,166.3,Sports,6,5.39,Road,Xpressbees,757.82,86.71,0.0,2025-02-01,2025-02-07,2025-02-11,Delayed,3.0,No,Yes,10,4,4.556945279615153,844.5300000000001,0
ORD100966,CUST12275,2025-03-03,Hyderabad,Hyderabad,Vijayawada,506.2,Clothing,1,2.0,Air,Delhivery,4719.81,531.51,7.68,2025-03-05,2025-03-09,2025-03-11,Delayed,4.0,No,No,6,2,9.324002370604505,5251.320000000001,0
ORD103911,CUST12722,2025-11-29,Bengaluru,Bengaluru,Kochi,110.6,Clothing,2,1.06,Road,Dtdc,557.14,76.29,6.95,2025-12-01,2025-12-07,2025-12-07,Delivered,3.0,No,No,6,0,5.037432188065099,633.43,1
ORD101291,CUST10287,2025-03-22,Hyderabad,Hyderabad,Bengaluru,436.7,Beauty,7,13.66,Road,Ecom Express,2173.24,415.02,6.46,2025-03-24,2025-03-30,2025-03-30,Delivered,4.0,No,No,6,0,4.976505610258759,2588.2599999999998,1
ORD104658,CUST12239,2025-09-01,Bengaluru,Bengaluru,Jaipur,679.3,Books,5,7.14,Road,Blue Dart,3132.94,696.5,6.53,2025-09-03,2025-09-07,2025-09-09,Delayed,4.0,No,No,6,2,4.612012365670544,3829.44,0
ORD104827,CUST10324,2025-10-12,Bengaluru,Bengaluru,Vijayawada,201.0,Grocery,5,6.97,Express,Delhivery,1619.88,212.56,8.8,2025-10-15,2025-10-18,2025-10-18,Delivered,4.0,Yes,No,3,0,8.05910447761194,1832.44,1
ORD101280,CUST11573,2025-08-15,Delhi,Delhi,Vijayawada,485.2,Books,7,12.58,Air,Dtdc,4526.85,510.97,10.88,2025-08-18,2025-08-21,2025-08-21,Delivered,4.0,No,Yes,3,0,9.329863973619126,5037.820000000001,1
ORD100039,CUST10163,2025-08-26,Pune,Pune,Ahmedabad,436.8,Clothing,1,2.54,Road,Dtdc,1920.42,336.04,8.82,2025-08-29,2025-09-04,2025-09-09,Delayed,2.0,No,No,11,5,4.396565934065934,2256.46,0
ORD104060,CUST12108,2025-11-03,Mumbai,Mumbai,Lucknow,398.5,Beauty,2,9.42,Road,Blue Dart,1863.26,344.31,11.48,2025-11-07,2025-11-13,2025-11-13,Delivered,4.0,No,No,6,0,4.675683814303639,2207.57,1
ORD101020,CUST11633,2025-01-05,Mumbai,Mumbai,Indore,525.4,Beauty,6,1.44,Air,Shadowfax,4861.57,367.4,10.08,2025-01-08,2025-01-11,2025-01-11,Delivered,5.0,No,No,3,0,9.253083365055195,5228.969999999999,1
ORD102371,CUST12055,2025-11-24,Chennai,Chennai,Bhopal,258.4,Clothing,7,10.59,Express,Delhivery,2002.9,189.2,9.6,2025-11-25,2025-11-29,2025-11-29,Delivered,4.0,No,No,4,0,7.7511609907120755,2192.1,1
ORD103849,CUST10459,2025-06-14,Pune,Pune,Coimbatore,162.3,Beauty,2,2.04,Road,Dtdc,694.93,175.34,11.09,2025-06-17,2025-06-22,2025-06-22,Delivered,3.0,No,No,5,0,4.281762168823167,870.27,1
ORD103258,CUST11323,2025-08-02,Chennai,Chennai,Jaipur,1058.9,Home & Kitchen,5,7.15,Road,Delhivery,4440.62,1159.83,9.18,2025-08-04,2025-08-11,2025-08-11,Delivered,4.0,No,No,7,0,4.1936160166210215,5600.45,1
ORD100087,CUST12435,2025-02-19,Bengaluru,Bengaluru,Coimbatore,819.1,Beauty,3,8.45,Express,Xpressbees,5901.39,769.1,3.97,2025-02-20,2025-02-24,2025-02-24,Delivered,5.0,No,No,4,0,7.204724697839092,6670.490000000001,1
ORD103635,CUST10073,2025-03-02,Delhi,Delhi,Jaipur,410.1,Sports,1,6.81,Rail,Delhivery,1404.25,276.91,10.43,2025-03-04,2025-03-11,2025-03-11,Delivered,5.0,No,No,7,0,3.424164837844428,1681.16,1
ORD101870,CUST12425,2025-05-12,Mumbai,Mumbai,Jaipur,439.0,Home & Kitchen,6,14.24,Rail,Ecom Express,1560.64,346.19,12.03,2025-05-16,2025-05-22,2025-05-22,Delivered,4.0,No,No,6,0,3.55498861047836,1906.8300000000002,1
ORD104230,CUST12449,2025-01-17,Chennai,Chennai,Jaipur,715.1,Books,3,5.95,Air,Dtdc,6653.11,518.73,6.83,2025-01-19,2025-01-22,2025-01-27,Delayed,4.0,No,No,8,5,9.303747727590546,7171.84,0
ORD103010,CUST10801,2025-10-13,Delhi,Delhi,Indore,363.6,Automotive,7,11.76,Road,Delhivery,1792.94,279.65,9.17,2025-10-15,2025-10-20,2025-10-20,Delivered,4.0,No,No,5,0,4.931078107810781,2072.59,1
ORD104668,CUST11020,2025-10-31,Bengaluru,Bengaluru,Kolkata,192.6,Automotive,2,12.18,Express,Xpressbees,1457.81,214.27,7.46,2025-11-03,2025-11-07,2025-11-07,Delivered,4.0,No,No,4,0,7.569106957424714,1672.08,1
ORD100767,CUST12208,2025-11-28,Chennai,Chennai,Pune,625.4,Home & Kitchen,3,0.81,Road,Ecom Express,2660.26,416.5,9.37,2025-12-01,2025-12-07,2025-12-07,Delivered,5.0,No,No,6,0,4.253693636072914,3076.76,1
ORD103083,CUST11164,2025-03-24,Mumbai,Mumbai,Vijayawada,446.3,Books,4,1.16,Express,Delhivery,3276.24,257.65,11.9,2025-03-27,2025-04-01,2025-04-06,Delayed,3.0,No,No,10,5,7.340891776831727,3533.89,0
ORD104921,CUST10458,2025-06-13,Pune,Pune,Kochi,306.5,Automotive,7,3.02,Air,Delhivery,3014.7,330.52,9.6,2025-06-16,2025-06-17,2025-06-17,Delivered,4.0,No,No,1,0,9.835889070146818,3345.22,1
ORD104586,CUST12091,2025-10-26,Chennai,Chennai,Mumbai,360.9,Books,2,2.58,Rail,Dtdc,1255.38,202.99,6.04,2025-10-29,2025-11-04,2025-11-07,Delayed,4.0,No,No,9,3,3.4784704904405657,1458.3700000000001,0
ORD103559,CUST11856,2025-07-15,Pune,Pune,Indore,225.9,Grocery,6,9.83,Road,Dtdc,1263.99,147.17,10.7,2025-07-16,2025-07-21,2025-07-21,Delivered,5.0,No,No,5,0,5.59535192563081,1411.16,1
ORD101579,CUST12518,2025-08-19,Bengaluru,Bengaluru,Pune,679.5,Books,5,5.04,Air,Shadowfax,6225.05,665.37,9.69,2025-08-21,2025-08-24,2025-08-24,Delivered,4.0,No,No,3,0,9.16122148638705,6890.42,1
ORD104483,CUST10902,2025-05-02,Pune,Pune,Bengaluru,278.1,Grocery,1,7.41,Air,Delhivery,2603.24,147.17,5.08,2025-05-04,2025-05-07,2025-05-07,Delivered,5.0,No,No,3,0,9.360805465659833,2750.41,1
ORD100609,CUST12692,2025-02-22,Hyderabad,Hyderabad,Delhi,327.4,Electronics,1,5.42,Rail,Ecom Express,1210.47,222.63,4.37,2025-02-24,2025-03-01,2025-03-01,Delivered,5.0,No,No,5,0,3.6972205253512525,1433.1,1
ORD101723,CUST12602,2025-02-12,Hyderabad,Hyderabad,Lucknow,223.6,Home & Kitchen,2,3.1,Air,Xpressbees,2223.1,292.84,5.67,2025-02-14,2025-02-17,2025-02-17,Delivered,5.0,No,No,3,0,9.942307692307692,2515.94,1
ORD103674,CUST10044,2025-01-09,Delhi,Delhi,Lucknow,372.8,Electronics,1,0.89,Air,Delhivery,3430.45,368.27,8.87,2025-01-11,2025-01-13,2025-01-13,Delivered,4.0,No,No,2,0,9.201850858369099,3798.72,1
ORD103535,CUST10352,2025-02-09,Chennai,Chennai,Kolkata,351.2,Home & Kitchen,7,4.36,Rail,Ecom Express,1310.83,339.98,7.07,2025-02-11,2025-02-17,2025-02-17,Delivered,4.0,No,Yes,6,0,3.7324316628701593,1650.81,1
ORD100105,CUST11200,2025-02-04,Pune,Pune,Ahmedabad,383.1,Electronics,1,2.28,Road,Delhivery,1704.51,266.09,7.48,2025-02-05,2025-02-10,2025-02-10,Delivered,5.0,No,No,5,0,4.449256068911511,1970.6,1
ORD104169,CUST10246,2025-02-05,Chennai,Chennai,Delhi,115.5,Automotive,4,2.54,Air,Ecom Express,1199.16,151.25,5.35,2025-02-06,2025-02-08,2025-02-08,Delivered,4.0,No,No,2,0,10.382337662337664,1350.41,1
ORD101235,CUST11412,2025-07-19,Hyderabad,Hyderabad,Vijayawada,919.0,Automotive,7,6.48,Express,Shadowfax,6628.22,910.97,10.0,2025-07-21,2025-07-25,2025-07-28,Delayed,5.0,No,No,7,3,7.212426550598477,7539.1900000000005,0
ORD100458,CUST10912,2025-04-10,Delhi,Delhi,Chennai,140.6,Home & Kitchen,3,5.12,Road,Delhivery,707.43,114.51,6.88,2025-04-12,2025-04-17,2025-04-17,Delivered,4.0,No,No,5,0,5.031507823613087,821.9399999999999,1
ORD103824,CUST10183,2025-11-29,Delhi,Delhi,Visakhapatnam,133.2,Sports,1,7.84,Road,Ecom Express,602.09,120.84,7.47,2025-12-01,2025-12-05,2025-12-05,Delivered,5.0,No,No,4,0,4.520195195195196,722.9300000000001,1
ORD101888,CUST11899,2025-11-09,Hyderabad,Hyderabad,Kochi,679.0,Grocery,4,4.01,Road,Dtdc,3016.27,616.89,6.11,2025-11-12,2025-11-18,2025-11-18,Delivered,5.0,No,No,6,0,4.442223858615611,3633.16,1
ORD102736,CUST10615,2025-05-22,Bengaluru,Bengaluru,Jaipur,459.3,Electronics,6,11.94,Rail,Dtdc,0.0,416.52,11.73,2025-05-25,2025-05-30,2025-05-30,Delivered,4.0,No,No,5,0,0.0,416.52,1
ORD101482,CUST10543,2025-12-04,Mumbai,Mumbai,Visakhapatnam,340.6,Electronics,7,8.41,Road,Ecom Express,1454.34,336.26,8.34,2025-12-06,2025-12-11,2025-12-11,Delivered,4.0,No,No,5,0,4.269935408103347,1790.6,1
ORD101079,CUST10190,2025-11-13,Pune,Pune,Delhi,149.2,Electronics,2,25.57,Road,Xpressbees,1013.53,136.57,10.04,2025-11-15,2025-11-19,2025-11-19,Delivered,5.0,No,No,4,0,6.793096514745309,1150.1,1
ORD100704,CUST10518,2025-05-31,Pune,Pune,Bhopal,740.8,Clothing,6,7.04,Air,Ecom Express,6907.11,507.81,11.3,2025-06-03,2025-06-07,2025-06-07,Delivered,5.0,No,No,4,0,9.323852591792656,7414.92,1
ORD102648,CUST10921,2025-07-23,Pune,Pune,Coimbatore,479.3,Sports,5,3.36,Air,Delhivery,4544.34,482.88,10.48,2025-07-25,2025-07-28,2025-07-28,Delivered,4.0,No,No,3,0,9.48120175255581,5027.22,1
ORD100629,CUST12289,2025-11-30,Chennai,Chennai,Hyderabad,508.3,Home & Kitchen,6,8.9,Air,Delhivery,4847.6,312.15,0.0,2025-12-02,2025-12-05,2025-12-05,Delivered,4.0,No,No,3,0,9.536887664764903,5159.75,1
ORD102406,CUST10948,2025-06-15,Delhi,Delhi,Hyderabad,282.7,Sports,4,6.41,Road,Shadowfax,1246.18,225.56,11.25,2025-06-17,2025-06-24,2025-06-24,Delivered,5.0,No,No,7,0,4.408135833038557,1471.74,1
ORD104100,CUST11383,2025-12-31,Hyderabad,Hyderabad,Visakhapatnam,295.6,Clothing,2,20.61,Rail,Xpressbees,1311.46,249.87,8.0,2026-01-02,2026-01-08,2026-01-08,Delivered,5.0,No,No,6,0,4.43660351826793,1561.33,1
ORD101592,CUST11247,2025-05-10,Hyderabad,Hyderabad,Indore,150.5,Electronics,1,2.01,Express,Xpressbees,1083.55,90.44,6.92,2025-05-12,2025-05-16,2025-05-16,Delivered,5.0,No,No,4,0,7.199667774086379,1173.99,1
ORD100783,CUST11655,2025-08-20,Chennai,Chennai,Surat,346.1,Grocery,2,1.45,Rail,Shadowfax,1209.79,330.88,10.09,2025-08-22,2025-08-28,2025-08-28,Delivered,4.0,No,No,6,0,3.495492632187229,1540.67,1
ORD102576,CUST11626,2025-09-06,Hyderabad,Hyderabad,Indore,84.3,Sports,3,7.06,Rail,Ecom Express,551.38,53.38,7.83,2025-09-08,2025-09-13,2025-09-13,Delivered,4.0,No,No,5,0,6.540688018979834,604.76,1
ORD103701,CUST11910,2025-01-16,Mumbai,Mumbai,Visakhapatnam,537.8,Books,5,5.79,Air,Delhivery,5002.26,361.03,9.77,2025-01-18,2025-01-21,2025-01-21,Delivered,5.0,No,No,3,0,9.301338787653403,5363.29,1
ORD101249,CUST11551,2025-04-18,Hyderabad,Hyderabad,Kochi,416.1,Clothing,5,6.62,Road,Ecom Express,1885.46,240.12,10.49,2025-04-21,2025-04-26,2025-05-02,Delayed,3.0,No,No,11,6,4.53126652247056,2125.58,0
ORD102238,CUST10576,2025-11-19,Delhi,Delhi,Lucknow,328.0,Home & Kitchen,5,1.12,Rail,Dtdc,1197.06,255.27,10.36,2025-11-22,2025-11-30,2025-11-30,Delivered,4.0,No,No,8,0,3.649573170731707,1452.33,1
ORD100446,CUST11302,2025-03-20,Hyderabad,Hyderabad,Lucknow,440.4,Clothing,6,7.9,Rail,Dtdc,1637.97,446.88,7.74,2025-03-22,2025-03-28,2025-03-28,Delivered,5.0,No,No,6,0,3.7192779291553135,2084.85,1
ORD101244,CUST11856,2025-02-15,Delhi,Delhi,Kochi,603.1,Home & Kitchen,5,8.95,Express,Blue Dart,4320.62,593.66,12.07,2025-02-17,2025-02-21,2025-02-21,Delivered,4.0,No,No,4,0,7.164019233957884,4914.28,1
ORD104386,CUST10171,2025-10-20,Delhi,Delhi,Nagpur,355.9,Grocery,1,5.33,Rail,Shadowfax,1202.78,404.63,8.25,2025-10-22,2025-10-28,2025-10-28,Delivered,4.0,No,No,6,0,3.379544815959539,1607.4099999999999,1
ORD104559,CUST12045,2025-09-02,Hyderabad,Hyderabad,Mumbai,1000.6,Home & Kitchen,7,9.04,Road,Blue Dart,4321.29,689.24,6.34,2025-09-04,2025-09-12,2025-09-14,Delayed,3.0,No,No,10,2,4.318698780731561,5010.53,0
ORD102598,CUST12204,2025-09-08,Mumbai,Mumbai,Kochi,318.6,Grocery,6,6.2,Road,Blue Dart,1464.82,224.21,11.87,2025-09-11,2025-09-16,2025-09-21,Delayed,3.0,No,No,10,5,4.597677338355304,1689.03,0
ORD103359,CUST11788,2025-03-17,Bengaluru,Bengaluru,Kolkata,175.1,Home & Kitchen,6,3.33,Road,Xpressbees,787.89,258.21,9.4,2025-03-20,2025-03-26,2025-03-26,Delivered,4.0,No,No,6,0,4.499657338663621,1046.1,1
ORD101912,CUST12484,2025-05-12,Mumbai,Mumbai,Visakhapatnam,148.3,Electronics,4,2.78,Road,Dtdc,632.35,127.93,11.92,2025-05-15,2025-05-20,2025-05-20,Delivered,5.0,No,No,5,0,4.263991908293998,760.28,1
ORD102746,CUST10819,2025-05-31,Pune,Pune,Ahmedabad,53.7,Beauty,4,2.2,Road,Delhivery,168.83,33.1,11.47,2025-06-02,2025-06-07,2025-06-07,Delivered,5.0,No,No,5,0,3.1439478584729983,201.93,1
ORD104686,CUST12219,2025-04-09,Hyderabad,Hyderabad,Lucknow,171.6,Home & Kitchen,7,8.49,Road,Ecom Express,927.73,193.49,6.55,2025-04-10,2025-04-14,2025-04-16,Delayed,4.0,No,No,6,2,5.406351981351982,1121.22,0
ORD104577,CUST12319,2025-03-02,Chennai,Chennai,Bhopal,153.7,Sports,4,7.12,Express,Shadowfax,1191.82,164.73,5.66,2025-03-03,2025-03-05,2025-03-07,Delayed,2.0,No,No,4,2,7.754196486662329,1356.55,0
ORD104847,CUST11953,2025-01-03,Bengaluru,Bengaluru,Jaipur,397.1,Sports,3,2.87,Road,Ecom Express,1764.87,375.75,7.82,2025-01-05,2025-01-09,2025-01-09,Delivered,4.0,No,No,4,0,4.444396877360866,2140.62,1
ORD103313,CUST12665,2025-08-28,Pune,Pune,Visakhapatnam,560.2,Automotive,4,3.08,Air,Ecom Express,5028.98,499.01,10.49,2025-08-31,2025-09-02,2025-09-02,Delivered,5.0,No,No,2,0,8.977115315958585,5527.99,1
ORD100886,CUST11879,2025-06-21,Chennai,Chennai,Jaipur,473.0,Electronics,4,1.17,Express,Shadowfax,3440.68,478.43,8.89,2025-06-23,2025-06-28,2025-06-28,Delivered,4.0,No,No,5,0,7.2741649048625785,3919.1099999999997,1
ORD103317,CUST10961,2025-09-11,Delhi,Delhi,Ahmedabad,708.4,Sports,6,2.39,Air,Dtdc,6440.64,547.02,12.75,2025-09-14,2025-09-19,2025-09-19,Delivered,4.0,No,No,5,0,9.091812535290797,6987.66,1
ORD101382,CUST10223,2025-10-31,Pune,Pune,Kochi,645.1,Electronics,1,9.04,Express,Blue Dart,4634.03,507.87,7.35,2025-11-02,2025-11-07,2025-11-07,Delivered,3.0,No,No,5,0,7.183428925747945,5141.9,1
ORD103114,CUST12710,2025-07-15,Chennai,Chennai,Bhopal,228.3,Electronics,6,6.9,Road,Xpressbees,1128.32,189.24,10.9,2025-07-17,2025-07-23,2025-07-23,Delivered,4.0,No,No,6,0,4.942268944371441,1317.56,1
ORD101059,CUST11951,2025-08-27,Chennai,Chennai,Vijayawada,865.6,Electronics,3,2.49,Rail,Delhivery,2891.4,885.64,5.83,2025-08-30,2025-09-07,2025-09-07,Delivered,4.0,No,No,8,0,3.3403419593345656,3777.04,1
ORD102284,CUST10441,2025-02-21,Hyderabad,Hyderabad,Jaipur,192.5,Books,7,10.51,Rail,Ecom Express,842.65,190.23,9.39,2025-02-24,2025-03-01,2025-03-07,Delayed,4.0,No,No,11,6,4.377402597402598,1032.8799999999999,0
ORD103182,CUST10239,2025-06-13,Bengaluru,Bengaluru,Vijayawada,671.0,Home & Kitchen,3,3.27,Road,Dtdc,2916.35,465.37,6.7,2025-06-15,2025-06-21,2025-06-21,Delivered,4.0,No,No,6,0,4.346274217585693,3381.72,1
ORD100348,CUST11549,2025-10-23,Bengaluru,Bengaluru,Mumbai,165.6,Automotive,7,6.85,Road,Xpressbees,939.35,93.33,8.48,2025-10-25,2025-10-31,2025-10-31,Delivered,4.0,No,No,6,0,5.672403381642512,1032.68,1
ORD103420,CUST11970,2025-01-02,Mumbai,Mumbai,Ahmedabad,803.2,Books,5,6.54,Road,Dtdc,3587.59,484.29,10.61,2025-01-06,2025-01-12,2025-01-12,Delivered,5.0,No,No,6,0,4.466621015936255,4071.88,1
ORD101887,CUST12235,2025-06-08,Chennai,Chennai,Nagpur,430.4,Sports,2,3.49,Express,Xpressbees,2997.71,459.52,8.02,2025-06-10,2025-06-13,2025-06-13,Delivered,5.0,No,No,3,0,6.964939591078068,3457.23,1
ORD102744,CUST11615,2025-09-14,Hyderabad,Hyderabad,Delhi,752.0,Beauty,7,3.82,Express,Blue Dart,5256.81,442.87,5.86,2025-09-16,2025-09-20,2025-09-20,Delivered,4.0,No,No,4,0,6.990438829787235,5699.68,1
ORD101418,CUST11441,2025-09-15,Delhi,Delhi,Kochi,525.8,Home & Kitchen,4,6.76,Road,Blue Dart,2166.75,588.79,10.05,2025-09-17,2025-09-22,2025-09-22,Delivered,5.0,No,No,5,0,4.120863446177254,2755.54,1
ORD101279,CUST12285,2025-10-29,Delhi,Delhi,Visakhapatnam,80.5,Grocery,1,9.48,Air,Ecom Express,853.35,36.5,8.67,2025-10-31,2025-11-02,2025-11-02,Delivered,4.0,No,No,2,0,10.600621118012423,889.85,1
ORD100272,CUST10059,2025-06-03,Hyderabad,Hyderabad,Kolkata,363.9,Home & Kitchen,6,13.43,Express,Shadowfax,2963.14,260.84,9.18,2025-06-05,2025-06-09,2025-06-11,Delayed,4.0,No,No,6,2,8.142731519648255,3223.98,0
ORD102688,CUST11986,2025-12-04,Mumbai,Mumbai,Surat,315.4,Sports,7,4.42,Express,Ecom Express,2293.47,304.24,8.02,2025-12-07,2025-12-10,2025-12-10,Delivered,3.0,No,No,3,0,7.271623335447051,2597.71,1
ORD104767,CUST12016,2025-06-30,Bengaluru,Bengaluru,Kolkata,635.3,Automotive,2,11.37,Rail,Dtdc,2210.26,456.32,7.46,2025-07-03,2025-07-10,2025-07-10,Delivered,5.0,No,No,7,0,3.479080749252322,2666.5800000000004,1
ORD100658,CUST10764,2025-01-28,Chennai,Chennai,Visakhapatnam,379.0,Books,7,3.23,Road,Xpressbees,1785.22,289.73,7.75,2025-01-30,2025-02-04,2025-02-04,Delivered,5.0,No,No,5,0,4.710343007915568,2074.95,1
ORD103374,CUST11686,2025-04-05,Chennai,Chennai,Kochi,462.8,Sports,7,4.39,Air,Blue Dart,4313.27,540.35,6.53,2025-04-07,2025-04-11,2025-04-11,Delivered,5.0,No,No,4,0,9.31994382022472,4853.620000000001,1
ORD103931,CUST11321,2025-03-17,Pune,Pune,Vijayawada,642.0,Automotive,7,3.93,Express,Dtdc,4707.07,689.11,14.04,2025-03-19,2025-03-24,2025-03-26,Delayed,3.0,No,No,7,2,7.331884735202491,5396.179999999999,0
ORD101410,CUST12224,2025-01-28,Delhi,Delhi,Surat,117.5,Automotive,4,5.19,Road,Shadowfax,427.64,0.0,13.18,2025-01-31,2025-02-03,2025-02-03,Delivered,5.0,No,No,3,0,3.6394893617021276,427.64,1
ORD103056,CUST11734,2025-11-12,Hyderabad,Hyderabad,Lucknow,468.2,Beauty,3,1.09,Road,Shadowfax,2000.95,371.72,5.41,2025-11-14,2025-11-20,2025-11-20,Delivered,4.0,No,No,6,0,4.2737078171721485,2372.67,1
ORD103302,CUST12249,2025-01-24,Hyderabad,Hyderabad,Kolkata,82.2,Beauty,4,7.68,Road,Xpressbees,473.84,72.63,4.78,2025-01-25,2025-01-31,2025-02-02,Delayed,3.0,No,No,8,2,5.764476885644768,546.47,0
ORD101525,CUST11678,2025-10-08,Hyderabad,Hyderabad,Vijayawada,349.8,Books,3,1.51,Road,Ecom Express,1533.04,265.21,8.78,2025-10-10,2025-10-16,2025-10-16,Delivered,4.0,No,No,6,0,4.382618639222413,1798.25,1
ORD102412,CUST11721,2025-05-02,Bengaluru,Bengaluru,Bhopal,183.6,Sports,3,4.89,Air,Blue Dart,1618.83,187.02,8.1,2025-05-05,2025-05-08,2025-05-08,Delivered,4.0,No,No,3,0,8.817156862745097,1805.85,1
ORD102081,CUST12391,2025-01-03,Pune,Pune,Indore,197.4,Beauty,4,5.54,Road,Shadowfax,959.47,152.36,8.51,2025-01-05,2025-01-09,2025-01-09,Delivered,3.0,No,No,4,0,4.860536980749747,1111.83,1
ORD104755,CUST10553,2025-08-05,Hyderabad,Hyderabad,Indore,509.4,Books,2,11.94,Road,Dtdc,2445.05,564.87,9.56,2025-08-07,2025-08-13,2025-08-13,Delivered,4.0,No,No,6,0,4.799862583431489,3009.92,1
ORD101924,CUST11835,2025-01-05,Bengaluru,Bengaluru,Chennai,431.3,Beauty,7,6.73,Road,Dtdc,1801.46,359.75,12.36,2025-01-08,2025-01-14,2025-01-14,Delivered,5.0,No,No,6,0,4.176814282402041,2161.21,1
ORD103766,CUST10244,2025-09-10,Pune,Pune,Kochi,827.9,Automotive,2,12.96,Road,Shadowfax,3838.86,838.98,6.21,2025-09-12,2025-09-18,2025-09-18,Delivered,4.0,No,No,6,0,4.636864355598503,4677.84,1
ORD102955,CUST12486,2025-03-28,Pune,Pune,Hyderabad,492.1,Automotive,2,3.26,Road,Xpressbees,2175.17,538.3,7.51,2025-03-30,2025-04-03,2025-04-03,Delivered,4.0,Yes,No,4,0,4.420178825441983,2713.4700000000003,1
ORD102771,CUST12420,2025-07-26,Delhi,Delhi,Bengaluru,103.2,Beauty,4,7.79,Air,Xpressbees,1069.45,51.72,8.61,2025-07-27,2025-07-29,2025-07-29,Delivered,4.0,No,Yes,2,0,10.362887596899226,1121.17,1
ORD104600,CUST10670,2025-04-12,Hyderabad,Hyderabad,Nagpur,354.0,Home & Kitchen,3,5.65,Road,Blue Dart,1433.07,260.5,9.2,2025-04-15,2025-04-21,2025-04-21,Delivered,4.0,No,Yes,6,0,4.04822033898305,1693.57,1
ORD100763,CUST10939,2025-08-17,Mumbai,Mumbai,Pune,397.3,Home & Kitchen,7,2.07,Road,Blue Dart,1802.35,320.04,11.12,2025-08-20,2025-08-26,2025-08-26,Delivered,3.0,No,No,6,0,4.536496350364963,2122.39,1
ORD100517,CUST10640,2025-06-13,Bengaluru,Bengaluru,Jaipur,698.3,Automotive,6,2.18,Air,Ecom Express,6396.84,601.8,0.0,2025-06-15,2025-06-18,2025-06-24,Delayed,4.0,No,No,9,6,9.160590004296148,6998.64,0
ORD104498,CUST12061,2025-10-19,Pune,Pune,Ahmedabad,372.6,Electronics,3,0.73,Rail,Blue Dart,1232.27,366.7,9.09,2025-10-21,2025-10-26,2025-10-26,Delivered,4.0,No,No,5,0,3.307219538378958,1598.97,1
ORD102061,CUST10123,2025-07-21,Hyderabad,Hyderabad,Ahmedabad,312.1,Electronics,5,2.62,Air,Xpressbees,2934.08,269.48,5.97,2025-07-23,2025-07-26,2025-07-26,Delivered,4.0,No,No,3,0,9.401089394424863,3203.56,1
ORD103893,CUST11248,2025-10-02,Bengaluru,Bengaluru,Visakhapatnam,246.7,Beauty,1,1.24,Road,Blue Dart,1013.02,176.47,3.51,2025-10-04,2025-10-09,2025-10-09,Delivered,4.0,No,No,5,0,4.106282934738549,1189.49,1
ORD100836,CUST10379,2025-05-19,Bengaluru,Bengaluru,Delhi,276.1,Beauty,5,1.45,Road,Shadowfax,1236.76,311.55,7.23,2025-05-21,2025-05-27,2025-05-27,Delivered,4.0,No,No,6,0,4.479391524809851,1548.31,1
ORD101165,CUST12366,2025-11-20,Mumbai,Mumbai,Bengaluru,212.3,Clothing,6,6.78,Rail,Delhivery,900.17,226.99,9.4,2025-11-23,2025-11-29,2025-11-29,Delivered,5.0,No,No,6,0,4.24008478568064,1127.1599999999999,1
ORD102040,CUST11767,2025-01-02,Mumbai,Mumbai,Lucknow,642.1,Grocery,4,2.88,Express,Blue Dart,4604.59,510.24,11.43,2025-01-04,2025-01-09,2025-01-15,Delayed,4.0,No,No,11,6,7.171141566734153,5114.83,0
ORD104161,CUST11138,2025-06-22,Pune,Pune,Kochi,1448.1,Beauty,1,2.43,Air,Blue Dart,13172.28,1589.85,6.97,2025-06-24,2025-06-30,2025-07-06,Delayed,4.0,No,No,12,6,9.096250258960017,14762.130000000001,0
ORD103798,CUST10974,2025-09-27,Bengaluru,Bengaluru,Lucknow,344.7,Electronics,2,23.8,Rail,Delhivery,1453.84,345.2,6.84,2025-09-29,2025-10-05,2025-10-05,Delivered,5.0,No,No,6,0,4.217696547722658,1799.04,1
ORD101813,CUST11770,2025-06-08,Chennai,Chennai,Bengaluru,558.5,Electronics,4,9.13,Rail,Ecom Express,1906.39,505.98,5.79,2025-06-09,2025-06-16,2025-06-16,Delivered,4.0,No,Yes,7,0,3.4134109221128024,2412.37,1
ORD103619,CUST10151,2025-07-01,Bengaluru,Bengaluru,Nagpur,205.1,Sports,5,2.07,Road,Delhivery,1148.44,197.49,7.62,2025-07-04,2025-07-09,2025-07-09,Delivered,5.0,No,No,5,0,5.599414919551439,1345.93,1
ORD101842,CUST12548,2025-01-07,Hyderabad,Hyderabad,Ahmedabad,367.6,Grocery,2,7.43,Road,Blue Dart,1746.82,277.59,5.2,2025-01-09,2025-01-13,2025-01-14,Delayed,3.0,No,No,5,1,4.75195865070729,2024.4099999999999,0
ORD101733,CUST11788,2025-06-11,Bengaluru,Bengaluru,Vijayawada,387.8,Clothing,1,4.67,Express,Delhivery,2812.32,398.92,7.51,2025-06-13,2025-06-16,2025-06-16,Delivered,4.0,No,No,3,0,7.251985559566787,3211.2400000000002,1
ORD101763,CUST10539,2025-07-23,Pune,Pune,Surat,297.1,Books,7,11.12,Rail,Xpressbees,1247.18,191.66,8.99,2025-07-26,2025-08-02,2025-08-02,Delivered,4.0,No,No,7,0,4.197845843150454,1438.8400000000001,1
ORD102497,CUST11080,2025-02-03,Bengaluru,Bengaluru,Pune,220.9,Automotive,4,12.81,Rail,Blue Dart,978.25,215.86,7.11,2025-02-05,2025-02-12,2025-02-14,Delayed,2.0,No,No,9,2,4.4284744228157535,1194.1100000000001,0
ORD102843,CUST10644,2025-05-16,Chennai,Chennai,Indore,677.7,Sports,7,14.4,Road,Blue Dart,3116.86,698.31,5.56,2025-05-18,2025-05-25,2025-05-25,Delivered,5.0,No,Yes,7,0,4.599173675667699,3815.17,1
ORD104890,CUST10905,2025-02-25,Chennai,Chennai,Delhi,166.7,Home & Kitchen,5,7.89,Air,Dtdc,1764.08,196.3,7.88,2025-02-27,2025-03-01,2025-03-01,Delivered,5.0,No,No,2,0,10.582363527294541,1960.3799999999999,1
ORD100383,CUST11784,2025-01-09,Pune,Pune,Ahmedabad,197.4,Home & Kitchen,2,8.02,Road,Delhivery,779.96,219.93,10.78,2025-01-12,2025-01-17,2025-01-17,Delivered,4.0,No,No,5,0,3.951165146909828,999.8900000000001,1
ORD104042,CUST11428,2025-05-08,Pune,Pune,Kolkata,102.0,Home & Kitchen,2,5.13,Road,Blue Dart,428.76,52.21,8.27,2025-05-10,2025-05-13,2025-05-13,Delivered,5.0,No,No,3,0,4.2035294117647055,480.96999999999997,1
ORD100159,CUST11303,2025-03-22,Chennai,Chennai,Kolkata,575.3,Electronics,5,3.31,Road,Dtdc,2666.46,593.34,6.87,2025-03-25,2025-03-31,2025-03-31,Delivered,5.0,No,No,6,0,4.634903528593777,3259.8,1
ORD104313,CUST12432,2025-10-13,Hyderabad,Hyderabad,Unknown,389.7,Clothing,7,2.52,Air,Xpressbees,3668.3,325.26,7.15,2025-10-15,2025-10-17,2025-10-17,Delivered,4.0,No,No,2,0,9.413138311521685,3993.5600000000004,1
ORD102608,CUST11213,2025-09-18,Delhi,Delhi,Pune,1055.7,Sports,3,0.77,Road,Ecom Express,4495.16,774.45,9.78,2025-09-21,2025-09-29,2025-09-29,Delivered,4.0,No,No,8,0,4.257989959268731,5269.61,1
ORD100400,CUST10502,2025-04-20,Bengaluru,Bengaluru,Jaipur,327.1,Electronics,5,4.26,Express,Blue Dart,2325.47,281.49,7.03,2025-04-22,2025-04-24,2025-04-24,Delivered,4.0,No,No,2,0,7.109354937328033,2606.96,1
ORD101931,CUST11561,2025-07-16,Hyderabad,Hyderabad,Lucknow,259.6,Clothing,2,5.4,Express,Xpressbees,1740.68,200.95,6.96,2025-07-18,2025-07-22,2025-07-22,Delivered,3.0,No,No,4,0,6.705238828967643,1941.63,1
ORD104109,CUST12751,2025-09-30,Mumbai,Mumbai,Bengaluru,231.2,Automotive,2,1.72,Air,Delhivery,2126.68,253.77,6.76,2025-10-02,2025-10-05,2025-10-11,Delayed,4.0,No,No,9,6,9.198442906574394,2380.45,0
ORD101070,CUST11117,2025-02-04,Mumbai,Mumbai,Bengaluru,372.3,Clothing,3,2.76,Air,Xpressbees,3371.39,391.49,10.43,2025-02-07,2025-02-10,2025-02-10,Delivered,4.0,No,No,3,0,9.055573462261616,3762.88,1
ORD100471,CUST11883,2025-07-13,Hyderabad,Hyderabad,Pune,283.0,Home & Kitchen,6,5.79,Road,Ecom Express,1309.91,248.18,7.27,2025-07-15,2025-07-21,2025-07-21,Delivered,4.0,No,No,6,0,4.628657243816255,1558.0900000000001,1
ORD102404,CUST11958,2025-02-24,Bengaluru,Bengaluru,Indore,410.5,Sports,2,2.03,Road,Shadowfax,1761.19,0.0,8.49,2025-02-26,2025-03-05,2025-03-05,Delivered,5.0,No,No,7,0,4.2903532277710115,1761.19,1
ORD101625,CUST10003,2025-12-06,Delhi,Delhi,Kolkata,219.7,Books,6,5.66,Rail,Shadowfax,941.42,122.61,9.93,2025-12-09,2025-12-16,2025-12-16,Delivered,4.0,No,No,7,0,4.28502503413746,1064.03,1
ORD104071,CUST11356,2025-04-18,Mumbai,Mumbai,Kolkata,253.3,Clothing,1,3.4,Rail,Shadowfax,916.63,128.95,12.09,2025-04-20,2025-04-26,2025-04-27,Delayed,3.0,No,No,7,1,3.6187524674299247,1045.58,0
ORD102686,CUST12502,2025-11-28,Chennai,Chennai,Indore,92.5,Clothing,1,7.94,Road,Delhivery,589.44,112.26,7.65,2025-12-01,2025-12-06,2025-12-06,Delivered,5.0,No,No,5,0,6.372324324324325,701.7,1
ORD100356,CUST12458,2025-02-05,Pune,Pune,Jaipur,684.8,Clothing,2,1.01,Road,Dtdc,2873.92,655.3,7.55,2025-02-07,2025-02-13,2025-02-17,Delayed,5.0,No,No,10,4,4.196728971962617,3529.2200000000003,0
ORD100787,CUST11106,2025-02-09,Mumbai,Mumbai,Nagpur,142.0,Electronics,2,5.39,Rail,Blue Dart,507.38,101.08,9.86,2025-02-12,2025-02-17,2025-02-17,Delivered,3.0,No,No,5,0,3.5730985915492957,608.46,1
ORD103783,CUST11541,2025-11-12,Delhi,Delhi,Bengaluru,421.7,Clothing,3,11.61,Rail,Dtdc,1667.05,272.62,12.94,2025-11-15,2025-11-21,2025-11-27,Delayed,4.0,No,No,12,6,3.953165757647617,1939.67,0
ORD102573,CUST11328,2025-01-03,Mumbai,Mumbai,Kochi,86.5,Beauty,7,3.36,Air,Dtdc,872.18,106.54,11.0,2025-01-05,2025-01-07,2025-01-07,Delivered,4.0,No,No,2,0,10.08300578034682,978.7199999999999,1
ORD101664,CUST12152,2025-06-03,Chennai,Chennai,Nagpur,246.5,Clothing,6,3.42,Road,Blue Dart,1147.02,210.2,7.43,2025-06-05,2025-06-11,2025-06-16,Delayed,4.0,Yes,No,11,5,4.653225152129817,1357.22,0
ORD102917,CUST11358,2025-06-23,Bengaluru,Bengaluru,Kolkata,415.0,Books,5,6.85,Road,Blue Dart,1893.85,240.2,8.25,2025-06-25,2025-07-01,2025-07-01,Delivered,4.0,No,No,6,0,4.563493975903614,2134.0499999999997,1
ORD100702,CUST11578,2025-05-14,Bengaluru,Bengaluru,Chennai,449.1,Books,7,7.89,Road,Delhivery,2245.5,464.7,4.77,2025-05-15,2025-05-21,2025-05-21,Delivered,5.0,No,No,6,0,5.0,2710.2,1
ORD101369,CUST12237,2025-04-07,Hyderabad,Hyderabad,Coimbatore,439.9,Books,6,3.72,Road,Blue Dart,2057.23,304.2,6.93,2025-04-10,2025-04-15,2025-04-15,Delivered,3.0,No,Yes,5,0,4.676585587633554,2361.43,1
ORD104529,CUST11113,2025-12-09,Mumbai,Mumbai,Kochi,331.6,Electronics,6,2.6,Road,Dtdc,1533.78,310.26,10.16,2025-12-11,2025-12-17,2025-12-17,Delivered,4.0,No,No,6,0,4.625392038600723,1844.04,1
ORD102336,CUST11100,2025-07-03,Bengaluru,Bengaluru,Bhopal,369.8,Beauty,1,1.88,Air,Blue Dart,3330.53,348.67,8.2,2025-07-06,2025-07-08,2025-07-08,Delivered,4.0,No,No,2,0,9.006300703082747,3679.2000000000003,1
ORD104331,CUST10978,2025-06-11,Chennai,Chennai,Coimbatore,368.1,Electronics,1,12.59,Rail,Blue Dart,1459.04,371.48,6.94,2025-06-14,2025-06-20,2025-06-20,Delivered,3.0,No,No,6,0,3.963705514805759,1830.52,1
ORD101728,CUST11409,2025-05-05,Pune,Pune,Indore,390.7,Clothing,6,1.46,Express,Shadowfax,2933.06,355.98,10.78,2025-05-08,2025-05-10,2025-05-10,Delivered,4.0,No,No,2,0,7.507192219093934,3289.04,1
ORD101398,CUST10300,2025-03-01,Mumbai,Mumbai,Ahmedabad,331.1,Sports,2,6.83,Road,Xpressbees,1526.25,227.87,6.84,2025-03-02,2025-03-08,2025-03-12,Delayed,3.0,No,No,10,4,4.6096345514950166,1754.12,0
ORD100826,CUST12433,2025-11-21,Bengaluru,Bengaluru,Bhopal,548.4,Clothing,1,1.27,Road,Ecom Express,2473.86,423.97,6.41,2025-11-24,2025-11-30,2025-11-30,Delivered,4.0,No,No,6,0,4.511050328227571,2897.83,1
ORD101368,CUST11370,2025-05-05,Hyderabad,Hyderabad,Indore,1178.7,Home & Kitchen,3,4.01,Road,Shadowfax,4997.27,1072.13,9.39,2025-05-08,2025-05-14,2025-05-14,Delivered,4.0,No,No,6,0,4.239645372020022,6069.400000000001,1
ORD102809,CUST12414,2025-02-28,Pune,Pune,Mumbai,426.8,Books,2,5.56,Road,Dtdc,1914.92,440.6,0.0,2025-03-02,2025-03-08,2025-03-08,Delivered,5.0,No,No,6,0,4.486691658856607,2355.52,1
ORD101778,CUST10325,2025-08-26,Chennai,Chennai,Bhopal,317.5,Grocery,6,5.99,Road,Xpressbees,1546.14,184.77,5.58,2025-08-28,2025-09-03,2025-09-04,Delayed,3.0,Yes,No,7,1,4.869732283464567,1730.91,0
ORD104585,CUST11765,2025-06-16,Mumbai,Mumbai,Visakhapatnam,602.9,Home & Kitchen,6,3.67,Road,Xpressbees,2714.32,599.28,9.47,2025-06-19,2025-06-25,2025-06-25,Delivered,5.0,No,No,6,0,4.502106485320949,3313.6000000000004,1
ORD104174,CUST11219,2025-01-09,Hyderabad,Hyderabad,Delhi,697.9,Sports,2,1.73,Road,Blue Dart,2963.59,528.24,5.29,2025-01-11,2025-01-17,2025-01-17,Delivered,5.0,No,No,6,0,4.246439317953862,3491.83,1
ORD102789,CUST11330,2025-02-13,Chennai,Chennai,Hyderabad,310.7,Sports,4,5.7,Rail,Delhivery,1126.78,274.13,11.67,2025-02-16,2025-02-22,2025-02-22,Delivered,5.0,No,No,6,0,3.6265851303508208,1400.9099999999999,1
ORD101863,CUST10978,2025-07-10,Mumbai,Mumbai,Visakhapatnam,279.2,Books,3,11.33,Road,Dtdc,1279.44,262.46,6.18,2025-07-12,2025-07-16,2025-07-17,Delayed,2.0,No,No,5,1,4.582521489971347,1541.9,0
ORD103204,CUST10333,2025-11-29,Pune,Pune,Delhi,335.1,Clothing,5,3.94,Road,Xpressbees,1667.37,213.19,4.61,2025-11-30,2025-12-05,2025-12-05,Delivered,5.0,No,No,5,0,4.975738585496866,1880.56,1
ORD103757,CUST10338,2025-05-22,Mumbai,Mumbai,Kolkata,272.5,Automotive,1,1.02,Road,Delhivery,1096.8,268.28,10.97,2025-05-24,2025-05-30,2025-05-30,Delivered,5.0,No,No,6,0,4.024954128440367,1365.08,1
ORD100845,CUST12743,2025-12-09,Bengaluru,Bengaluru,Kolkata,290.3,Clothing,4,5.36,Air,Blue Dart,2668.58,238.51,8.21,2025-12-11,2025-12-14,2025-12-16,Delayed,3.0,No,No,5,2,9.192490527040992,2907.09,0
ORD104299,CUST11749,2025-06-05,Mumbai,Mumbai,Hyderabad,348.6,Automotive,2,2.5,Express,Xpressbees,2492.32,322.47,5.95,2025-06-06,2025-06-09,2025-06-09,Delivered,3.0,No,No,3,0,7.149512335054504,2814.79,1
ORD104473,CUST12338,2025-11-16,Pune,Pune,Jaipur,288.6,Beauty,5,3.94,Rail,Delhivery,1006.45,304.79,10.26,2025-11-19,2025-11-25,2025-11-25,Delivered,4.0,No,No,6,0,3.487352737352737,1311.24,1
ORD104417,CUST12739,2025-09-23,Bengaluru,Bengaluru,Surat,594.9,Home & Kitchen,6,1.23,Road,Blue Dart,2647.43,482.68,7.32,2025-09-25,2025-10-01,2025-10-01,Delivered,5.0,No,No,6,0,4.45021011934779,3130.1099999999997,1
ORD100895,CUST11116,2025-10-21,Delhi,Delhi,Surat,514.4,Beauty,2,1.77,Road,Xpressbees,2225.82,364.53,8.55,2025-10-24,2025-10-30,2025-11-03,Delayed,3.0,No,Yes,10,4,4.327021772939347,2590.3500000000004,0
ORD100214,CUST10184,2025-08-25,Hyderabad,Hyderabad,Vijayawada,244.7,Sports,2,2.18,Air,Xpressbees,2337.0,212.36,5.57,2025-08-27,2025-08-28,2025-08-31,Delayed,4.0,No,No,4,3,9.55046996322027,2549.36,0
ORD100786,CUST12698,2025-08-13,Bengaluru,Bengaluru,Delhi,280.2,Automotive,1,5.59,Rail,Dtdc,1007.93,205.09,11.28,2025-08-16,2025-08-23,2025-08-23,Delivered,5.0,No,No,7,0,3.597180585296217,1213.02,1
ORD104373,CUST11476,2025-04-24,Mumbai,Mumbai,Pune,435.3,Grocery,2,2.99,Express,Shadowfax,3067.02,284.01,10.55,2025-04-27,2025-04-29,2025-04-29,Delivered,4.0,No,No,2,0,7.0457615437629215,3351.0299999999997,1
ORD103148,CUST11258,2025-07-09,Hyderabad,Hyderabad,Lucknow,325.4,Home & Kitchen,1,6.38,Road,Xpressbees,1407.87,321.53,8.82,2025-07-11,2025-07-16,2025-07-16,Delivered,4.0,No,No,5,0,4.3265826674861705,1729.3999999999999,1
ORD103171,CUST12018,2025-03-17,Bengaluru,Bengaluru,Lucknow,1088.1,Electronics,5,4.97,Road,Ecom Express,4704.94,1135.53,7.93,2025-03-20,2025-03-27,2025-03-27,Delivered,5.0,No,No,7,0,4.323995956254021,5840.469999999999,1
ORD102529,CUST11384,2025-01-19,Delhi,Delhi,Jaipur,175.7,Clothing,3,2.87,Air,Delhivery,1676.62,151.09,10.17,2025-01-22,2025-01-25,2025-01-25,Delivered,4.0,No,No,3,0,9.542515651678999,1827.7099999999998,1
ORD103764,CUST12093,2025-04-28,Hyderabad,Hyderabad,Mumbai,175.9,Beauty,1,3.64,Road,Ecom Express,688.18,233.82,6.57,2025-04-29,2025-05-04,2025-05-04,Delivered,5.0,No,No,5,0,3.912336554860716,922.0,1
ORD100108,CUST11765,2025-10-05,Hyderabad,Hyderabad,Bhopal,342.0,Home & Kitchen,1,5.88,Express,Blue Dart,2524.65,363.59,7.92,2025-10-07,2025-10-10,2025-10-10,Delivered,5.0,No,No,3,0,7.382017543859649,2888.2400000000002,1
ORD104771,CUST12174,2025-07-11,Pune,Pune,Vijayawada,370.9,Sports,6,8.14,Road,Shadowfax,1731.59,399.74,9.21,2025-07-14,2025-07-19,2025-07-19,Delivered,4.0,No,No,5,0,4.668616877864654,2131.33,1
ORD101956,CUST10309,2025-10-17,Chennai,Chennai,Vijayawada,78.1,Sports,3,10.01,Road,Blue Dart,496.53,59.3,8.0,2025-10-20,2025-10-25,2025-10-25,Delivered,4.0,No,No,5,0,6.357618437900128,555.8299999999999,1
ORD103387,CUST10326,2025-09-06,Hyderabad,Hyderabad,Coimbatore,307.5,Books,1,0.8,Road,Xpressbees,1348.87,322.72,6.95,2025-09-08,2025-09-14,2025-09-14,Delivered,4.0,No,No,6,0,4.3865691056910565,1671.59,1
ORD100230,CUST12333,2025-01-08,Chennai,Chennai,Bengaluru,326.8,Automotive,2,1.7,Road,Xpressbees,1379.86,326.43,6.76,2025-01-10,2025-01-15,2025-01-15,Delivered,4.0,No,No,5,0,4.222337821297429,1706.29,1
ORD101803,CUST10747,2025-12-13,Bengaluru,Bengaluru,Ahmedabad,131.1,Home & Kitchen,7,3.83,Road,Dtdc,640.06,125.64,7.23,2025-12-16,2025-12-20,2025-12-20,Delivered,5.0,No,No,4,0,4.8822273073989315,765.6999999999999,1
ORD101254,CUST10156,2025-10-27,Hyderabad,Hyderabad,Visakhapatnam,306.7,Beauty,7,2.09,Road,Shadowfax,1344.82,426.01,8.07,2025-10-30,2025-11-05,2025-11-05,Delivered,4.0,No,No,6,0,4.384805999347897,1770.83,1
ORD100249,CUST11702,2025-07-01,Delhi,Delhi,Kochi,673.1,Electronics,6,7.97,Air,Shadowfax,6130.0,628.65,12.73,2025-07-02,2025-07-06,2025-07-06,Delivered,4.0,No,No,4,0,9.107116327440202,6758.65,1
ORD104024,CUST11701,2025-07-08,Delhi,Delhi,Pune,662.7,Automotive,7,4.25,Air,Delhivery,0.0,416.43,7.97,2025-07-10,2025-07-14,2025-07-14,Delivered,5.0,No,No,4,0,0.0,416.43,1
ORD103167,CUST11910,2025-11-28,Bengaluru,Bengaluru,Nagpur,180.3,Sports,4,10.3,Air,Xpressbees,1809.78,215.88,11.46,2025-11-30,2025-12-03,2025-12-03,Delivered,4.0,No,No,3,0,10.037603993344424,2025.6599999999999,1
ORD104816,CUST10991,2025-02-07,Bengaluru,Bengaluru,Jaipur,138.5,Clothing,2,2.62,Road,Blue Dart,716.75,104.85,8.57,2025-02-08,2025-02-15,2025-02-19,Delayed,4.0,No,No,11,4,5.175090252707581,821.6,0
ORD104737,CUST11784,2025-04-24,Bengaluru,Bengaluru,Jaipur,431.2,Automotive,7,3.85,Air,Ecom Express,3935.08,401.98,9.59,2025-04-27,2025-04-30,2025-05-04,Delayed,4.0,No,No,7,4,9.125881261595547,4337.0599999999995,0
ORD100476,CUST10929,2025-10-17,Chennai,Chennai,Pune,181.3,Books,6,12.0,Rail,Dtdc,911.41,163.99,8.33,2025-10-20,2025-10-24,2025-10-24,Delivered,5.0,No,No,4,0,5.027082184225041,1075.4,1
ORD104190,CUST11615,2025-09-10,Bengaluru,Bengaluru,Visakhapatnam,73.7,Grocery,7,2.42,Road,Shadowfax,494.75,87.78,6.66,2025-09-12,2025-09-17,2025-09-17,Delivered,5.0,No,No,5,0,6.713025780189959,582.53,1
ORD104633,CUST12185,2025-11-14,Hyderabad,Hyderabad,Surat,524.3,Electronics,2,2.36,Rail,Xpressbees,1683.76,569.75,6.88,2025-11-16,2025-11-21,2025-11-21,Delivered,4.0,No,No,5,0,3.2114438298683963,2253.51,1
ORD103707,CUST10676,2025-05-31,Delhi,Delhi,Bhopal,510.8,Home & Kitchen,7,4.88,Rail,Delhivery,1775.56,364.68,8.87,2025-06-02,2025-06-08,2025-06-11,Delayed,3.0,No,No,9,3,3.4760375880971024,2140.24,0
ORD104062,CUST11940,2025-06-08,Hyderabad,Hyderabad,Pune,288.4,Home & Kitchen,1,2.94,Air,Shadowfax,2584.11,228.78,8.88,2025-06-11,2025-06-15,2025-06-15,Delivered,4.0,No,No,4,0,8.960159500693482,2812.8900000000003,1
ORD100706,CUST10775,2025-09-01,Hyderabad,Hyderabad,Pune,320.5,Beauty,2,1.53,Express,Dtdc,2230.73,324.84,10.17,2025-09-03,2025-09-06,2025-09-06,Delivered,4.0,No,No,3,0,6.96015600624025,2555.57,1
ORD100619,CUST12437,2025-10-22,Pune,Pune,Ahmedabad,140.6,Books,6,6.27,Air,Dtdc,1485.22,38.91,9.84,2025-10-24,2025-10-26,2025-10-28,Delayed,3.0,No,No,4,2,10.56344238975818,1524.13,0
ORD104776,CUST11122,2025-08-07,Hyderabad,Hyderabad,Jaipur,973.2,Electronics,2,1.37,Air,Shadowfax,8920.18,748.94,5.76,2025-08-10,2025-08-14,2025-08-14,Delivered,4.0,No,No,4,0,9.165824085491163,9669.12,1
ORD100603,CUST12051,2025-02-01,Bengaluru,Bengaluru,Lucknow,245.6,Beauty,4,6.85,Air,Dtdc,2408.01,179.99,6.25,2025-02-03,2025-02-06,2025-02-06,Delivered,4.0,No,No,3,0,9.804600977198698,2588.0,1
ORD104761,CUST11159,2025-09-28,Hyderabad,Hyderabad,Delhi,132.8,Electronics,4,7.29,Rail,Dtdc,515.65,104.73,7.64,2025-09-30,2025-10-06,2025-10-06,Delivered,4.0,No,No,6,0,3.8829066265060237,620.38,1
ORD102452,CUST11830,2025-08-18,Hyderabad,Hyderabad,Lucknow,255.6,Home & Kitchen,2,4.35,Rail,Delhivery,917.11,314.83,4.94,2025-08-20,2025-08-27,2025-08-27,Delivered,5.0,No,No,7,0,3.5880672926447574,1231.94,1
ORD100239,CUST11473,2025-10-29,Delhi,Delhi,Hyderabad,370.7,Sports,4,3.63,Road,Xpressbees,1666.25,0.0,7.74,2025-10-31,2025-11-06,2025-11-06,Delivered,5.0,No,No,6,0,4.49487456164014,1666.25,1
ORD101903,CUST12355,2025-07-05,Hyderabad,Hyderabad,Bengaluru,632.8,Grocery,3,8.9,Rail,Delhivery,2121.06,636.43,5.72,2025-07-07,2025-07-13,2025-07-13,Delivered,4.0,No,No,6,0,3.351864728192162,2757.49,1
ORD101088,CUST10085,2025-06-08,Hyderabad,Hyderabad,Bengaluru,279.7,Beauty,6,2.02,Road,Shadowfax,1321.29,200.28,9.54,2025-06-10,2025-06-15,2025-06-15,Delivered,5.0,No,No,5,0,4.723954236682159,1521.57,1
ORD104415,CUST11956,2025-10-13,Mumbai,Mumbai,Kochi,432.7,Grocery,7,11.5,Road,Blue Dart,2201.04,292.28,6.89,2025-10-16,2025-10-22,2025-10-22,Delivered,4.0,No,No,6,0,5.086757568754333,2493.3199999999997,1
ORD103451,CUST12127,2025-05-23,Mumbai,Mumbai,Jaipur,154.4,Electronics,1,4.04,Road,Dtdc,627.1,108.21,8.71,2025-05-26,2025-05-30,2025-05-30,Delivered,5.0,No,No,4,0,4.061528497409326,735.3100000000001,1
ORD101642,CUST12539,2025-06-29,Hyderabad,Hyderabad,Surat,281.3,Beauty,3,3.56,Road,Shadowfax,1112.66,260.94,6.1,2025-07-02,2025-07-07,2025-07-07,Delivered,5.0,No,Yes,5,0,3.955421258442944,1373.6000000000001,1
ORD100924,CUST11173,2025-06-04,Hyderabad,Hyderabad,Bengaluru,109.0,Sports,6,11.64,Road,Dtdc,715.23,95.44,6.17,2025-06-06,2025-06-11,2025-06-11,Delivered,5.0,No,No,5,0,6.561743119266056,810.6700000000001,1
ORD104673,CUST11423,2025-12-05,Bengaluru,Bengaluru,Kolkata,220.9,Grocery,5,3.18,Road,Ecom Express,1118.91,155.62,10.61,2025-12-07,2025-12-12,2025-12-12,Delivered,5.0,No,No,5,0,5.065233137166139,1274.5300000000002,1
ORD103923,CUST12237,2025-08-25,Pune,Pune,Kolkata,970.1,Grocery,3,5.8,Road,Ecom Express,4233.18,866.27,8.65,2025-08-27,2025-09-01,2025-09-01,Delivered,4.0,No,No,5,0,4.363653231625606,5099.450000000001,1
ORD102422,CUST11569,2025-01-11,Bengaluru,Bengaluru,Jaipur,967.1,Automotive,6,3.51,Road,Blue Dart,4083.75,992.2,7.45,2025-01-15,2025-01-23,2025-01-23,Delivered,4.0,No,No,8,0,4.222676041774377,5075.95,1
ORD101442,CUST10318,2025-07-04,Delhi,Delhi,Indore,1256.3,Sports,1,9.56,Rail,Dtdc,4287.28,1047.67,10.02,2025-07-06,2025-07-14,2025-07-14,Delivered,4.0,No,No,8,0,3.4126243731592774,5334.95,1
ORD101822,CUST11089,2025-02-10,Hyderabad,Hyderabad,Visakhapatnam,142.6,Clothing,6,6.18,Air,Xpressbees,1337.99,199.63,8.3,2025-02-12,2025-02-15,2025-02-16,Delayed,3.0,No,No,4,1,9.382819074333801,1537.62,0
ORD103321,CUST10167,2025-11-16,Chennai,Chennai,Bengaluru,88.5,Grocery,2,2.01,Express,Delhivery,753.09,53.8,6.95,2025-11-18,2025-11-21,2025-11-22,Delayed,4.0,No,No,4,1,8.50949152542373,806.89,0
ORD100963,CUST11930,2025-10-07,Chennai,Chennai,Surat,432.4,Beauty,4,3.88,Express,Blue Dart,3095.66,262.75,7.01,2025-10-09,2025-10-13,2025-10-13,Delivered,5.0,No,No,4,0,7.1592506938020355,3358.41,1
ORD103375,CUST10623,2025-06-28,Pune,Pune,Visakhapatnam,403.3,Home & Kitchen,2,2.85,Air,Ecom Express,3718.33,445.6,10.21,2025-06-30,2025-07-02,2025-07-02,Delivered,5.0,No,No,2,0,9.21976196379866,4163.93,1
ORD100889,CUST10706,2025-09-07,Chennai,Chennai,Ahmedabad,216.1,Automotive,3,8.8,Road,Dtdc,1044.35,207.95,9.09,2025-09-10,2025-09-14,2025-09-14,Delivered,4.0,No,No,4,0,4.832716335030079,1252.3,1
ORD102972,CUST10194,2025-08-31,Chennai,Chennai,Surat,318.1,Books,5,1.57,Road,Blue Dart,1515.61,395.56,9.75,2025-09-02,2025-09-08,2025-09-08,Delivered,4.0,No,No,6,0,4.76457088965734,1911.1699999999998,1
ORD104101,CUST11956,2025-06-11,Mumbai,Mumbai,Ahmedabad,168.2,Sports,7,4.26,Road,Delhivery,778.03,133.85,8.96,2025-06-13,2025-06-18,2025-06-19,Delayed,3.0,Yes,No,6,1,4.625624256837098,911.88,0
ORD101699,CUST12521,2025-04-16,Pune,Pune,Bhopal,275.3,Home & Kitchen,1,1.1,Air,Ecom Express,2500.48,213.32,11.35,2025-04-19,2025-04-20,2025-04-22,Delayed,4.0,No,No,3,2,9.082746095168906,2713.8,0
ORD104661,CUST10953,2025-04-23,Hyderabad,Hyderabad,Nagpur,64.6,Books,1,7.17,Rail,Ecom Express,349.81,20.0,6.36,2025-04-26,2025-05-02,2025-05-02,Delivered,4.0,No,No,6,0,5.415015479876161,369.81,1
ORD100489,CUST11070,2025-03-15,Delhi,Delhi,Indore,908.6,Clothing,1,0.56,Road,Blue Dart,3786.95,1047.86,10.94,2025-03-17,2025-03-24,2025-03-24,Delivered,3.0,No,No,7,0,4.167895663658375,4834.8099999999995,1
ORD103584,CUST12774,2025-07-09,Hyderabad,Hyderabad,Nagpur,228.8,Grocery,1,4.69,Rail,Blue Dart,825.63,243.43,5.49,2025-07-10,2025-07-15,2025-07-15,Delivered,4.0,No,No,5,0,3.608522727272727,1069.06,1
ORD104829,CUST12158,2025-08-05,Delhi,Delhi,Indore,455.2,Clothing,1,13.65,Road,Dtdc,2123.56,338.56,9.95,2025-08-08,2025-08-12,2025-08-12,Delivered,4.0,No,No,4,0,4.665114235500878,2462.12,1
ORD104641,CUST11464,2025-07-10,Pune,Pune,Surat,650.0,Grocery,5,3.89,Air,Ecom Express,5974.11,492.92,10.29,2025-07-12,2025-07-14,2025-07-14,Delivered,4.0,No,No,2,0,9.190938461538462,6467.03,1
ORD104719,CUST12518,2025-09-09,Chennai,Chennai,Delhi,556.1,Grocery,1,2.97,Express,Delhivery,3901.3,575.05,7.79,2025-09-11,2025-09-16,2025-09-16,Delivered,5.0,No,No,5,0,7.015464844452437,4476.35,1
ORD104166,CUST12342,2025-11-10,Mumbai,Mumbai,Coimbatore,260.5,Beauty,2,5.1,Road,Ecom Express,1203.49,163.78,9.59,2025-11-13,2025-11-17,2025-11-17,Delivered,5.0,No,No,4,0,4.619923224568138,1367.27,1
ORD103119,CUST11296,2025-08-17,Hyderabad,Hyderabad,Kolkata,808.3,Beauty,5,3.83,Rail,Blue Dart,2683.61,572.38,7.87,2025-08-19,2025-08-25,2025-08-25,Delivered,4.0,No,No,6,0,3.3200668068786343,3255.9900000000002,1
ORD102546,CUST11319,2025-10-19,Bengaluru,Bengaluru,Vijayawada,378.3,Clothing,4,5.16,Road,Ecom Express,1749.03,441.08,7.75,2025-10-21,2025-10-28,2025-10-28,Delivered,4.0,No,No,7,0,4.623394131641554,2190.11,1
ORD103423,CUST12570,2025-09-21,Hyderabad,Hyderabad,Nagpur,258.7,Grocery,3,3.17,Air,Delhivery,2428.74,288.88,4.78,2025-09-22,2025-09-26,2025-09-29,Delayed,3.0,No,No,7,3,9.388248936992655,2717.62,0
ORD103628,CUST10388,2025-11-18,Pune,Pune,Visakhapatnam,145.6,Automotive,4,4.6,Road,Dtdc,745.82,85.57,10.22,2025-11-21,2025-11-25,2025-11-25,Delivered,5.0,No,No,4,0,5.122390109890111,831.3900000000001,1
ORD102504,CUST12169,2025-07-13,Delhi,Delhi,Vijayawada,516.7,Grocery,6,3.96,Road,Delhivery,2301.82,382.83,7.6,2025-07-16,2025-07-23,2025-07-23,Delivered,4.0,No,No,7,0,4.454848074317786,2684.65,1
ORD102982,CUST12256,2025-04-11,Hyderabad,Hyderabad,Coimbatore,535.7,Home & Kitchen,7,9.79,Road,Blue Dart,2392.23,496.5,10.9,2025-04-13,2025-04-18,2025-04-21,Delayed,4.0,No,No,8,3,4.465615083068881,2888.73,0
ORD101205,CUST11018,2025-10-19,Mumbai,Mumbai,Chennai,121.9,Grocery,4,8.23,Road,Dtdc,778.22,166.79,7.56,2025-10-21,2025-10-25,2025-10-25,Delivered,4.0,No,No,4,0,6.38408531583265,945.01,1
ORD102027,CUST12300,2025-01-13,Delhi,Delhi,Chennai,265.6,Electronics,5,3.76,Road,Shadowfax,1130.88,285.85,11.45,2025-01-15,2025-01-20,2025-01-20,Delivered,4.0,No,No,5,0,4.257831325301205,1416.73,1
ORD102565,CUST11483,2025-03-08,Mumbai,Mumbai,Kochi,360.7,Automotive,3,4.3,Air,Xpressbees,3339.81,392.52,7.32,2025-03-10,2025-03-12,2025-03-12,Delivered,5.0,No,No,2,0,9.259245910729138,3732.33,1
ORD101023,CUST10928,2025-07-16,Hyderabad,Hyderabad,Kochi,272.1,Automotive,2,1.35,Rail,Shadowfax,902.45,258.05,5.48,2025-07-18,2025-07-26,2025-07-26,Delivered,5.0,No,No,8,0,3.316611539875046,1160.5,1
ORD100455,CUST10578,2025-12-12,Hyderabad,Hyderabad,Nagpur,578.9,Sports,3,2.69,Road,Xpressbees,2291.12,668.38,7.49,2025-12-14,2025-12-19,2025-12-19,Delivered,5.0,No,No,5,0,3.9577129037830368,2959.5,1
ORD100327,CUST10720,2025-07-14,Chennai,Chennai,Coimbatore,293.8,Sports,1,0.43,Air,Delhivery,2735.84,260.89,9.68,2025-07-17,2025-07-20,2025-07-20,Delivered,5.0,No,No,3,0,9.311912865895167,2996.73,1
ORD102872,CUST12356,2025-10-19,Hyderabad,Hyderabad,Pune,156.3,Automotive,3,11.89,Road,Xpressbees,866.11,133.22,4.96,2025-10-21,2025-10-27,2025-10-27,Delivered,4.0,Yes,No,6,0,5.541330774152271,999.33,1
ORD101194,CUST11936,2025-10-22,Chennai,Chennai,Jaipur,265.5,Electronics,6,2.14,Express,Ecom Express,2045.96,240.43,8.51,2025-10-25,2025-10-29,2025-11-03,Delayed,4.0,No,No,9,5,7.706064030131827,2286.39,0
ORD102839,CUST11082,2025-04-27,Hyderabad,Hyderabad,Jaipur,451.5,Grocery,7,7.37,Air,Dtdc,4442.54,407.85,4.11,2025-04-29,2025-05-01,2025-05-01,Delivered,5.0,No,No,2,0,9.83951273532669,4850.39,1
ORD103082,CUST11119,2025-11-07,Pune,Pune,Kochi,176.5,Grocery,5,3.08,Rail,Ecom Express,553.38,95.32,13.74,2025-11-09,2025-11-16,2025-11-22,Delayed,3.0,No,No,13,6,3.1352974504249294,648.7,0
ORD103251,CUST11557,2025-10-20,Bengaluru,Bengaluru,Indore,119.1,Automotive,4,3.2,Road,Blue Dart,657.13,210.94,7.97,2025-10-23,2025-10-28,2025-10-28,Delivered,3.0,No,No,5,0,5.517464315701091,868.0699999999999,1
ORD101838,CUST10664,2025-06-28,Mumbai,Mumbai,Bengaluru,605.2,Electronics,7,7.47,Air,Shadowfax,5700.27,640.13,8.96,2025-06-30,2025-07-04,2025-07-04,Delivered,5.0,Yes,No,4,0,9.4188202247191,6340.400000000001,1
ORD103662,CUST12740,2025-02-23,Pune,Pune,Jaipur,257.8,Grocery,6,2.88,Road,Ecom Express,1252.79,233.41,6.79,2025-02-25,2025-03-02,2025-03-02,Delivered,4.0,No,No,5,0,4.859542280837858,1486.2,1
ORD103604,CUST10870,2025-04-11,Chennai,Chennai,Visakhapatnam,482.6,Electronics,6,10.43,Rail,Shadowfax,1810.5,430.96,7.74,2025-04-13,2025-04-20,2025-04-20,Delivered,4.0,No,No,7,0,3.751554082055532,2241.46,1
ORD103290,CUST11866,2025-12-15,Bengaluru,Bengaluru,Surat,214.8,Clothing,4,1.64,Express,Dtdc,1604.41,203.25,10.24,2025-12-18,2025-12-19,2025-12-19,Delivered,4.0,No,No,1,0,7.469320297951583,1807.66,1
ORD104273,CUST10532,2025-02-16,Chennai,Chennai,Hyderabad,346.0,Books,5,4.39,Rail,Ecom Express,1344.43,373.4,3.61,2025-02-18,2025-02-24,2025-02-24,Delivered,5.0,No,No,6,0,3.8856358381502893,1717.83,1
ORD103664,CUST12406,2025-04-14,Bengaluru,Bengaluru,Chennai,277.3,Home & Kitchen,7,4.69,Express,Shadowfax,2319.54,232.99,8.68,2025-04-16,2025-04-20,2025-04-20,Delivered,5.0,No,No,4,0,8.364731337901189,2552.5299999999997,1
ORD102936,CUST12753,2025-09-10,Delhi,Delhi,Visakhapatnam,109.2,Sports,1,3.61,Air,Dtdc,942.01,44.77,12.12,2025-09-12,2025-09-14,2025-09-14,Delivered,5.0,No,No,2,0,8.626465201465201,986.78,1
ORD100265,CUST10142,2025-09-21,Chennai,Chennai,Pune,1015.7,Sports,4,4.26,Rail,Xpressbees,3434.63,1008.36,10.48,2025-09-24,2025-10-02,2025-10-02,Delivered,5.0,No,No,8,0,3.381539824751403,4442.99,1
ORD100210,CUST12774,2025-04-06,Mumbai,Mumbai,Pune,549.1,Clothing,2,3.75,Express,Dtdc,3893.42,453.85,9.43,2025-04-08,2025-04-12,2025-04-12,Delivered,4.0,No,No,4,0,7.090548169732289,4347.27,1
ORD101118,CUST10907,2025-03-28,Bengaluru,Bengaluru,Mumbai,201.5,Clothing,6,7.45,Road,Shadowfax,1013.2,147.54,6.56,2025-03-30,2025-04-04,2025-04-04,Delivered,5.0,No,No,5,0,5.028287841191068,1160.74,1
ORD103021,CUST12595,2025-12-09,Delhi,Delhi,Visakhapatnam,319.7,Automotive,4,0.68,Road,Ecom Express,1528.49,275.0,12.11,2025-12-11,2025-12-16,2025-12-16,Delivered,4.0,No,No,5,0,4.781013450109477,1803.49,1
ORD102357,CUST10016,2025-04-23,Chennai,Chennai,Bengaluru,969.3,Electronics,4,4.93,Rail,Delhivery,3294.35,943.6,7.49,2025-04-25,2025-05-02,2025-05-02,Delivered,5.0,No,No,7,0,3.398689776127102,4237.95,1
ORD103098,CUST12412,2025-10-06,Pune,Pune,Hyderabad,569.0,Automotive,6,2.37,Rail,Dtdc,1871.4,398.44,9.26,2025-10-08,2025-10-15,2025-10-15,Delivered,4.0,No,No,7,0,3.288927943760984,2269.84,1
ORD101847,CUST10383,2025-01-26,Chennai,Chennai,Ahmedabad,89.9,Home & Kitchen,7,2.99,Road,Shadowfax,361.65,104.32,2.9,2025-01-28,2025-02-01,2025-02-01,Delivered,4.0,No,No,4,0,4.0228031145717456,465.96999999999997,1
ORD102595,CUST10893,2025-12-06,Chennai,Chennai,Bhopal,540.1,Electronics,6,10.42,Rail,Delhivery,1957.59,395.7,4.55,2025-12-08,2025-12-13,2025-12-13,Delivered,4.0,No,No,5,0,3.624495463802999,2353.29,1
ORD100991,CUST11229,2025-03-22,Chennai,Chennai,Mumbai,423.5,Home & Kitchen,5,6.2,Air,Delhivery,3981.35,392.65,8.47,2025-03-24,2025-03-26,2025-03-26,Delivered,5.0,No,No,2,0,9.401062573789845,4374.0,1
ORD103812,CUST10298,2025-09-08,Bengaluru,Bengaluru,Lucknow,0.0,Grocery,7,9.61,Road,Ecom Express,4229.23,670.22,7.49,2025-09-10,2025-09-15,2025-09-15,Delivered,4.0,No,No,5,0,0.0,4899.45,1
ORD101546,CUST11947,2025-02-21,Pune,Pune,Mumbai,326.2,Electronics,5,1.89,Road,Dtdc,1406.53,300.51,11.38,2025-02-24,2025-03-02,2025-03-02,Delivered,4.0,No,No,6,0,4.311863887185775,1707.04,1
ORD100086,CUST12190,2025-11-10,Hyderabad,Hyderabad,Chennai,540.1,Electronics,7,3.52,Road,Dtdc,2473.51,419.42,6.04,2025-11-13,2025-11-19,2025-11-24,Delayed,3.0,No,No,11,5,4.5797259766709875,2892.9300000000003,0
ORD103193,CUST10845,2025-01-25,Bengaluru,Bengaluru,Delhi,332.0,Grocery,3,5.97,Air,Dtdc,3093.57,313.27,9.09,2025-01-28,2025-01-30,2025-01-30,Delivered,4.0,No,No,2,0,9.317981927710845,3406.84,1
ORD101687,CUST12665,2025-03-20,Delhi,Delhi,Lucknow,104.0,Electronics,6,5.27,Express,Delhivery,1019.29,76.87,9.89,2025-03-22,2025-03-25,2025-03-25,Delivered,5.0,No,No,3,0,9.800865384615385,1096.1599999999999,1
ORD104492,CUST10866,2025-09-06,Pune,Pune,Bhopal,535.6,Sports,7,1.43,Air,Delhivery,4909.03,462.48,8.77,2025-09-08,2025-09-12,2025-09-12,Delivered,5.0,No,No,4,0,9.165477968633308,5371.51,1
ORD101320,CUST10948,2025-01-20,Pune,Pune,Vijayawada,740.0,Sports,4,6.08,Road,Ecom Express,3247.74,628.29,6.72,2025-01-22,2025-01-28,2025-01-28,Delivered,4.0,Yes,No,6,0,4.388837837837838,3876.0299999999997,1
ORD100872,CUST11326,2025-02-21,Hyderabad,Hyderabad,Ahmedabad,393.4,Clothing,7,9.97,Express,Dtdc,2930.39,260.26,5.82,2025-02-23,2025-02-26,2025-02-26,Delivered,4.0,No,No,3,0,7.448881545500763,3190.6499999999996,1
ORD101941,CUST11665,2025-04-09,Bengaluru,Bengaluru,Pune,229.3,Beauty,7,12.16,Road,Ecom Express,1331.73,225.78,9.23,2025-04-11,2025-04-17,2025-04-19,Delayed,4.0,No,No,8,2,5.8078063672045355,1557.51,0
ORD101768,CUST10049,2025-03-19,Hyderabad,Hyderabad,Chennai,487.6,Sports,4,1.14,Road,Ecom Express,2197.83,424.07,3.16,2025-03-20,2025-03-24,2025-03-24,Delivered,4.0,No,No,4,0,4.507444626743232,2621.9,1
ORD102864,CUST12205,2025-04-04,Hyderabad,Hyderabad,Chennai,118.9,Books,6,9.0,Road,Dtdc,721.26,111.95,8.3,2025-04-07,2025-04-12,2025-04-19,Delayed,3.0,No,No,12,7,6.066105971404541,833.21,0
ORD100687,CUST11809,2025-12-02,Pune,Pune,Indore,426.9,Books,6,2.8,Air,Blue Dart,4021.57,337.49,6.9,2025-12-03,2025-12-06,2025-12-06,Delivered,5.0,No,No,3,0,9.420402904661515,4359.06,1
ORD104962,CUST12680,2025-07-12,Chennai,Chennai,Indore,292.5,Books,6,6.25,Air,Dtdc,2749.52,215.46,8.67,2025-07-13,2025-07-15,2025-07-15,Delivered,3.0,No,No,2,0,9.400068376068376,2964.98,1
ORD103249,CUST11795,2025-10-05,Delhi,Delhi,Kochi,62.4,Books,3,2.0,Air,Dtdc,604.63,56.23,9.86,2025-10-06,2025-10-09,2025-10-09,Delivered,5.0,No,No,3,0,9.689583333333333,660.86,1
ORD100232,CUST11890,2025-08-03,Bengaluru,Bengaluru,Delhi,265.4,Clothing,1,0.81,Express,Blue Dart,1969.32,303.69,7.53,2025-08-06,2025-08-09,2025-08-09,Delivered,5.0,No,No,3,0,7.420195930670686,2273.0099999999998,1
ORD102350,CUST12528,2025-01-26,Delhi,Delhi,Ahmedabad,146.6,Automotive,5,10.85,Express,Delhivery,1293.25,159.43,11.06,2025-01-28,2025-01-31,2025-01-31,Delivered,4.0,No,No,3,0,8.82162346521146,1452.68,1
ORD102801,CUST12742,2025-12-01,Hyderabad,Hyderabad,Mumbai,332.2,Automotive,6,2.75,Road,Dtdc,1492.55,364.72,7.15,2025-12-03,2025-12-07,2025-12-07,Delivered,4.0,No,No,4,0,4.492925948223961,1857.27,1
ORD102716,CUST12228,2025-05-10,Mumbai,Mumbai,Nagpur,305.9,Beauty,7,9.59,Express,Ecom Express,2299.61,250.02,12.68,2025-05-14,2025-05-18,2025-05-18,Delivered,4.0,No,No,4,0,7.517522066034653,2549.63,1
ORD100451,CUST11595,2025-08-17,Hyderabad,Hyderabad,Jaipur,569.3,Home & Kitchen,1,3.55,Road,Ecom Express,2625.64,641.65,7.28,2025-08-19,2025-08-25,2025-08-29,Delayed,3.0,No,No,10,4,4.612049885824697,3267.29,0
ORD101824,CUST10624,2025-05-07,Pune,Pune,Nagpur,1324.8,Electronics,4,6.39,Air,Dtdc,12135.51,945.13,0.0,2025-05-09,2025-05-14,2025-05-14,Delivered,4.0,No,No,5,0,9.160258152173913,13080.64,1
ORD102650,CUST11437,2025-06-12,Hyderabad,Hyderabad,Bengaluru,299.7,Clothing,5,0.57,Air,Dtdc,2764.21,355.86,5.01,2025-06-15,2025-06-18,2025-06-18,Delivered,5.0,No,No,3,0,9.223256589923258,3120.07,1
ORD100186,CUST11440,2025-03-12,Pune,Pune,Unknown,827.1,Sports,6,0.87,Express,Ecom Express,5837.28,714.99,10.42,2025-03-14,2025-03-20,2025-03-21,Delayed,3.0,No,No,7,1,7.057526296699311,6552.2699999999995,0
ORD104846,CUST11281,2025-09-10,Bengaluru,Bengaluru,Lucknow,200.7,Books,6,13.14,Road,Dtdc,1008.54,224.95,8.69,2025-09-12,2025-09-18,2025-09-18,Delivered,5.0,No,No,6,0,5.025112107623318,1233.49,1
ORD101683,CUST11044,2025-05-29,Bengaluru,Bengaluru,Surat,243.2,Home & Kitchen,5,6.17,Air,Blue Dart,2372.4,179.97,6.68,2025-06-01,2025-06-02,2025-06-02,Delivered,5.0,No,No,1,0,9.754934210526317,2552.37,1
ORD102964,CUST10566,2025-10-21,Delhi,Delhi,Kolkata,121.4,Grocery,3,5.19,Air,Dtdc,1146.59,108.57,11.8,2025-10-23,2025-10-25,2025-10-30,Delayed,3.0,No,No,7,5,9.44472817133443,1255.1599999999999,0
ORD104046,CUST11555,2025-08-03,Mumbai,Mumbai,Bhopal,156.7,Books,3,2.97,Air,Delhivery,1692.17,190.76,9.65,2025-08-05,2025-08-06,2025-08-07,Delayed,2.0,No,No,2,1,10.798787492022974,1882.93,0
ORD103413,CUST10583,2025-08-01,Mumbai,Mumbai,Lucknow,236.5,Electronics,3,3.59,Road,Dtdc,1088.91,168.21,7.98,2025-08-04,2025-08-09,2025-08-09,Delivered,5.0,No,No,5,0,4.604270613107823,1257.1200000000001,1
ORD102117,CUST10599,2025-02-12,Chennai,Chennai,Kolkata,434.8,Grocery,7,6.26,Rail,Xpressbees,1572.42,507.95,4.35,2025-02-14,2025-02-20,2025-02-20,Delivered,5.0,No,No,6,0,3.6164213431462744,2080.37,1
ORD103415,CUST11113,2025-01-09,Pune,Pune,Delhi,423.0,Clothing,1,1.09,Air,Blue Dart,3748.86,314.4,5.51,2025-01-11,2025-01-14,2025-01-14,Delivered,4.0,No,No,3,0,8.862553191489361,4063.26,1
ORD104494,CUST11436,2025-06-26,Chennai,Chennai,Mumbai,185.2,Beauty,3,1.08,Road,Xpressbees,762.61,188.69,6.97,2025-06-28,2025-07-03,2025-07-03,Delivered,5.0,No,No,5,0,4.117764578833694,951.3,1
ORD103177,CUST12321,2025-02-05,Bengaluru,Bengaluru,Unknown,549.7,Home & Kitchen,1,3.27,Road,Shadowfax,2466.7,495.54,7.05,2025-02-08,2025-02-14,2025-02-14,Delivered,5.0,Yes,No,6,0,4.487356740040021,2962.24,1
ORD101947,CUST11000,2025-03-13,Delhi,Delhi,Visakhapatnam,364.6,Clothing,2,3.34,Rail,Dtdc,1241.48,322.86,12.43,2025-03-16,2025-03-21,2025-03-21,Delivered,4.0,No,No,5,0,3.405046626439934,1564.3400000000001,1
ORD103255,CUST10120,2025-11-12,Chennai,Chennai,Vijayawada,111.8,Electronics,4,1.93,Road,Xpressbees,625.31,90.36,3.14,2025-11-13,2025-11-18,2025-11-18,Delivered,5.0,No,No,5,0,5.5931127012522355,715.67,1
ORD102215,CUST12481,2025-10-16,Pune,Pune,Vijayawada,254.1,Books,5,3.36,Road,Delhivery,1111.2,320.73,12.05,2025-10-18,2025-10-22,2025-10-22,Delivered,5.0,No,No,4,0,4.373081463990555,1431.93,1
ORD100014,CUST10940,2025-06-22,Hyderabad,Hyderabad,Mumbai,296.2,Books,5,2.28,Express,Shadowfax,2140.73,351.42,12.05,2025-06-25,2025-06-28,2025-06-28,Delivered,4.0,No,No,3,0,7.227312626603647,2492.15,1
ORD102012,CUST12730,2025-10-31,Mumbai,Mumbai,Jaipur,567.9,Automotive,2,10.34,Express,Blue Dart,4220.09,383.27,9.92,2025-11-03,2025-11-06,2025-11-06,Delivered,3.0,No,No,3,0,7.43104419792217,4603.360000000001,1
ORD102272,CUST11533,2025-08-21,Pune,Pune,Delhi,431.7,Grocery,1,6.85,Express,Dtdc,3089.02,343.88,8.74,2025-08-23,2025-08-27,2025-08-27,Delivered,5.0,No,No,4,0,7.155478341440816,3432.9,1
ORD104729,CUST11510,2025-04-11,Bengaluru,Bengaluru,Kolkata,804.2,Home & Kitchen,3,4.43,Road,Dtdc,3500.99,744.95,8.61,2025-04-14,2025-04-20,2025-04-20,Delivered,5.0,No,No,6,0,4.353382243223078,4245.94,1
ORD101823,CUST10038,2025-04-15,Delhi,Delhi,Chennai,233.1,Home & Kitchen,5,2.46,Rail,Delhivery,709.12,202.82,7.6,2025-04-16,2025-04-23,2025-04-23,Delivered,4.0,No,No,7,0,3.0421278421278424,911.94,1
ORD101263,CUST11322,2025-08-01,Bengaluru,Bengaluru,Chennai,220.9,Automotive,2,3.04,Road,Delhivery,949.87,102.9,10.63,2025-08-04,2025-08-09,2025-08-15,Delayed,3.0,No,No,11,6,4.3,1052.77,0
ORD100229,CUST10697,2025-04-16,Chennai,Chennai,Bengaluru,308.5,Beauty,6,4.68,Road,Ecom Express,1443.03,259.97,7.47,2025-04-19,2025-04-24,2025-04-24,Delivered,5.0,No,No,5,0,4.677568881685575,1703.0,1
ORD100745,CUST11586,2025-03-24,Delhi,Delhi,Jaipur,757.9,Home & Kitchen,5,3.05,Express,Dtdc,5540.5,581.05,8.57,2025-03-26,2025-03-30,2025-03-30,Delivered,5.0,No,No,4,0,7.310331178255707,6121.55,1
ORD104364,CUST10912,2025-06-20,Pune,Pune,Ahmedabad,434.8,Beauty,3,6.19,Road,Xpressbees,1993.24,450.37,6.76,2025-06-22,2025-06-28,2025-07-01,Delayed,3.0,No,No,9,3,4.584268629254829,2443.61,0
ORD102894,CUST11126,2025-08-09,Hyderabad,Hyderabad,Bhopal,157.7,Beauty,5,4.06,Rail,Shadowfax,539.7,61.43,8.01,2025-08-12,2025-08-17,2025-08-17,Delivered,4.0,No,No,5,0,3.422320862396957,601.13,1
ORD103703,CUST12060,2025-03-08,Pune,Pune,Jaipur,357.1,Sports,2,0.81,Road,Blue Dart,1458.97,311.65,10.8,2025-03-10,2025-03-16,2025-03-16,Delivered,4.0,No,No,6,0,4.08560627275273,1770.62,1
ORD101619,CUST11257,2025-10-10,Mumbai,Mumbai,Coimbatore,228.7,Clothing,3,2.95,Express,Shadowfax,1710.79,183.66,11.23,2025-10-13,2025-10-16,2025-10-16,Delivered,5.0,No,No,3,0,7.480498469610844,1894.45,1
ORD102021,CUST10316,2025-07-15,Delhi,Delhi,Chennai,341.1,Grocery,6,5.8,Express,Dtdc,2447.13,303.49,10.13,2025-07-17,2025-07-21,2025-07-21,Delivered,4.0,No,No,4,0,7.174230430958663,2750.62,1
ORD104788,CUST12736,2025-05-21,Hyderabad,Hyderabad,Bengaluru,111.4,Clothing,7,2.36,Road,Ecom Express,574.26,145.21,10.39,2025-05-23,2025-05-28,2025-05-28,Delivered,4.0,No,No,5,0,5.154937163375224,719.47,1
ORD104022,CUST12378,2025-10-21,Pune,Pune,Visakhapatnam,250.7,Grocery,2,4.57,Air,Ecom Express,2226.38,264.1,7.76,2025-10-24,2025-10-26,2025-10-26,Delivered,4.0,No,No,2,0,8.88065416832868,2490.48,1
ORD101422,CUST11211,2025-08-12,Bengaluru,Bengaluru,Coimbatore,865.0,Automotive,4,1.79,Express,Shadowfax,6147.23,632.95,12.36,2025-08-15,2025-08-20,2025-08-20,Delivered,5.0,No,No,5,0,7.106624277456647,6780.179999999999,1
ORD100117,CUST10073,2025-04-30,Hyderabad,Hyderabad,Coimbatore,388.1,Electronics,2,15.15,Air,Dtdc,3820.42,411.58,6.34,2025-05-02,2025-05-04,2025-05-04,Delivered,4.0,No,No,2,0,9.843906209739757,4232.0,1
ORD101487,CUST12187,2025-07-25,Pune,Pune,Indore,214.3,Books,6,6.75,Road,Xpressbees,1072.14,205.89,11.37,2025-07-28,2025-08-02,2025-08-04,Delayed,4.0,No,No,7,2,5.002986467568829,1278.0300000000002,0
ORD102606,CUST10384,2025-11-18,Chennai,Chennai,Kochi,360.9,Sports,5,7.83,Road,Shadowfax,1767.06,448.32,6.99,2025-11-20,2025-11-26,2025-11-26,Delivered,5.0,No,No,6,0,4.896259351620948,2215.38,1
ORD103282,CUST11868,2025-10-09,Chennai,Chennai,Ahmedabad,236.8,Automotive,5,1.58,Rail,Blue Dart,753.7,282.42,4.02,2025-10-11,2025-10-17,2025-10-19,Delayed,4.0,No,No,8,2,3.18285472972973,1036.1200000000001,0
ORD100298,CUST11982,2025-07-27,Pune,Pune,Mumbai,745.1,Electronics,3,10.91,Road,Blue Dart,3324.1,743.96,9.42,2025-07-30,2025-08-05,2025-08-05,Delivered,5.0,No,No,6,0,4.461280365051671,4068.06,1
ORD103314,CUST11896,2025-10-15,Hyderabad,Hyderabad,Nagpur,190.2,Automotive,7,1.36,Express,Blue Dart,1575.97,158.41,4.69,2025-10-17,2025-10-20,2025-10-20,Delivered,4.0,No,No,3,0,8.285856992639328,1734.38,1
ORD100048,CUST11860,2025-11-28,Delhi,Delhi,Kolkata,535.8,Grocery,5,6.74,Road,Dtdc,2389.23,476.91,7.46,2025-11-30,2025-12-06,2025-12-06,Delivered,5.0,No,No,6,0,4.459182530795073,2866.14,1
ORD104007,CUST10115,2025-08-28,Chennai,Chennai,Bhopal,205.8,Electronics,3,2.12,Rail,Ecom Express,818.87,270.23,5.4,2025-08-30,2025-09-04,2025-09-04,Delivered,4.0,No,No,5,0,3.9789601554907676,1089.1,1
ORD101761,CUST10989,2025-03-08,Chennai,Chennai,Hyderabad,449.6,Automotive,4,3.09,Air,Ecom Express,4202.81,384.18,7.72,2025-03-10,2025-03-14,2025-03-14,Delivered,3.0,No,No,4,0,9.347887010676157,4586.990000000001,1
ORD103549,CUST11180,2025-03-28,Bengaluru,Bengaluru,Mumbai,558.7,Electronics,5,3.39,Road,Blue Dart,2420.6,616.68,6.55,2025-03-30,2025-04-05,2025-04-05,Delivered,3.0,No,No,6,0,4.332557723286199,3037.2799999999997,1
ORD104361,CUST12659,2025-10-04,Hyderabad,Hyderabad,Jaipur,199.6,Grocery,2,6.64,Road,Dtdc,961.97,149.51,6.05,2025-10-05,2025-10-10,2025-10-10,Delivered,4.0,No,No,5,0,4.8194889779559125,1111.48,1
ORD103772,CUST10092,2025-08-08,Mumbai,Mumbai,Chennai,523.7,Grocery,7,7.48,Rail,Blue Dart,1872.69,469.96,8.32,2025-08-10,2025-08-17,2025-08-17,Delivered,4.0,No,No,7,0,3.575883139201833,2342.65,1
ORD104551,CUST10326,2025-12-27,Mumbai,Mumbai,Visakhapatnam,219.7,Sports,6,5.45,Road,Xpressbees,1115.47,174.5,5.58,2025-12-30,2026-01-05,2026-01-05,Delivered,3.0,No,No,6,0,5.077241693218025,1289.97,1
ORD104531,CUST10823,2025-07-11,Mumbai,Mumbai,Coimbatore,502.6,Home & Kitchen,7,6.57,Express,Blue Dart,3725.04,418.15,10.57,2025-07-14,2025-07-19,2025-07-19,Delivered,4.0,No,No,5,0,7.4115399920413845,4143.19,1
ORD104702,CUST12755,2025-10-11,Mumbai,Mumbai,Jaipur,359.2,Books,3,4.84,Road,Blue Dart,1642.97,0.0,5.43,2025-10-13,2025-10-17,2025-10-17,Delivered,5.0,No,Yes,4,0,4.573969933184856,1642.97,1
ORD102684,CUST10627,2025-04-24,Chennai,Chennai,Hyderabad,149.9,Electronics,1,8.9,Road,Delhivery,708.33,116.16,6.53,2025-04-27,2025-05-03,2025-05-03,Delivered,5.0,No,No,6,0,4.725350233488993,824.49,1
ORD104059,CUST11983,2025-09-23,Hyderabad,Hyderabad,Bengaluru,282.3,Electronics,7,2.59,Air,Shadowfax,2631.26,292.63,7.95,2025-09-26,2025-09-29,2025-09-29,Delivered,5.0,No,No,3,0,9.32079348211123,2923.8900000000003,1
ORD103121,CUST10593,2025-08-26,Delhi,Delhi,Bengaluru,354.7,Grocery,1,9.82,Road,Ecom Express,1712.85,326.66,11.0,2025-08-28,2025-09-04,2025-09-04,Delivered,4.0,No,No,7,0,4.8290104313504365,2039.51,1
ORD101929,CUST11804,2025-10-31,Chennai,Chennai,Visakhapatnam,222.6,Electronics,4,1.89,Air,Shadowfax,1927.32,259.04,6.67,2025-11-01,2025-11-04,2025-11-04,Delivered,5.0,No,No,3,0,8.65822102425876,2186.36,1
ORD100744,CUST12446,2025-07-21,Mumbai,Mumbai,Nagpur,291.3,Home & Kitchen,1,3.14,Express,Delhivery,2090.45,278.61,12.12,2025-07-24,2025-07-27,2025-07-27,Delivered,4.0,No,No,3,0,7.17627875042911,2369.06,1
ORD100417,CUST12765,2025-02-23,Hyderabad,Hyderabad,Coimbatore,480.3,Beauty,3,18.96,Road,Shadowfax,2300.73,502.43,4.57,2025-02-24,2025-03-01,2025-03-01,Delivered,5.0,No,No,5,0,4.7901936289818865,2803.16,1
ORD103466,CUST11815,2025-03-29,Chennai,Chennai,Vijayawada,431.2,Beauty,5,6.9,Air,Dtdc,4056.05,260.81,6.04,2025-03-30,2025-04-02,2025-04-02,Delivered,5.0,No,No,3,0,9.406423933209648,4316.860000000001,1
ORD100203,CUST11586,2025-12-11,Bengaluru,Bengaluru,Vijayawada,363.1,Home & Kitchen,7,0.86,Road,Blue Dart,1618.65,325.4,11.01,2025-12-14,2025-12-19,2025-12-19,Delivered,5.0,No,No,5,0,4.457862847700358,1944.0500000000002,1
ORD103519,CUST12246,2025-06-27,Bengaluru,Bengaluru,Lucknow,166.0,Grocery,6,3.91,Road,Blue Dart,810.66,92.35,11.02,2025-06-30,2025-07-04,2025-07-04,Delivered,3.0,No,No,4,0,4.8834939759036144,903.01,1
ORD100317,CUST11388,2025-09-07,Bengaluru,Bengaluru,Kochi,826.1,Automotive,3,8.01,Road,Blue Dart,3500.22,654.83,4.69,2025-09-10,2025-09-17,2025-09-17,Delivered,4.0,No,No,7,0,4.237041520397046,4155.05,1
ORD102368,CUST10291,2025-09-11,Delhi,Delhi,Kochi,707.9,Grocery,7,6.35,Road,Dtdc,3237.33,667.33,0.0,2025-09-13,2025-09-19,2025-09-19,Delivered,5.0,No,No,6,0,4.573145924565616,3904.66,1
ORD100379,CUST11932,2025-03-27,Mumbai,Mumbai,Nagpur,383.1,Clothing,4,12.34,Road,Blue Dart,1785.02,139.88,11.63,2025-03-30,2025-04-05,2025-04-05,Delivered,5.0,No,No,6,0,4.659410075698251,1924.9,1
ORD102518,CUST10691,2025-03-01,Bengaluru,Bengaluru,Surat,119.9,Grocery,2,4.64,Road,Xpressbees,503.32,72.9,6.78,2025-03-04,2025-03-10,2025-03-10,Delivered,4.0,No,No,6,0,4.197831526271893,576.22,1
ORD104306,CUST10009,2025-07-02,Chennai,Chennai,Hyderabad,239.1,Clothing,7,6.55,Express,Xpressbees,1800.37,218.11,4.45,2025-07-03,2025-07-05,2025-07-05,Delivered,5.0,No,No,2,0,7.529778335424508,2018.48,1
ORD103339,CUST10171,2025-10-30,Hyderabad,Hyderabad,Surat,229.4,Automotive,6,8.65,Road,Dtdc,1206.1,236.83,7.46,2025-10-31,2025-11-04,2025-11-05,Delayed,3.0,Yes,No,5,1,5.257628596338273,1442.9299999999998,0
ORD100576,CUST12704,2025-11-26,Pune,Pune,Hyderabad,244.1,Automotive,6,12.27,Rail,Ecom Express,1078.47,231.82,9.38,2025-11-29,2025-12-04,2025-12-04,Delivered,4.0,No,No,5,0,4.4181482998771,1310.29,1
ORD103909,CUST12353,2025-06-07,Hyderabad,Hyderabad,Visakhapatnam,1226.4,Clothing,4,1.95,Road,Ecom Express,5187.22,1216.85,11.35,2025-06-10,2025-06-16,2025-06-16,Delivered,4.0,No,No,6,0,4.229631441617743,6404.07,1
ORD102138,CUST12693,2025-07-17,Delhi,Delhi,Jaipur,333.1,Electronics,3,6.34,Air,Shadowfax,3208.8,296.32,7.18,2025-07-19,2025-07-22,2025-07-22,Delivered,4.0,No,Yes,3,0,9.633143200240168,3505.1200000000003,1
ORD103543,CUST11280,2025-05-19,Pune,Pune,Jaipur,336.3,Sports,3,2.7,Express,Ecom Express,2202.89,322.17,7.86,2025-05-21,2025-05-25,2025-05-25,Delivered,5.0,No,No,4,0,6.550371691941718,2525.06,1
ORD101498,CUST11908,2025-12-13,Hyderabad,Hyderabad,Lucknow,778.0,Sports,2,4.25,Rail,Xpressbees,2593.96,664.27,11.03,2025-12-15,2025-12-22,2025-12-24,Delayed,4.0,No,No,9,2,3.33413881748072,3258.23,0
ORD102321,CUST12618,2025-07-18,Hyderabad,Hyderabad,Bengaluru,159.2,Clothing,5,7.79,Express,Shadowfax,1481.98,154.58,6.46,2025-07-20,2025-07-23,2025-07-23,Delivered,4.0,No,No,3,0,9.30891959798995,1636.56,1
ORD101353,CUST11579,2025-04-01,Bengaluru,Bengaluru,Lucknow,393.4,Automotive,6,4.29,Road,Xpressbees,1793.49,284.15,8.42,2025-04-03,2025-04-07,2025-04-09,Delayed,3.0,No,No,6,2,4.558947635993899,2077.64,0
ORD103968,CUST11693,2025-08-25,Chennai,Chennai,Nagpur,434.8,Beauty,6,4.15,Road,Xpressbees,2002.29,452.48,6.56,2025-08-27,2025-09-02,2025-09-02,Delivered,3.0,No,No,6,0,4.605082796688133,2454.77,1
ORD102669,CUST10687,2025-12-19,Hyderabad,Hyderabad,Kochi,603.1,Sports,3,13.84,Road,Delhivery,2857.93,695.87,8.8,2025-12-21,2025-12-27,2025-12-27,Delivered,4.0,No,No,6,0,4.738733211739346,3553.7999999999997,1
ORD103709,CUST10529,2025-03-17,Hyderabad,Hyderabad,Mumbai,100.9,Electronics,6,4.48,Road,Xpressbees,485.58,81.72,6.23,2025-03-18,2025-03-22,2025-03-22,Delivered,4.0,No,Yes,4,0,4.812487611496531,567.3,1
ORD101527,CUST11406,2025-04-25,Delhi,Delhi,Pune,292.2,Electronics,4,22.72,Road,Ecom Express,1634.1,270.95,7.4,2025-04-28,2025-05-02,2025-05-08,Delayed,4.0,No,No,10,6,5.592402464065708,1905.05,0
ORD100183,CUST12323,2025-06-16,Delhi,Delhi,Vijayawada,126.6,Beauty,7,7.77,Air,Dtdc,1338.91,111.38,14.96,2025-06-19,2025-06-21,2025-06-23,Delayed,4.0,No,No,4,2,10.575908372827806,1450.29,0
ORD100769,CUST10682,2025-10-12,Chennai,Chennai,Jaipur,288.9,Sports,6,1.25,Road,Xpressbees,1131.74,206.02,10.86,2025-10-14,2025-10-19,2025-10-19,Delivered,4.0,No,No,5,0,3.9174108688127385,1337.76,1
ORD101123,CUST11102,2025-11-19,Hyderabad,Hyderabad,Jaipur,336.0,Beauty,3,1.22,Road,Blue Dart,1482.65,284.01,4.63,2025-11-21,2025-11-25,2025-11-25,Delivered,4.0,No,No,4,0,4.41264880952381,1766.66,1
ORD104605,CUST11619,2025-11-09,Pune,Pune,Visakhapatnam,859.7,Electronics,5,5.05,Road,Blue Dart,3713.3,688.99,7.27,2025-11-12,2025-11-19,2025-11-19,Delivered,4.0,No,No,7,0,4.319297429335815,4402.29,1
ORD104119,CUST10034,2025-06-11,Mumbai,Mumbai,Kochi,286.9,Books,6,1.31,Rail,Dtdc,892.61,227.8,13.03,2025-06-14,2025-06-20,2025-06-24,Delayed,4.0,No,No,10,4,3.1112234227953994,1120.41,0
ORD101120,CUST11656,2025-11-01,Pune,Pune,Delhi,278.9,Beauty,1,14.65,Road,Shadowfax,1309.54,282.95,9.44,2025-11-03,2025-11-08,2025-11-08,Delivered,4.0,No,No,5,0,4.6953746862674794,1592.49,1
ORD102402,CUST11415,2025-08-11,Hyderabad,Hyderabad,Nagpur,357.9,Sports,7,3.45,Rail,Shadowfax,1271.55,295.51,6.65,2025-08-13,2025-08-17,2025-08-17,Delivered,5.0,No,No,4,0,3.5528080469404864,1567.06,1
ORD104644,CUST11260,2025-12-02,Mumbai,Mumbai,Vijayawada,537.2,Automotive,1,2.06,Air,Blue Dart,4913.98,508.55,8.33,2025-12-03,2025-12-06,2025-12-06,Delivered,4.0,No,No,3,0,9.147393894266566,5422.53,1
ORD101289,CUST12308,2025-11-06,Mumbai,Mumbai,Indore,443.2,Home & Kitchen,7,6.55,Road,Shadowfax,2060.9,465.95,11.19,2025-11-09,2025-11-15,2025-11-16,Delayed,2.0,No,No,7,1,4.650045126353791,2526.85,0
ORD101364,CUST12451,2025-02-11,Pune,Pune,Kochi,353.9,Books,7,4.99,Rail,Delhivery,1251.07,389.63,8.2,2025-02-13,2025-02-18,2025-02-20,Delayed,4.0,No,No,7,2,3.535094659508336,1640.6999999999998,0
ORD104516,CUST10239,2025-06-11,Hyderabad,Hyderabad,Ahmedabad,486.8,Home & Kitchen,6,11.19,Rail,Blue Dart,1748.08,380.47,7.76,2025-06-13,2025-06-19,2025-06-19,Delivered,4.0,No,No,6,0,3.590961380443714,2128.55,1
ORD104182,CUST11901,2025-07-23,Hyderabad,Hyderabad,Pune,423.0,Electronics,2,4.37,Road,Dtdc,1877.49,341.15,6.79,2025-07-25,2025-07-31,2025-07-31,Delivered,5.0,No,No,6,0,4.438510638297872,2218.64,1
ORD100370,CUST11924,2025-03-12,Delhi,Delhi,Chennai,545.4,Books,4,3.75,Air,Shadowfax,5106.79,416.13,11.48,2025-03-14,2025-03-18,2025-03-18,Delivered,4.0,No,No,4,0,9.363384671800514,5522.92,1
ORD101294,CUST12703,2025-07-11,Hyderabad,Hyderabad,Vijayawada,659.2,Books,3,5.73,Rail,Delhivery,2086.48,433.46,7.64,2025-07-13,2025-07-18,2025-07-18,Delivered,5.0,No,No,5,0,3.1651699029126212,2519.94,1
ORD102467,CUST11456,2025-03-08,Hyderabad,Hyderabad,Coimbatore,525.3,Clothing,1,11.09,Road,Dtdc,2407.7,418.58,8.56,2025-03-11,2025-03-17,2025-03-19,Delayed,4.0,No,No,8,2,4.583476108890158,2826.2799999999997,0
ORD102450,CUST12542,2025-03-01,Delhi,Delhi,Nagpur,271.0,Grocery,3,13.04,Road,Xpressbees,1301.89,272.84,13.48,2025-03-03,2025-03-08,2025-03-10,Delayed,3.0,No,No,7,2,4.804022140221402,1574.73,0
ORD104830,CUST10582,2025-12-26,Bengaluru,Bengaluru,Chennai,211.8,Grocery,6,11.28,Road,Ecom Express,1183.73,172.42,7.19,2025-12-28,2026-01-03,2026-01-03,Delivered,4.0,No,No,6,0,5.58890462700661,1356.15,1
ORD103068,CUST12320,2025-03-08,Pune,Pune,Kolkata,1320.0,Books,3,2.25,Express,Blue Dart,9277.63,1327.87,7.67,2025-03-10,2025-03-16,2025-03-16,Delivered,4.0,No,No,6,0,7.028507575757575,10605.5,1
ORD104326,CUST11844,2025-05-21,Pune,Pune,Bengaluru,164.3,Grocery,3,5.25,Air,Xpressbees,1471.71,180.86,6.18,2025-05-23,2025-05-25,2025-05-25,Delivered,4.0,No,No,2,0,8.957455873402312,1652.5700000000002,1
ORD100790,CUST11448,2025-12-22,Bengaluru,Bengaluru,Chennai,237.2,Automotive,4,5.48,Road,Shadowfax,1083.71,264.67,7.52,2025-12-24,2025-12-29,2025-12-29,Delivered,5.0,No,No,5,0,4.568760539629006,1348.38,1
ORD100250,CUST12395,2025-07-30,Bengaluru,Bengaluru,Pune,411.7,Home & Kitchen,6,5.15,Air,Delhivery,3963.1,350.33,11.43,2025-08-02,2025-08-06,2025-08-06,Delivered,5.0,No,No,4,0,9.626184114646588,4313.43,1
ORD100365,CUST10212,2025-04-24,Pune,Pune,Kolkata,633.7,Books,6,14.63,Road,Dtdc,2875.88,620.3,7.39,2025-04-26,2025-05-01,2025-05-04,Delayed,3.0,No,No,8,3,4.538235758245226,3496.1800000000003,0
ORD104006,CUST11474,2025-03-10,Mumbai,Mumbai,Coimbatore,234.2,Sports,2,14.2,Air,Blue Dart,2541.76,228.4,9.16,2025-03-11,2025-03-12,2025-03-12,Delivered,5.0,No,No,1,0,10.852946199829207,2770.1600000000003,1
ORD103142,CUST11937,2025-07-21,Bengaluru,Bengaluru,Lucknow,140.7,Beauty,7,2.95,Air,Ecom Express,1374.45,137.77,4.99,2025-07-23,2025-07-24,2025-07-24,Delivered,5.0,Yes,No,1,0,9.768656716417912,1512.22,1
ORD102563,CUST12268,2025-02-16,Bengaluru,Bengaluru,Mumbai,366.7,Clothing,5,6.22,Road,Delhivery,1594.36,300.16,6.19,2025-02-19,2025-02-25,2025-02-25,Delivered,5.0,No,No,6,0,4.347859285519498,1894.52,1
ORD101044,CUST12048,2025-03-01,Pune,Pune,Visakhapatnam,428.7,Home & Kitchen,6,3.18,Air,Xpressbees,3946.14,433.8,9.58,2025-03-03,2025-03-06,2025-03-06,Delivered,4.0,No,No,3,0,9.204898530440868,4379.94,1
ORD104285,CUST11419,2025-10-14,Pune,Pune,Jaipur,448.9,Books,3,5.18,Rail,Shadowfax,1531.46,406.63,8.21,2025-10-16,2025-10-23,2025-10-24,Delayed,4.0,No,No,8,1,3.4115838716863447,1938.0900000000001,0
ORD101137,CUST11247,2025-09-07,Delhi,Delhi,Visakhapatnam,369.5,Home & Kitchen,3,6.07,Rail,Shadowfax,1319.18,324.6,12.07,2025-09-09,2025-09-16,2025-09-16,Delivered,5.0,No,No,7,0,3.570175913396482,1643.7800000000002,1
ORD103380,CUST11123,2025-05-03,Pune,Pune,Lucknow,288.4,Home & Kitchen,6,4.8,Road,Shadowfax,1403.68,286.71,8.89,2025-05-05,2025-05-10,2025-05-10,Delivered,5.0,No,No,5,0,4.867128987517337,1690.39,1
ORD100479,CUST11038,2025-08-09,Bengaluru,Bengaluru,Ahmedabad,350.1,Clothing,5,0.81,Road,Shadowfax,1408.49,363.39,8.71,2025-08-11,2025-08-17,2025-08-17,Delivered,5.0,No,No,6,0,4.023107683518995,1771.88,1
ORD102301,CUST11656,2025-12-03,Chennai,Chennai,Nagpur,770.7,Sports,4,2.05,Air,Xpressbees,6942.71,804.07,6.03,2025-12-05,2025-12-08,2025-12-08,Delivered,4.0,No,No,3,0,9.008317114311664,7746.78,1
ORD104431,CUST11456,2025-09-11,Mumbai,Mumbai,Surat,201.6,Books,7,3.75,Air,Delhivery,1921.97,212.42,6.67,2025-09-13,2025-09-17,2025-09-17,Delivered,4.0,No,No,4,0,9.533581349206349,2134.39,1
ORD103490,CUST12543,2025-12-19,Mumbai,Mumbai,Vijayawada,268.0,Home & Kitchen,2,9.75,Road,Xpressbees,1289.84,193.9,9.97,2025-12-21,2025-12-25,2025-12-25,Delivered,4.0,No,No,4,0,4.812835820895522,1483.74,1
ORD103116,CUST11548,2025-11-16,Delhi,Delhi,Coimbatore,354.5,Automotive,5,11.19,Road,Xpressbees,1671.45,315.49,7.41,2025-11-18,2025-11-23,2025-11-27,Delayed,4.0,No,No,9,4,4.7149506346967565,1986.94,0
ORD100911,CUST12297,2025-07-15,Chennai,Chennai,Nagpur,928.2,Home & Kitchen,5,6.19,Road,Blue Dart,4141.59,1039.07,7.13,2025-07-17,2025-07-24,2025-07-24,Delivered,4.0,No,No,7,0,4.461958629605689,5180.66,1
ORD101488,CUST10874,2025-10-18,Delhi,Delhi,Bhopal,164.8,Automotive,6,4.97,Road,Dtdc,837.68,168.31,11.33,2025-10-21,2025-10-25,2025-10-25,Delivered,5.0,No,No,4,0,5.083009708737864,1005.99,1
ORD100725,CUST11213,2025-09-08,Mumbai,Mumbai,Bengaluru,226.9,Clothing,7,3.9,Air,Blue Dart,2247.53,168.18,10.8,2025-09-11,2025-09-13,2025-09-13,Delivered,4.0,No,No,2,0,9.905376817981491,2415.71,1
ORD102337,CUST10205,2025-05-26,Hyderabad,Hyderabad,Bengaluru,237.4,Automotive,1,4.19,Express,Dtdc,1779.65,253.37,5.69,2025-05-29,2025-06-02,2025-06-02,Delivered,4.0,No,No,4,0,7.49641954507161,2033.02,1
ORD103779,CUST11771,2025-07-28,Chennai,Chennai,Bengaluru,437.2,Automotive,6,6.54,Road,Shadowfax,2061.83,381.66,9.8,2025-07-30,2025-08-05,2025-08-05,Delivered,5.0,No,No,6,0,4.715988106129918,2443.49,1
ORD103873,CUST11207,2025-02-19,Chennai,Chennai,Bhopal,78.6,Sports,5,4.43,Rail,Xpressbees,411.28,73.85,5.66,2025-02-21,2025-02-27,2025-02-27,Delivered,4.0,No,No,6,0,5.232569974554708,485.13,1
ORD103464,CUST10712,2025-11-06,Mumbai,Mumbai,Vijayawada,801.5,Beauty,1,0.51,Road,Shadowfax,0.0,688.81,9.26,2025-11-08,2025-11-13,2025-11-13,Delivered,5.0,No,No,5,0,0.0,688.81,1
ORD101551,CUST10973,2025-09-29,Pune,Pune,Hyderabad,692.6,Clothing,7,8.54,Road,Delhivery,3125.1,579.42,9.42,2025-10-01,2025-10-06,2025-10-06,Delivered,5.0,No,No,5,0,4.512128212532486,3704.52,1
ORD103981,CUST12544,2025-09-04,Pune,Pune,Mumbai,237.3,Sports,3,7.72,Express,Ecom Express,1885.4,173.97,11.12,2025-09-07,2025-09-09,2025-09-09,Delivered,5.0,No,No,2,0,7.945217024863043,2059.37,1
ORD100140,CUST10871,2025-01-23,Mumbai,Mumbai,Bhopal,207.3,Automotive,6,5.36,Rail,Dtdc,895.98,201.28,9.97,2025-01-26,2025-02-01,2025-02-01,Delivered,5.0,No,No,6,0,4.322141823444284,1097.26,1
ORD104172,CUST10838,2025-01-09,Pune,Pune,Vijayawada,120.9,Automotive,7,4.87,Rail,Dtdc,573.93,86.04,9.02,2025-01-11,2025-01-17,2025-01-17,Delivered,5.0,No,No,6,0,4.747146401985111,659.9699999999999,1
ORD101104,CUST10805,2025-07-17,Delhi,Delhi,Mumbai,217.5,Sports,3,0.64,Express,Blue Dart,1533.79,178.64,9.99,2025-07-19,2025-07-23,2025-07-23,Delivered,3.0,No,No,4,0,7.051908045977012,1712.4299999999998,1
ORD100535,CUST10554,2025-10-17,Bengaluru,Bengaluru,Jaipur,537.3,Home & Kitchen,6,14.24,Road,Ecom Express,2541.74,465.22,7.22,2025-10-19,2025-10-26,2025-10-26,Delivered,4.0,No,No,7,0,4.730578820026056,3006.96,1
ORD101083,CUST10477,2025-09-14,Hyderabad,Hyderabad,Bengaluru,161.0,Electronics,3,3.37,Rail,Shadowfax,567.54,170.31,5.0,2025-09-15,2025-09-22,2025-09-22,Delivered,4.0,No,No,7,0,3.525093167701863,737.8499999999999,1
ORD100366,CUST12052,2025-10-01,Chennai,Chennai,Ahmedabad,304.8,Home & Kitchen,6,4.6,Road,Delhivery,1514.29,210.12,7.53,2025-10-03,2025-10-09,2025-10-09,Delivered,4.0,No,No,6,0,4.968143044619422,1724.4099999999999,1
ORD101313,CUST12523,2025-02-22,Delhi,Delhi,Visakhapatnam,487.8,Beauty,7,4.84,Express,Shadowfax,3611.57,429.01,9.94,2025-02-24,2025-02-27,2025-02-27,Delivered,5.0,No,No,3,0,7.403792537925379,4040.58,1
ORD103367,CUST10790,2025-06-08,Bengaluru,Bengaluru,Jaipur,93.2,Clothing,5,9.19,Express,Shadowfax,978.42,133.11,2.55,2025-06-10,2025-06-14,2025-06-14,Delivered,5.0,No,No,4,0,10.498068669527896,1111.53,1
ORD100074,CUST10085,2025-10-31,Hyderabad,Hyderabad,Coimbatore,825.5,Grocery,5,7.11,Express,Blue Dart,6058.14,882.12,5.78,2025-11-02,2025-11-06,2025-11-06,Delivered,5.0,No,No,4,0,7.338752271350697,6940.26,1
ORD100260,CUST11097,2025-07-06,Hyderabad,Hyderabad,Kolkata,399.1,Clothing,5,1.94,Road,Dtdc,1757.11,321.2,6.59,2025-07-08,2025-07-13,2025-07-20,Delayed,3.0,No,No,12,7,4.402681032322725,2078.31,0
ORD101336,CUST12317,2025-04-22,Pune,Pune,Indore,276.5,Electronics,7,12.78,Road,Xpressbees,1370.87,207.21,7.9,2025-04-24,2025-04-29,2025-05-01,Delayed,4.0,No,No,7,2,4.957938517179023,1578.08,0
ORD103289,CUST12691,2025-03-04,Pune,Pune,Ahmedabad,335.7,Sports,2,3.59,Rail,Xpressbees,1111.9,299.51,8.69,2025-03-07,2025-03-14,2025-03-19,Delayed,3.0,No,No,12,5,3.3121834971700927,1411.41,0
ORD100292,CUST10045,2025-05-03,Pune,Pune,Jaipur,678.5,Beauty,7,20.56,Air,Shadowfax,6561.53,718.42,8.62,2025-05-06,2025-05-09,2025-05-09,Delivered,4.0,No,No,3,0,9.670641120117907,7279.95,1
ORD102275,CUST11367,2025-12-17,Hyderabad,Hyderabad,Kochi,677.9,Books,7,6.42,Road,Ecom Express,2984.84,400.89,5.88,2025-12-19,2025-12-27,2026-01-03,Delayed,3.0,No,No,15,7,4.403068299159169,3385.73,0
ORD101492,CUST11401,2025-07-31,Pune,Pune,Jaipur,91.0,Grocery,7,6.06,Rail,Shadowfax,505.45,20.0,8.95,2025-08-03,2025-08-10,2025-08-11,Delayed,3.0,No,No,8,1,5.554395604395604,525.45,0
ORD103722,CUST12499,2025-04-15,Chennai,Chennai,Coimbatore,728.5,Grocery,5,9.21,Road,Shadowfax,3212.39,654.94,6.04,2025-04-17,2025-04-24,2025-04-24,Delivered,4.0,No,No,7,0,4.409595058339053,3867.33,1
ORD101958,CUST10672,2025-02-08,Hyderabad,Hyderabad,Mumbai,639.9,Grocery,4,3.63,Rail,Blue Dart,2224.44,512.91,9.67,2025-02-11,2025-02-17,2025-02-17,Delivered,4.0,No,No,6,0,3.476230661040788,2737.35,1
ORD102530,CUST10669,2025-02-05,Bengaluru,Bengaluru,Bhopal,127.3,Beauty,1,3.98,Rail,Shadowfax,530.44,157.58,10.02,2025-02-07,2025-02-14,2025-02-14,Delivered,4.0,Yes,No,7,0,4.166849960722703,688.0200000000001,1
ORD104389,CUST10935,2025-07-02,Pune,Pune,Lucknow,381.4,Home & Kitchen,4,2.41,Road,Delhivery,1617.87,401.02,8.29,2025-07-05,2025-07-10,2025-07-10,Delivered,5.0,Yes,No,5,0,4.241924488725747,2018.8899999999999,1
ORD100976,CUST10660,2025-10-17,Delhi,Delhi,Bengaluru,150.0,Clothing,5,10.55,Road,Shadowfax,793.26,182.51,10.59,2025-10-20,2025-10-25,2025-10-25,Delivered,4.0,No,No,5,0,5.2884,975.77,1
ORD101985,CUST11721,2025-07-05,Mumbai,Mumbai,Pune,625.2,Home & Kitchen,7,3.17,Air,Xpressbees,5781.16,663.26,12.09,2025-07-08,2025-07-11,2025-07-14,Delayed,4.0,No,No,6,3,9.24689699296225,6444.42,0
ORD101270,CUST11701,2025-07-23,Chennai,Chennai,Lucknow,409.2,Clothing,6,2.1,Road,Blue Dart,1899.21,465.21,4.7,2025-07-24,2025-07-30,2025-08-02,Delayed,4.0,Yes,No,9,3,4.641275659824047,2364.42,0
ORD104393,CUST10864,2025-03-08,Chennai,Chennai,Kolkata,158.0,Grocery,6,11.25,Road,Ecom Express,1016.99,94.64,6.91,2025-03-09,2025-03-14,2025-03-14,Delivered,4.0,No,No,5,0,6.436645569620254,1111.63,1
ORD101274,CUST10398,2025-07-03,Mumbai,Mumbai,Delhi,607.5,Home & Kitchen,4,7.85,Rail,Blue Dart,2043.3,515.49,10.52,2025-07-07,2025-07-13,2025-07-13,Delivered,4.0,No,No,6,0,3.3634567901234567,2558.79,1
